item_id,dataset,is_correct,total_tokens,total_episodes,prop_forward,prop_verification,prop_backtrack,prop_restart,prop_hesitation,prop_subgoal,prop_conclusion,backtrack_count,verification_count,restart_count,vf_ratio,bt_position_mean,first_conclusion_pos,v_clustering,max_forward_run,transition_entropy,cycle_count,wait_ratio,question_mark_count,negation_count,repetition_rate_4gram
gpqa_0000,gpqa_diamond,1,2780.0,212.0,0.7358490566037735,0.009433962264150943,0.10849056603773585,0.0330188679245283,0.08018867924528301,0.009433962264150943,0.02358490566037736,23.0,2.0,7.0,0.01282051282051282,0.49948485472903353,0.7061611374407583,0.0,24.0,1.2040710572002296,114.0,0.012949640287769784,5.0,13.0,0.2203817068779258
gpqa_0001,gpqa_diamond,1,5331.0,538.0,0.49256505576208176,0.0055762081784386614,0.24349442379182157,0.1579925650557621,0.09107806691449814,0.0055762081784386614,0.0037174721189591076,131.0,3.0,85.0,0.011320754716981131,0.4432171947631029,0.9906890130353817,0.0,13.0,1.264518246580003,416.0,0.026636653535921966,45.0,113.0,0.22316066066066065
gpqa_0002,gpqa_diamond,1,1416.0,153.0,0.8627450980392157,0.006535947712418301,0.026143790849673203,0.026143790849673203,0.05228758169934641,0.013071895424836602,0.013071895424836602,4.0,1.0,4.0,0.007575757575757576,0.544407894736842,0.4473684210526316,0.0,29.0,0.6514032703562054,69.0,0.005649717514124294,2.0,4.0,0.03680113234253357
gpqa_0003,gpqa_diamond,0,843.0,65.0,0.8615384615384616,0.015384615384615385,0.03076923076923077,0.0,0.03076923076923077,0.0,0.06153846153846154,2.0,1.0,0.0,0.017857142857142856,0.4921875,0.65625,0.0,19.0,0.44650742387396736,26.0,0.0071174377224199285,9.0,6.0,0.09523809523809523
gpqa_0004,gpqa_diamond,1,1869.0,179.0,0.8770949720670391,0.01675977653631285,0.05027932960893855,0.0111731843575419,0.01675977653631285,0.01675977653631285,0.0111731843575419,9.0,3.0,2.0,0.01910828025477707,0.34207240948813983,0.9382022471910112,0.8545454545454545,54.0,0.47483566352957235,86.0,0.005350454788657036,4.0,8.0,0.12433011789924975
gpqa_0005,gpqa_diamond,0,8822.0,678.0,0.6563421828908554,0.02359882005899705,0.15781710914454278,0.030973451327433628,0.12094395280235988,0.007374631268436578,0.0029498525073746312,107.0,16.0,21.0,0.035955056179775284,0.5272574165849887,0.8257016248153619,0.7047173038418891,26.0,1.3370977382349467,472.0,0.017569712083427794,2.0,81.0,0.34561741694069625
gpqa_0006,gpqa_diamond,0,6735.0,528.0,0.7253787878787878,0.005681818181818182,0.15151515151515152,0.06439393939393939,0.04924242424242424,0.001893939393939394,0.001893939393939394,80.0,3.0,34.0,0.007832898172323759,0.5171726755218217,1.0,0.5421686746987951,24.0,1.1544136427653855,292.0,0.012323682256867112,8.0,59.0,0.1540404040404041
gpqa_0007,gpqa_diamond,0,4947.0,326.0,0.8496932515337423,0.0,0.049079754601226995,0.04294478527607362,0.05521472392638037,0.003067484662576687,0.0,16.0,0.0,14.0,0.0,0.4442307692307692,1.0,0.0,25.0,0.6961325516190991,229.0,0.004447139680614514,1.0,77.0,0.36933656957928807
gpqa_0008,gpqa_diamond,0,895.0,67.0,0.8059701492537313,0.014925373134328358,0.04477611940298507,0.0,0.1044776119402985,0.014925373134328358,0.014925373134328358,3.0,1.0,0.0,0.018518518518518517,0.5454545454545454,1.0,0.0,17.0,0.47960543533597316,16.0,0.004469273743016759,5.0,9.0,0.04484304932735428
gpqa_0009,gpqa_diamond,0,3217.0,297.0,0.632996632996633,0.006734006734006734,0.16498316498316498,0.026936026936026935,0.06734006734006734,0.003367003367003367,0.09764309764309764,49.0,2.0,8.0,0.010638297872340425,0.5052399338113625,0.48986486486486486,0.0,15.0,1.1176947840805573,270.0,0.0167858253030774,11.0,43.0,0.45084007467330434
gpqa_0010,gpqa_diamond,1,1206.0,91.0,0.6593406593406593,0.0,0.08791208791208792,0.0989010989010989,0.13186813186813187,0.0,0.02197802197802198,8.0,0.0,9.0,0.0,0.6,0.9333333333333333,0.0,28.0,0.9557844986840192,41.0,0.007462686567164179,1.0,43.0,0.05985037406483795
gpqa_0011,gpqa_diamond,1,1449.0,175.0,0.9314285714285714,0.011428571428571429,0.022857142857142857,0.005714285714285714,0.011428571428571429,0.011428571428571429,0.005714285714285714,4.0,2.0,1.0,0.012269938650306749,0.5545977011494253,1.0,0.0,64.0,0.536805619794979,74.0,0.004140786749482402,1.0,4.0,0.11894882434301524
gpqa_0012,gpqa_diamond,0,5892.0,450.0,0.47333333333333333,0.0,0.28888888888888886,0.07333333333333333,0.1622222222222222,0.0,0.0022222222222222222,130.0,0.0,33.0,0.0,0.47054994003769046,1.0,0.0,11.0,1.4650408712743306,362.0,0.027664630006788867,12.0,110.0,0.38037018169468506
gpqa_0013,gpqa_diamond,1,502.0,28.0,0.9642857142857143,0.0,0.0,0.0,0.03571428571428571,0.0,0.0,0.0,0.0,0.0,0.0,0.0,1.0,0.0,18.0,0.11759669090962072,0.0,0.00398406374501992,3.0,3.0,0.01002004008016033
gpqa_0014,gpqa_diamond,1,9046.0,744.0,0.7741935483870968,0.004032258064516129,0.14112903225806453,0.030913978494623656,0.03225806451612903,0.004032258064516129,0.013440860215053764,105.0,3.0,23.0,0.005208333333333333,0.4591168365058002,0.5814266487213997,0.8921161825726142,37.0,1.0309792114947285,525.0,0.013376077824452796,20.0,84.0,0.24040694459803158
gpqa_0015,gpqa_diamond,0,4344.0,411.0,0.6788321167883211,0.0024330900243309003,0.17761557177615572,0.06326034063260341,0.072992700729927,0.0,0.004866180048661801,73.0,1.0,26.0,0.0035842293906810036,0.4559305045105245,0.975609756097561,0.0,19.0,0.989149319900199,301.0,0.020718232044198894,38.0,126.0,0.19166090762497123
gpqa_0016,gpqa_diamond,1,713.0,53.0,0.7169811320754716,0.0,0.1509433962264151,0.03773584905660377,0.03773584905660377,0.03773584905660377,0.018867924528301886,8.0,0.0,2.0,0.0,0.5625,1.0,0.0,8.0,0.7802210854971816,16.0,0.015427769985974754,2.0,1.0,0.06056338028169017
gpqa_0017,gpqa_diamond,1,2401.0,186.0,0.7634408602150538,0.021505376344086023,0.10752688172043011,0.03763440860215054,0.053763440860215055,0.005376344086021506,0.010752688172043012,20.0,4.0,7.0,0.028169014084507043,0.3556756756756757,0.6972972972972973,0.8263481346680838,22.0,0.9878330544075962,94.0,0.010412328196584756,4.0,13.0,0.15471226021684736
gpqa_0018,gpqa_diamond,0,7873.0,693.0,0.733044733044733,0.0,0.19336219336219337,0.024531024531024532,0.047619047619047616,0.0,0.001443001443001443,134.0,0.0,17.0,0.0,0.43603873695108275,1.0,0.0,23.0,1.2464842584461109,539.0,0.017655277530801473,19.0,88.0,0.34129606099110543
gpqa_0019,gpqa_diamond,1,2361.0,142.0,0.6830985915492958,0.0,0.06338028169014084,0.07042253521126761,0.176056338028169,0.0,0.007042253521126761,9.0,0.0,10.0,0.0,0.5208825847123718,1.0,0.0,13.0,1.3253251076124655,75.0,0.006776789495976281,4.0,46.0,0.19253604749787956
gpqa_0020,gpqa_diamond,1,4391.0,335.0,0.5940298507462687,0.014925373134328358,0.28955223880597014,0.026865671641791045,0.07164179104477612,0.0029850746268656717,0.0,97.0,5.0,9.0,0.02512562814070352,0.5301561824804,1.0,0.7097060269069857,11.0,1.1204639526998397,252.0,0.02664541106809383,35.0,132.0,0.19872379216043756
gpqa_0021,gpqa_diamond,0,541.0,44.0,0.8181818181818182,0.022727272727272728,0.09090909090909091,0.0,0.022727272727272728,0.022727272727272728,0.022727272727272728,4.0,1.0,0.0,0.027777777777777776,0.4709302325581396,1.0,0.0,15.0,0.48975385934169013,13.0,0.011090573012939002,1.0,3.0,0.03531598513011147
gpqa_0022,gpqa_diamond,0,4693.0,365.0,0.6191780821917808,0.0027397260273972603,0.1780821917808219,0.0684931506849315,0.12876712328767123,0.0027397260273972603,0.0,65.0,1.0,25.0,0.004424778761061947,0.48288250211327133,1.0,0.0,15.0,1.052737772384508,266.0,0.01683358193053484,20.0,87.0,0.29232409381663116
gpqa_0023,gpqa_diamond,1,6867.0,606.0,0.6551155115511551,0.006600660066006601,0.21287128712871287,0.026402640264026403,0.09075907590759076,0.0033003300330033004,0.0049504950495049506,129.0,4.0,16.0,0.010075566750629723,0.5075405214940099,0.6049586776859505,0.368072154381856,17.0,0.9988842065529753,454.0,0.023154215814766274,24.0,171.0,0.284527972027972
gpqa_0024,gpqa_diamond,0,5131.0,445.0,0.5842696629213483,0.0,0.19775280898876405,0.10786516853932585,0.10786516853932585,0.0,0.0022471910112359553,88.0,0.0,48.0,0.0,0.500230343980344,1.0,0.0,19.0,1.6796040975483868,326.0,0.017735334242837655,20.0,97.0,0.28120124804992197
gpqa_0025,gpqa_diamond,0,4497.0,375.0,0.6293333333333333,0.005333333333333333,0.16533333333333333,0.07733333333333334,0.11733333333333333,0.0026666666666666666,0.0026666666666666666,62.0,2.0,29.0,0.00847457627118644,0.4778333620838365,1.0,0.0,17.0,1.096421970092325,258.0,0.0155659328441183,15.0,60.0,0.17690253671562084
gpqa_0026,gpqa_diamond,0,2257.0,149.0,0.7315436241610739,0.0,0.087248322147651,0.087248322147651,0.053691275167785234,0.006711409395973154,0.03355704697986577,13.0,0.0,13.0,0.0,0.5093555093555093,0.668918918918919,0.0,24.0,1.1271278109028888,96.0,0.007975188303057155,0.0,36.0,0.3744454303460515
gpqa_0027,gpqa_diamond,0,6044.0,405.0,0.5456790123456791,0.0049382716049382715,0.23950617283950618,0.08395061728395062,0.12098765432098765,0.0024691358024691358,0.0024691358024691358,97.0,2.0,34.0,0.00904977375565611,0.5382004695314894,1.0,0.0,10.0,1.0568962373343935,285.0,0.01786896095301125,17.0,101.0,0.2584009269988412
gpqa_0028,gpqa_diamond,0,2144.0,186.0,0.8172043010752689,0.016129032258064516,0.07526881720430108,0.06451612903225806,0.021505376344086023,0.005376344086021506,0.0,14.0,3.0,12.0,0.019736842105263157,0.467953667953668,1.0,0.375,19.0,0.7430613048464808,113.0,0.008861940298507462,4.0,58.0,0.18075665576833255
gpqa_0029,gpqa_diamond,0,3713.0,311.0,0.5594855305466238,0.00964630225080386,0.16720257234726688,0.10610932475884244,0.07395498392282958,0.0,0.08360128617363344,52.0,3.0,33.0,0.017241379310344827,0.563895781637717,0.35161290322580646,0.4492753623188406,11.0,1.4343922571509167,232.0,0.016159439806086723,6.0,74.0,0.3361185983827494
gpqa_0030,gpqa_diamond,0,6997.0,522.0,0.6187739463601533,0.017241379310344827,0.20689655172413793,0.05363984674329502,0.08812260536398467,0.0019157088122605363,0.013409961685823755,108.0,9.0,28.0,0.02786377708978328,0.5326473306319756,0.7869481765834933,0.6507283701362739,18.0,1.0734989679261486,420.0,0.017293125625267972,47.0,147.0,0.42722333428653136
gpqa_0031,gpqa_diamond,0,4295.0,391.0,0.6751918158567775,0.028132992327365727,0.17647058823529413,0.043478260869565216,0.058823529411764705,0.010230179028132993,0.0076726342710997444,69.0,11.0,17.0,0.041666666666666664,0.636269044964697,0.5615384615384615,0.9501976039998664,28.0,1.2088775239053986,266.0,0.02142025611175786,15.0,34.0,0.19082013047530288
gpqa_0032,gpqa_diamond,0,1798.0,118.0,0.7796610169491526,0.0,0.11016949152542373,0.05084745762711865,0.059322033898305086,0.0,0.0,13.0,0.0,6.0,0.0,0.5976331360946745,1.0,0.0,21.0,1.17329021511811,64.0,0.009454949944382647,1.0,10.0,0.17325905292479105
gpqa_0033,gpqa_diamond,0,5957.0,530.0,0.7018867924528301,0.0037735849056603774,0.16037735849056603,0.07169811320754717,0.05849056603773585,0.0,0.0037735849056603774,85.0,2.0,38.0,0.005376344086021506,0.5186033581674636,0.9905482041587902,0.0,22.0,1.184884551645682,426.0,0.016283364109451064,21.0,78.0,0.2769566677863621
gpqa_0034,gpqa_diamond,1,896.0,84.0,0.8214285714285714,0.03571428571428571,0.08333333333333333,0.0,0.011904761904761904,0.03571428571428571,0.011904761904761904,7.0,3.0,0.0,0.043478260869565216,0.5989672977624785,1.0,0.1,15.0,0.555555147781653,26.0,0.008928571428571428,3.0,17.0,0.043673012318029114
gpqa_0035,gpqa_diamond,0,5884.0,376.0,0.48404255319148937,0.010638297872340425,0.19148936170212766,0.21010638297872342,0.09840425531914894,0.0026595744680851063,0.0026595744680851063,72.0,4.0,79.0,0.02197802197802198,0.5015555555555555,0.9733333333333334,0.8314144574157946,10.0,1.1818547922626939,298.0,0.01495581237253569,4.0,58.0,0.34517939125998975
gpqa_0036,gpqa_diamond,0,5419.0,479.0,0.42379958246346555,0.0041753653444676405,0.2797494780793319,0.07306889352818371,0.13778705636743216,0.07933194154488518,0.0020876826722338203,134.0,2.0,35.0,0.009852216748768473,0.5072753387872353,1.0,0.0,14.0,1.5921600829366318,310.0,0.025650489020114412,28.0,94.0,0.2005169867060561
gpqa_0037,gpqa_diamond,0,4652.0,403.0,0.652605459057072,0.0024813895781637717,0.1488833746898263,0.05955334987593052,0.11910669975186104,0.01240694789081886,0.004962779156327543,60.0,1.0,24.0,0.0038022813688212928,0.4754975124378109,0.9552238805970149,0.0,13.0,0.9467111233114034,294.0,0.015047291487532245,14.0,35.0,0.25037642503764246
gpqa_0038,gpqa_diamond,0,3278.0,226.0,0.7964601769911505,0.01327433628318584,0.05309734513274336,0.02654867256637168,0.08849557522123894,0.008849557522123894,0.01327433628318584,12.0,3.0,6.0,0.016666666666666666,0.5944444444444446,0.9866666666666667,0.23076923076923078,44.0,0.6702165365917525,121.0,0.007016473459426479,9.0,36.0,0.260763358778626
gpqa_0039,gpqa_diamond,0,340.0,24.0,0.8333333333333334,0.0,0.041666666666666664,0.0,0.08333333333333333,0.0,0.041666666666666664,1.0,0.0,0.0,0.0,0.21739130434782608,1.0,0.0,14.0,0.34064269829578747,0.0,0.008823529411764706,0.0,8.0,0.05044510385756673
gpqa_0040,gpqa_diamond,1,2973.0,196.0,0.7346938775510204,0.00510204081632653,0.15816326530612246,0.03571428571428571,0.05102040816326531,0.00510204081632653,0.01020408163265306,31.0,1.0,7.0,0.006944444444444444,0.6623655913978495,0.9846153846153847,0.0,16.0,0.671432966897615,100.0,0.012781701984527414,12.0,27.0,0.19865319865319864
gpqa_0041,gpqa_diamond,1,1466.0,146.0,0.8561643835616438,0.02054794520547945,0.04794520547945205,0.00684931506849315,0.04794520547945205,0.00684931506849315,0.0136986301369863,7.0,3.0,1.0,0.024,0.554679802955665,0.9310344827586207,0.5319148936170213,49.0,0.6555774979406271,45.0,0.010231923601637109,7.0,8.0,0.045112781954887216
gpqa_0042,gpqa_diamond,0,4968.0,546.0,0.7619047619047619,0.01098901098901099,0.17399267399267399,0.007326007326007326,0.040293040293040296,0.0018315018315018315,0.003663003663003663,95.0,6.0,4.0,0.014423076923076924,0.5903428295509415,0.8550458715596331,0.3513934513978975,35.0,0.5848061294727133,463.0,0.018317230273752014,5.0,95.0,0.3615307150050352
gpqa_0043,gpqa_diamond,1,2106.0,176.0,0.8352272727272727,0.0,0.06818181818181818,0.03977272727272727,0.03977272727272727,0.0,0.017045454545454544,12.0,0.0,7.0,0.0,0.5804761904761905,0.4685714285714286,0.0,27.0,0.8526757055347709,112.0,0.007597340930674264,5.0,75.0,0.1973371374227294
gpqa_0044,gpqa_diamond,1,8717.0,669.0,0.726457399103139,0.007473841554559043,0.16292974588938713,0.053811659192825115,0.03139013452914798,0.008968609865470852,0.008968609865470852,109.0,5.0,36.0,0.0102880658436214,0.6303081909575344,0.9116766467065869,0.7959226742178999,18.0,1.462031483212063,525.0,0.01388092233566594,23.0,139.0,0.40096396603167317
gpqa_0045,gpqa_diamond,1,4659.0,354.0,0.6694915254237288,0.005649717514124294,0.2175141242937853,0.03954802259887006,0.062146892655367235,0.0,0.005649717514124294,77.0,2.0,14.0,0.008438818565400843,0.5616423236819837,0.9036827195467422,0.0,13.0,1.1344005368888648,256.0,0.019532088430993775,13.0,63.0,0.1653780068728522
gpqa_0046,gpqa_diamond,0,6099.0,588.0,0.7006802721088435,0.013605442176870748,0.15816326530612246,0.05272108843537415,0.07312925170068027,0.0017006802721088435,0.0,93.0,8.0,31.0,0.019417475728155338,0.515011631953985,1.0,0.7354856637121958,18.0,1.1587185835304166,464.0,0.020659124446630595,19.0,112.0,0.1983267716535433
gpqa_0047,gpqa_diamond,1,5951.0,518.0,0.6158301158301158,0.0,0.27606177606177607,0.03667953667953668,0.07142857142857142,0.0,0.0,143.0,0.0,19.0,0.0,0.5341602304851821,1.0,0.0,12.0,1.5165394318721888,367.0,0.026550159637035792,46.0,122.0,0.20208473436449226
gpqa_0048,gpqa_diamond,0,5507.0,432.0,0.4212962962962963,0.004629629629629629,0.3726851851851852,0.09722222222222222,0.10185185185185185,0.0,0.0023148148148148147,161.0,2.0,42.0,0.01098901098901099,0.46792811747921204,1.0,0.0,6.0,1.4436652142151316,327.0,0.029053931360087163,27.0,126.0,0.2816133720930233
gpqa_0049,gpqa_diamond,1,1488.0,83.0,0.7228915662650602,0.012048192771084338,0.14457831325301204,0.04819277108433735,0.04819277108433735,0.0,0.024096385542168676,12.0,1.0,4.0,0.016666666666666666,0.41361788617886175,0.9878048780487805,0.0,12.0,0.6222555056794309,30.0,0.010752688172043012,2.0,6.0,0.14814814814814814
gpqa_0050,gpqa_diamond,0,9001.0,509.0,0.6365422396856582,0.015717092337917484,0.22593320235756384,0.0412573673870334,0.07269155206286837,0.003929273084479371,0.003929273084479371,115.0,8.0,21.0,0.024691358024691357,0.5453782951044163,0.9035433070866141,0.4581992506764143,14.0,1.2001175946597793,416.0,0.014109543384068437,41.0,116.0,0.4178706379195377
gpqa_0051,gpqa_diamond,1,3005.0,284.0,0.8274647887323944,0.0,0.13732394366197184,0.0035211267605633804,0.017605633802816902,0.01056338028169014,0.0035211267605633804,39.0,0.0,1.0,0.0,0.6211832925613843,1.0,0.0,45.0,0.6567873395698555,145.0,0.014642262895174708,9.0,31.0,0.12858094603597603
gpqa_0052,gpqa_diamond,0,3190.0,218.0,0.555045871559633,0.0045871559633027525,0.2889908256880734,0.05504587155963303,0.0871559633027523,0.0045871559633027525,0.0045871559633027525,63.0,1.0,12.0,0.008264462809917356,0.6227049959768854,1.0,0.0,22.0,0.9833772137336688,144.0,0.025078369905956112,8.0,47.0,0.1747725133354252
gpqa_0053,gpqa_diamond,0,3006.0,242.0,0.6446280991735537,0.0,0.2603305785123967,0.04132231404958678,0.04132231404958678,0.008264462809917356,0.004132231404958678,63.0,0.0,10.0,0.0,0.5058947507080288,1.0,0.0,13.0,0.7717223616742668,198.0,0.0249500998003992,6.0,32.0,0.26340326340326337
gpqa_0054,gpqa_diamond,0,9708.0,695.0,0.6719424460431654,0.0028776978417266188,0.1856115107913669,0.03884892086330935,0.09784172661870504,0.0028776978417266188,0.0,129.0,2.0,27.0,0.004282655246252677,0.42603266090297787,1.0,0.0,23.0,1.1086505430376667,623.0,0.016481252575195716,6.0,100.0,0.5129314786192685
gpqa_0055,gpqa_diamond,0,7203.0,481.0,0.6528066528066528,0.002079002079002079,0.19334719334719336,0.08523908523908524,0.037422037422037424,0.0,0.029106029106029108,93.0,1.0,41.0,0.0031847133757961785,0.5470206093189964,0.7541666666666667,0.0,35.0,1.365088076361502,327.0,0.013188949049007357,25.0,85.0,0.25375000000000003
gpqa_0056,gpqa_diamond,1,9848.0,1138.0,0.6924428822495606,0.007908611599297012,0.2504393673110721,0.020210896309314587,0.022847100175746926,0.0017574692442882249,0.004393673110720563,285.0,9.0,23.0,0.011421319796954314,0.5658751099384346,0.032541776605101144,0.5822275497325681,35.0,1.100642601153305,842.0,0.030259951259138912,25.0,142.0,0.19542915185373289
gpqa_0057,gpqa_diamond,0,892.0,57.0,0.8421052631578947,0.0,0.07017543859649122,0.0,0.07017543859649122,0.0,0.017543859649122806,4.0,0.0,0.0,0.0,0.7142857142857143,1.0,0.0,12.0,0.5651912410485828,9.0,0.005605381165919282,5.0,28.0,0.03487064116985372
gpqa_0058,gpqa_diamond,1,3182.0,304.0,0.8157894736842105,0.013157894736842105,0.10855263157894737,0.013157894736842105,0.023026315789473683,0.01644736842105263,0.009868421052631578,33.0,4.0,4.0,0.016129032258064516,0.5916591659165917,0.9207920792079208,0.08271466602925603,37.0,1.13165640013828,185.0,0.015399120050282841,9.0,18.0,0.16483170808430325
gpqa_0059,gpqa_diamond,1,2908.0,233.0,0.7553648068669528,0.012875536480686695,0.12446351931330472,0.012875536480686695,0.02145922746781116,0.012875536480686695,0.060085836909871244,29.0,3.0,3.0,0.017045454545454544,0.5258620689655171,0.5991379310344828,0.3333333333333333,16.0,0.9634788359189878,144.0,0.016162310866574967,14.0,18.0,0.16110154905335627
gpqa_0060,gpqa_diamond,0,5346.0,348.0,0.7442528735632183,0.0,0.1896551724137931,0.0028735632183908046,0.0603448275862069,0.0028735632183908046,0.0,66.0,0.0,1.0,0.0,0.4419701336127849,1.0,0.0,14.0,0.5770722715629699,267.0,0.015151515151515152,13.0,30.0,0.35466966123900434
gpqa_0061,gpqa_diamond,0,5180.0,441.0,0.41496598639455784,0.0022675736961451248,0.2675736961451247,0.05895691609977324,0.15192743764172337,0.10430839002267574,0.0,118.0,1.0,26.0,0.00546448087431694,0.5010785824345146,1.0,0.0,6.0,1.4602312847155077,323.0,0.024517374517374516,20.0,81.0,0.24048676839868655
gpqa_0062,gpqa_diamond,0,9203.0,902.0,0.7139689578713969,0.005543237250554324,0.18957871396895787,0.05321507760532151,0.028824833702882482,0.005543237250554324,0.0033259423503325942,171.0,5.0,48.0,0.007763975155279503,0.5169240155512719,0.7935627081021087,0.7354248689265387,17.0,1.0247714928170026,684.0,0.02031946104531131,31.0,102.0,0.21184782608695651
gpqa_0063,gpqa_diamond,0,11481.0,1060.0,0.7056603773584905,0.010377358490566037,0.20849056603773586,0.02169811320754717,0.048113207547169815,0.0037735849056603774,0.0018867924528301887,221.0,11.0,23.0,0.014705882352941176,0.5486478749268284,0.9981114258734656,1.4464627356547781,32.0,0.8524496218733726,922.0,0.02020729901576518,32.0,174.0,0.4262066562118836
gpqa_0064,gpqa_diamond,0,3687.0,303.0,0.5181518151815182,0.0,0.3102310231023102,0.09900990099009901,0.07260726072607261,0.0,0.0,94.0,0.0,30.0,0.0,0.5053543750880655,1.0,0.0,11.0,1.6344746949332074,193.0,0.028749660970979116,25.0,84.0,0.19082519001085774
gpqa_0065,gpqa_diamond,1,670.0,53.0,0.8490566037735849,0.0,0.09433962264150944,0.0,0.03773584905660377,0.0,0.018867924528301886,5.0,0.0,0.0,0.0,0.6076923076923076,1.0,0.0,17.0,0.8036256819936222,23.0,0.007462686567164179,5.0,15.0,0.08845577211394307
gpqa_0066,gpqa_diamond,1,2267.0,162.0,0.7222222222222222,0.018518518518518517,0.11728395061728394,0.043209876543209874,0.06172839506172839,0.024691358024691357,0.012345679012345678,19.0,3.0,7.0,0.02564102564102564,0.556390977443609,0.9440993788819876,0.23636363636363636,24.0,1.1074072555533265,57.0,0.014997794441993825,11.0,19.0,0.125
gpqa_0067,gpqa_diamond,1,3433.0,282.0,0.7943262411347518,0.02127659574468085,0.09929078014184398,0.024822695035460994,0.031914893617021274,0.0070921985815602835,0.02127659574468085,28.0,6.0,7.0,0.026785714285714284,0.4904677173360447,0.6441281138790036,0.5936146733898318,34.0,0.9485509198273345,155.0,0.012816778327993009,12.0,19.0,0.14081632653061227
gpqa_0068,gpqa_diamond,1,10391.0,809.0,0.6415327564894932,0.003708281829419036,0.2088998763906057,0.08034610630407911,0.0580964153275649,0.002472187886279357,0.004944375772558714,169.0,3.0,65.0,0.005780346820809248,0.5488898002226259,0.0049504950495049506,0.05102040816326531,18.0,1.2253023666335667,600.0,0.01770763160427293,12.0,92.0,0.37244897959183676
gpqa_0069,gpqa_diamond,0,5342.0,402.0,0.48258706467661694,0.0,0.19651741293532338,0.20149253731343283,0.11194029850746269,0.0,0.007462686567164179,79.0,0.0,81.0,0.0,0.5778907162473561,0.4937655860349127,0.0,9.0,1.3735350885525381,318.0,0.018157993260950956,9.0,112.0,0.349129050383967
gpqa_0070,gpqa_diamond,1,1300.0,127.0,0.84251968503937,0.007874015748031496,0.10236220472440945,0.023622047244094488,0.007874015748031496,0.0,0.015748031496062992,13.0,1.0,3.0,0.009345794392523364,0.6465201465201466,0.9206349206349206,0.0,25.0,0.2089168456018826,46.0,0.013076923076923076,5.0,4.0,0.06013878180416343
gpqa_0071,gpqa_diamond,0,3948.0,371.0,0.5094339622641509,0.0026954177897574125,0.24528301886792453,0.09703504043126684,0.14285714285714285,0.0,0.0026954177897574125,91.0,1.0,36.0,0.005291005291005291,0.5291357291357291,1.0,0.0,10.0,1.2633443738065924,254.0,0.026595744680851064,23.0,32.0,0.1893536121673004
gpqa_0072,gpqa_diamond,1,711.0,58.0,0.8275862068965517,0.017241379310344827,0.05172413793103448,0.0,0.017241379310344827,0.06896551724137931,0.017241379310344827,3.0,1.0,0.0,0.020833333333333332,0.5497076023391813,1.0,0.0,19.0,0.45352491989893373,14.0,0.007032348804500703,2.0,1.0,0.057909604519774005
gpqa_0073,gpqa_diamond,1,1707.0,130.0,0.7923076923076923,0.007692307692307693,0.09230769230769231,0.023076923076923078,0.05384615384615385,0.015384615384615385,0.015384615384615385,12.0,1.0,3.0,0.009708737864077669,0.6065891472868217,0.9922480620155039,0.0,19.0,0.6812673449157199,46.0,0.011130638547158758,9.0,11.0,0.11032863849765262
gpqa_0074,gpqa_diamond,1,2564.0,161.0,0.7080745341614907,0.012422360248447204,0.10559006211180125,0.09316770186335403,0.07453416149068323,0.0,0.006211180124223602,17.0,2.0,15.0,0.017543859649122806,0.53125,1.0,0.0,17.0,0.9767585969045876,80.0,0.0078003120124804995,1.0,55.0,0.1764935572042171
gpqa_0075,gpqa_diamond,0,1317.0,100.0,0.78,0.0,0.09,0.06,0.06,0.0,0.01,9.0,0.0,6.0,0.0,0.5948372615039282,1.0,0.0,14.0,1.0657474282266317,58.0,0.008352315869400152,3.0,23.0,0.182648401826484
gpqa_0076,gpqa_diamond,0,6651.0,518.0,0.4942084942084942,0.005791505791505791,0.2644787644787645,0.09266409266409266,0.138996138996139,0.0019305019305019305,0.0019305019305019305,137.0,3.0,48.0,0.01171875,0.5221448841576191,1.0,0.6420581655480985,11.0,1.062224925891641,396.0,0.020899112915351074,16.0,87.0,0.2833935018050542
gpqa_0077,gpqa_diamond,1,2937.0,191.0,0.7068062827225131,0.005235602094240838,0.13612565445026178,0.031413612565445025,0.09947643979057591,0.005235602094240838,0.015706806282722512,26.0,1.0,6.0,0.007407407407407408,0.4352226720647773,0.9631578947368421,0.0,17.0,0.900173717550768,107.0,0.012597889002383384,5.0,26.0,0.26005453306066806
gpqa_0078,gpqa_diamond,0,6129.0,435.0,0.5471264367816092,0.004597701149425287,0.22298850574712645,0.09195402298850575,0.13333333333333333,0.0,0.0,97.0,2.0,40.0,0.008403361344537815,0.500427573756473,1.0,0.0,25.0,1.4997995548550915,323.0,0.018926415402186328,15.0,93.0,0.31554031994776366
gpqa_0079,gpqa_diamond,0,0.0,0.0,0.0,0.0,0.0,0.0,0.0,0.0,0.0,0.0,0.0,0.0,0.0,0.0,0.0,0.0,0.0,0.0,0.0,0.0,0.0,0.0,0.0
gpqa_0080,gpqa_diamond,1,6017.0,525.0,0.38666666666666666,0.0,0.2361904761904762,0.11047619047619048,0.18095238095238095,0.0838095238095238,0.0019047619047619048,124.0,0.0,58.0,0.0,0.5016929327751785,1.0,0.0,13.0,1.8687224913642293,397.0,0.0254279541299651,16.0,92.0,0.277851679414699
gpqa_0081,gpqa_diamond,1,1839.0,118.0,0.7711864406779662,0.0,0.06779661016949153,0.059322033898305086,0.09322033898305085,0.0,0.00847457627118644,8.0,0.0,7.0,0.0,0.45833333333333337,1.0,0.0,16.0,1.1626593980892632,46.0,0.004893964110929853,7.0,7.0,0.09967320261437906
gpqa_0082,gpqa_diamond,1,3771.0,323.0,0.5758513931888545,0.043343653250773995,0.22910216718266255,0.058823529411764705,0.07739938080495357,0.01238390092879257,0.0030959752321981426,74.0,14.0,19.0,0.07526881720430108,0.6232583515192209,1.0,0.6074997942386483,19.0,1.6845023818009555,193.0,0.02413153009811721,9.0,46.0,0.14012738853503182
gpqa_0083,gpqa_diamond,1,572.0,34.0,0.8529411764705882,0.0,0.0,0.0,0.08823529411764706,0.029411764705882353,0.029411764705882353,0.0,0.0,0.0,0.0,0.0,1.0,0.0,15.0,0.5679956701369158,0.0,0.0,2.0,5.0,0.019332161687170446
gpqa_0084,gpqa_diamond,1,1667.0,129.0,0.7054263565891473,0.007751937984496124,0.13953488372093023,0.031007751937984496,0.07751937984496124,0.023255813953488372,0.015503875968992248,18.0,1.0,4.0,0.01098901098901099,0.5217013888888888,0.9921875,0.0,11.0,0.9236630586527567,53.0,0.016796640671865627,10.0,13.0,0.1171875
gpqa_0085,gpqa_diamond,0,2709.0,209.0,0.5263157894736842,0.009569377990430622,0.27751196172248804,0.04784688995215311,0.1291866028708134,0.0,0.009569377990430622,58.0,2.0,10.0,0.01818181818181818,0.4470324933687002,0.9855769230769231,0.0,10.0,0.9067673015934371,122.0,0.024732373569582872,16.0,31.0,0.18181818181818177
gpqa_0086,gpqa_diamond,0,5178.0,336.0,0.6041666666666666,0.002976190476190476,0.21428571428571427,0.05654761904761905,0.11904761904761904,0.002976190476190476,0.0,72.0,1.0,19.0,0.0049261083743842365,0.44527363184079605,1.0,0.0,10.0,1.0667226404462453,242.0,0.020471224410969487,10.0,68.0,0.22086956521739132
gpqa_0087,gpqa_diamond,1,759.0,50.0,0.86,0.0,0.06,0.0,0.04,0.02,0.02,3.0,0.0,0.0,0.0,0.7619047619047619,1.0,0.0,16.0,0.4466553629171838,3.0,0.006587615283267457,3.0,7.0,0.025132275132275117
gpqa_0088,gpqa_diamond,1,3591.0,241.0,0.5103734439834025,0.0,0.2074688796680498,0.11203319502074689,0.15767634854771784,0.012448132780082987,0.0,50.0,0.0,27.0,0.0,0.5541666666666667,1.0,0.0,13.0,1.4117078182004426,135.0,0.017822333611807295,17.0,47.0,0.19732441471571904
gpqa_0089,gpqa_diamond,0,5388.0,468.0,0.47649572649572647,0.004273504273504274,0.33760683760683763,0.049145299145299144,0.11324786324786325,0.017094017094017096,0.002136752136752137,158.0,2.0,23.0,0.008968609865470852,0.48487517957336085,1.0,0.0,10.0,1.5358435157592478,319.0,0.034892353377876766,26.0,76.0,0.2072423398328691
gpqa_0090,gpqa_diamond,0,6457.0,424.0,0.5023584905660378,0.0023584905660377358,0.30424528301886794,0.10141509433962265,0.08726415094339622,0.0023584905660377358,0.0,129.0,1.0,43.0,0.004694835680751174,0.4951527479978742,1.0,0.0,14.0,1.0551076925614489,308.0,0.019513706055443704,16.0,91.0,0.3619460799504184
gpqa_0091,gpqa_diamond,0,7458.0,680.0,0.7147058823529412,0.0029411764705882353,0.19411764705882353,0.026470588235294117,0.045588235294117645,0.007352941176470588,0.008823529411764706,132.0,2.0,18.0,0.00411522633744856,0.5242334984603026,0.8217967599410898,0.0,30.0,1.393640961350986,513.0,0.019442209707696435,24.0,96.0,0.2305835010060362
gpqa_0092,gpqa_diamond,0,2666.0,209.0,0.7655502392344498,0.004784688995215311,0.11961722488038277,0.03827751196172249,0.04784688995215311,0.019138755980861243,0.004784688995215311,25.0,1.0,8.0,0.00625,0.4790384615384615,1.0,0.0,25.0,1.045066598759022,88.0,0.011627906976744186,12.0,23.0,0.1280510702215546
gpqa_0093,gpqa_diamond,1,3483.0,298.0,0.5838926174496645,0.003355704697986577,0.11073825503355705,0.09395973154362416,0.2080536912751678,0.0,0.0,33.0,1.0,28.0,0.005747126436781609,0.5360677481889603,1.0,0.0,13.0,1.156151129249952,206.0,0.014642549526270457,19.0,47.0,0.22040229885057472
gpqa_0094,gpqa_diamond,0,6101.0,420.0,0.4595238095238095,0.002380952380952381,0.2357142857142857,0.14523809523809525,0.15714285714285714,0.0,0.0,99.0,1.0,61.0,0.0051813471502590676,0.5401750198886237,1.0,0.0,9.0,1.3275958830835877,295.0,0.01868546139977053,22.0,69.0,0.3168251885864217
gpqa_0095,gpqa_diamond,1,2638.0,235.0,0.6680851063829787,0.03404255319148936,0.20851063829787234,0.02127659574468085,0.05531914893617021,0.00851063829787234,0.00425531914893617,49.0,8.0,5.0,0.050955414012738856,0.5510204081632654,1.0,0.684367865259613,16.0,1.045326585223681,119.0,0.0200909780136467,6.0,20.0,0.12713472485768496
gpqa_0096,gpqa_diamond,0,1463.0,100.0,0.77,0.0,0.04,0.04,0.14,0.0,0.01,4.0,0.0,4.0,0.0,0.6565656565656566,1.0,0.0,12.0,0.8442985376630416,28.0,0.005468215994531784,7.0,33.0,0.08904109589041098
gpqa_0097,gpqa_diamond,0,3141.0,245.0,0.5959183673469388,0.0,0.2,0.061224489795918366,0.14285714285714285,0.0,0.0,49.0,0.0,15.0,0.0,0.44479759116761464,1.0,0.0,9.0,1.3743403634004245,160.0,0.01878382680674944,13.0,37.0,0.20427023581899295
gpqa_0098,gpqa_diamond,0,7380.0,567.0,0.7689594356261023,0.003527336860670194,0.14814814814814814,0.031746031746031744,0.04585537918871252,0.0,0.001763668430335097,84.0,2.0,18.0,0.0045871559633027525,0.47680043748948336,1.0,0.0,26.0,0.9272150702141044,480.0,0.014634146341463415,33.0,77.0,0.37711806967602
gpqa_0099,gpqa_diamond,0,7265.0,638.0,0.44200626959247646,0.001567398119122257,0.18025078369905956,0.22100313479623823,0.14733542319749215,0.007836990595611285,0.0,115.0,1.0,141.0,0.0035460992907801418,0.4836666439150911,1.0,0.0,13.0,1.3944825863579007,491.0,0.019683413626978664,24.0,192.0,0.3010190030294685
gpqa_0100,gpqa_diamond,1,6018.0,463.0,0.4470842332613391,0.0021598272138228943,0.32397408207343414,0.1079913606911447,0.11231101511879049,0.004319654427645789,0.0021598272138228943,150.0,1.0,50.0,0.004830917874396135,0.5810822510822512,1.0,0.0,10.0,1.2422076143105178,341.0,0.026586905948820207,20.0,80.0,0.30523690773067336
gpqa_0101,gpqa_diamond,1,4955.0,384.0,0.7291666666666666,0.0026041666666666665,0.09635416666666667,0.08854166666666667,0.03125,0.0,0.052083333333333336,37.0,1.0,34.0,0.0035714285714285713,0.5705313668760144,0.360313315926893,0.0,15.0,1.1697476538029994,316.0,0.00887991927346115,9.0,326.0,0.39963651050080773
gpqa_0102,gpqa_diamond,0,5475.0,506.0,0.6541501976284585,0.001976284584980237,0.18379446640316205,0.05928853754940711,0.09881422924901186,0.001976284584980237,0.0,93.0,1.0,30.0,0.0030211480362537764,0.49807303310976264,1.0,0.0,13.0,0.957321616079021,387.0,0.021552511415525114,20.0,79.0,0.23154239766081874
gpqa_0103,gpqa_diamond,1,1924.0,172.0,0.8604651162790697,0.011627906976744186,0.0872093023255814,0.005813953488372093,0.023255813953488372,0.0,0.011627906976744186,15.0,2.0,1.0,0.013513513513513514,0.5898635477582846,0.9590643274853801,0.0,25.0,0.6150582344255348,72.0,0.009355509355509356,8.0,7.0,0.16241540864133264
gpqa_0104,gpqa_diamond,0,0.0,0.0,0.0,0.0,0.0,0.0,0.0,0.0,0.0,0.0,0.0,0.0,0.0,0.0,0.0,0.0,0.0,0.0,0.0,0.0,0.0,0.0,0.0
gpqa_0105,gpqa_diamond,0,2718.0,220.0,0.6681818181818182,0.01818181818181818,0.20909090909090908,0.02727272727272727,0.07272727272727272,0.0,0.004545454545454545,46.0,4.0,6.0,0.027210884353741496,0.5227317847925352,1.0,0.70717688546285,15.0,1.2692304449627767,122.0,0.01949963208241354,26.0,34.0,0.15395948434622464
gpqa_0106,gpqa_diamond,0,977.0,53.0,0.8867924528301887,0.018867924528301886,0.0,0.03773584905660377,0.03773584905660377,0.018867924528301886,0.0,0.0,1.0,2.0,0.02127659574468085,0.0,1.0,0.0,19.0,0.3409748599533964,6.0,0.0010235414534288639,1.0,9.0,0.0462012320328542
gpqa_0107,gpqa_diamond,1,1959.0,179.0,0.8324022346368715,0.0111731843575419,0.08379888268156424,0.01675977653631285,0.03910614525139665,0.0,0.01675977653631285,15.0,2.0,3.0,0.013422818791946308,0.5610486891385769,0.7303370786516854,0.0,34.0,1.0537837806995405,71.0,0.011230219499744768,10.0,4.0,0.1109406952965235
gpqa_0108,gpqa_diamond,0,6104.0,574.0,0.8013937282229965,0.012195121951219513,0.14634146341463414,0.0,0.024390243902439025,0.0017421602787456446,0.013937282229965157,84.0,7.0,0.0,0.015217391304347827,0.5482631097814343,0.7678883071553229,1.064783568884708,30.0,0.7939763154447591,470.0,0.013597640891218872,20.0,135.0,0.2470086871004753
gpqa_0109,gpqa_diamond,0,0.0,0.0,0.0,0.0,0.0,0.0,0.0,0.0,0.0,0.0,0.0,0.0,0.0,0.0,0.0,0.0,0.0,0.0,0.0,0.0,0.0,0.0,0.0
gpqa_0110,gpqa_diamond,0,4037.0,274.0,0.43795620437956206,0.0,0.2773722627737226,0.15693430656934307,0.12773722627737227,0.0,0.0,76.0,0.0,43.0,0.0,0.5367264314632735,1.0,0.0,7.0,1.6745140978650763,162.0,0.021798365122615803,6.0,35.0,0.2121963311849281
gpqa_0111,gpqa_diamond,1,1946.0,188.0,0.8829787234042553,0.03723404255319149,0.015957446808510637,0.015957446808510637,0.010638297872340425,0.026595744680851064,0.010638297872340425,3.0,7.0,3.0,0.04216867469879518,0.5882352941176471,0.9893048128342246,0.6950344715671782,34.0,0.5608207469673474,74.0,0.0046248715313463515,0.0,1.0,0.1580030880082347
gpqa_0112,gpqa_diamond,0,5403.0,400.0,0.6475,0.005,0.1225,0.1475,0.075,0.0,0.0025,49.0,2.0,59.0,0.007722007722007722,0.5284640171858217,1.0,0.0,17.0,1.266486513768538,277.0,0.01073477697575421,22.0,88.0,0.24092592592592588
gpqa_0113,gpqa_diamond,0,2674.0,188.0,0.5053191489361702,0.005319148936170213,0.26063829787234044,0.10106382978723404,0.12234042553191489,0.0,0.005319148936170213,49.0,1.0,19.0,0.010526315789473684,0.5329040707191968,1.0,0.0,13.0,1.3401885189708154,96.0,0.022064323111443532,12.0,25.0,0.11718457506551849
gpqa_0114,gpqa_diamond,1,1946.0,144.0,0.7847222222222222,0.0,0.10416666666666667,0.013888888888888888,0.05555555555555555,0.020833333333333332,0.020833333333333332,15.0,0.0,2.0,0.0,0.44708624708624706,0.8391608391608392,0.0,25.0,0.7455950679144584,66.0,0.011819116135662899,7.0,7.0,0.1358723623262995
gpqa_0115,gpqa_diamond,0,4436.0,335.0,0.5104477611940299,0.0,0.23880597014925373,0.10149253731343283,0.14925373134328357,0.0,0.0,80.0,0.0,34.0,0.0,0.5135853293413174,1.0,0.0,10.0,1.6616877580966412,219.0,0.022768259693417493,27.0,64.0,0.18069027746447097
gpqa_0116,gpqa_diamond,1,6732.0,578.0,0.6660899653979239,0.015570934256055362,0.23183391003460208,0.020761245674740483,0.05363321799307959,0.0,0.012110726643598616,134.0,9.0,12.0,0.023376623376623377,0.5023151142036782,0.7781629116117851,1.1668318781070828,18.0,1.546831615223233,459.0,0.019756387403446228,39.0,206.0,0.372863724178927
gpqa_0117,gpqa_diamond,0,4507.0,348.0,0.5488505747126436,0.005747126436781609,0.22126436781609196,0.07183908045977011,0.14655172413793102,0.0028735632183908046,0.0028735632183908046,77.0,2.0,25.0,0.010471204188481676,0.5154758785882705,1.0,0.0,11.0,1.0865958858083606,250.0,0.02130019968937209,28.0,86.0,0.3459147424511545
gpqa_0118,gpqa_diamond,1,2583.0,207.0,0.5024154589371981,0.004830917874396135,0.14009661835748793,0.19806763285024154,0.14492753623188406,0.004830917874396135,0.004830917874396135,29.0,1.0,41.0,0.009615384615384616,0.40676263809842655,1.0,0.0,11.0,1.1445703113367336,105.0,0.013550135501355014,5.0,37.0,0.16744186046511633
gpqa_0119,gpqa_diamond,1,3178.0,255.0,0.7764705882352941,0.00784313725490196,0.16862745098039217,0.01568627450980392,0.0196078431372549,0.0,0.011764705882352941,43.0,2.0,4.0,0.010101010101010102,0.6031862296282732,0.5826771653543307,0.0,20.0,0.8969589004700027,167.0,0.015733165512901194,11.0,24.0,0.21165354330708663
gpqa_0120,gpqa_diamond,0,4185.0,285.0,0.5894736842105263,0.0,0.1649122807017544,0.10877192982456141,0.1368421052631579,0.0,0.0,47.0,0.0,31.0,0.0,0.5177554689841175,1.0,0.0,12.0,1.562915881989427,183.0,0.014097968936678614,18.0,40.0,0.22740315638450503
gpqa_0121,gpqa_diamond,0,4841.0,382.0,0.518324607329843,0.002617801047120419,0.31675392670157065,0.07068062827225131,0.07591623036649214,0.013089005235602094,0.002617801047120419,121.0,1.0,27.0,0.005050505050505051,0.5077764039825601,1.0,0.0,10.0,0.9899111095215191,231.0,0.027267093575707498,23.0,76.0,0.18478710210830918
gpqa_0122,gpqa_diamond,1,1437.0,101.0,0.801980198019802,0.009900990099009901,0.07920792079207921,0.019801980198019802,0.04950495049504951,0.019801980198019802,0.019801980198019802,8.0,1.0,2.0,0.012345679012345678,0.44250000000000006,0.99,0.0,15.0,0.5345220706205873,38.0,0.010438413361169102,4.0,10.0,0.12831241283124128
gpqa_0123,gpqa_diamond,1,6482.0,461.0,0.7158351409978309,0.0021691973969631237,0.21691973969631237,0.013015184381778741,0.04121475054229935,0.008676789587852495,0.0021691973969631237,100.0,1.0,6.0,0.0030303030303030303,0.544413043478261,1.0,0.0,24.0,0.8563705715670373,306.0,0.017741437827830917,17.0,43.0,0.25883624016051865
gpqa_0124,gpqa_diamond,1,2064.0,161.0,0.7391304347826086,0.037267080745341616,0.13664596273291926,0.031055900621118012,0.024844720496894408,0.012422360248447204,0.018633540372670808,22.0,6.0,5.0,0.05042016806722689,0.5653409090909091,0.8,0.6016643582596529,12.0,0.9323709943664912,87.0,0.014050387596899225,6.0,10.0,0.1552644347404173
gpqa_0125,gpqa_diamond,0,6600.0,651.0,0.6298003072196621,0.01228878648233487,0.28417818740399386,0.006144393241167435,0.053763440860215055,0.0030721966205837174,0.010752688172043012,185.0,8.0,4.0,0.01951219512195122,0.5796091476091475,0.5553846153846154,0.9364465940689841,17.0,0.7164887722034925,551.0,0.032878787878787875,40.0,163.0,0.3574351978171897
gpqa_0126,gpqa_diamond,0,4892.0,417.0,0.5227817745803357,0.0,0.2733812949640288,0.08872901678657075,0.11270983213429256,0.0,0.002398081534772182,114.0,0.0,37.0,0.0,0.5565536437246963,1.0,0.0,14.0,1.5539818138343717,323.0,0.028209321340964842,28.0,71.0,0.2791982000409081
gpqa_0127,gpqa_diamond,0,0.0,0.0,0.0,0.0,0.0,0.0,0.0,0.0,0.0,0.0,0.0,0.0,0.0,0.0,0.0,0.0,0.0,0.0,0.0,0.0,0.0,0.0,0.0
gpqa_0128,gpqa_diamond,0,3903.0,297.0,0.6127946127946128,0.006734006734006734,0.20875420875420875,0.08417508417508418,0.08754208754208755,0.0,0.0,62.0,2.0,25.0,0.01098901098901099,0.5310047951176984,1.0,0.0,14.0,1.2994153045697565,176.0,0.016397642838841917,26.0,63.0,0.16641025641025642
gpqa_0129,gpqa_diamond,0,1206.0,108.0,0.8055555555555556,0.027777777777777776,0.06481481481481481,0.046296296296296294,0.037037037037037035,0.0,0.018518518518518517,7.0,3.0,5.0,0.034482758620689655,0.6114819759679573,0.8691588785046729,0.14285714285714285,17.0,0.5771234237416804,39.0,0.011608623548922056,2.0,4.0,0.07481296758104738
gpqa_0130,gpqa_diamond,0,7483.0,527.0,0.5161290322580645,0.0018975332068311196,0.21062618595825428,0.11385199240986717,0.15180265654648956,0.003795066413662239,0.0018975332068311196,111.0,1.0,60.0,0.003676470588235294,0.5002740382968519,1.0,0.0,16.0,1.114937185814726,378.0,0.018308165174395295,20.0,81.0,0.23516042780748658
gpqa_0131,gpqa_diamond,0,5721.0,396.0,0.6691919191919192,0.015151515151515152,0.22727272727272727,0.027777777777777776,0.05808080808080808,0.0025252525252525255,0.0,90.0,6.0,11.0,0.022641509433962263,0.5128270042194093,1.0,0.9668816898982829,18.0,0.9516373428382309,284.0,0.01852822933053662,34.0,77.0,0.19622245540398742
gpqa_0132,gpqa_diamond,1,8267.0,869.0,0.7951668584579977,0.004602991944764097,0.1323360184119678,0.028768699654775604,0.02186421173762946,0.01611047180667434,0.0011507479861910242,115.0,4.0,25.0,0.005788712011577424,0.5651372470446804,0.8398617511520737,0.5875259264111601,31.0,1.0769168830279654,560.0,0.01463650659247611,9.0,113.0,0.18344627299128746
gpqa_0133,gpqa_diamond,1,4303.0,340.0,0.7352941176470589,0.020588235294117647,0.18823529411764706,0.023529411764705882,0.029411764705882353,0.0,0.0029411764705882353,64.0,7.0,8.0,0.028,0.604627581120944,1.0,0.834674006360456,29.0,1.1407747036922238,218.0,0.01905647222867767,2.0,28.0,0.19441860465116279
gpqa_0134,gpqa_diamond,1,1275.0,124.0,0.8467741935483871,0.03225806451612903,0.08064516129032258,0.0,0.03225806451612903,0.0,0.008064516129032258,10.0,4.0,0.0,0.0380952380952381,0.5154471544715447,1.0,0.5898701856724485,17.0,0.9698489070320045,63.0,0.013333333333333334,4.0,21.0,0.11242138364779874
gpqa_0135,gpqa_diamond,1,1065.0,87.0,0.896551724137931,0.011494252873563218,0.022988505747126436,0.011494252873563218,0.022988505747126436,0.011494252873563218,0.022988505747126436,2.0,1.0,1.0,0.01282051282051282,0.4883720930232558,0.6976744186046512,0.0,19.0,0.10478308037565516,17.0,0.004694835680751174,3.0,5.0,0.05555555555555558
gpqa_0136,gpqa_diamond,1,8557.0,656.0,0.6448170731707317,0.0,0.2926829268292683,0.027439024390243903,0.027439024390243903,0.0,0.007621951219512195,192.0,0.0,18.0,0.0,0.5586434478371501,0.8015267175572519,0.0,14.0,1.3011558009307933,504.0,0.023138950566787424,18.0,105.0,0.3372691138648586
gpqa_0137,gpqa_diamond,1,3719.0,236.0,0.7542372881355932,0.0,0.07203389830508475,0.07627118644067797,0.07627118644067797,0.00847457627118644,0.012711864406779662,17.0,0.0,18.0,0.0,0.5326658322903629,0.9787234042553191,0.0,21.0,0.866767021361567,135.0,0.0056466792148427,16.0,12.0,0.17384284176533904
gpqa_0138,gpqa_diamond,0,5075.0,354.0,0.4745762711864407,0.002824858757062147,0.3248587570621469,0.062146892655367235,0.12994350282485875,0.002824858757062147,0.002824858757062147,115.0,1.0,22.0,0.005952380952380952,0.5359280699593545,1.0,0.0,11.0,1.0201956660047296,256.0,0.02541871921182266,23.0,73.0,0.3288643533123028
gpqa_0139,gpqa_diamond,0,7884.0,633.0,0.5608214849921012,0.011058451816745656,0.2480252764612954,0.09636650868878358,0.07740916271721959,0.00315955766192733,0.00315955766192733,157.0,7.0,61.0,0.01971830985915493,0.5224744013545111,0.9620253164556962,0.9023152043020751,18.0,1.1050514065082109,462.0,0.021689497716894976,31.0,137.0,0.26570232204035016
gpqa_0140,gpqa_diamond,0,3081.0,208.0,0.625,0.0,0.20673076923076922,0.07211538461538461,0.09134615384615384,0.0,0.004807692307692308,43.0,0.0,15.0,0.0,0.5123019885406135,1.0,0.0,10.0,1.5639442301799964,122.0,0.016877637130801686,11.0,43.0,0.20467836257309946
gpqa_0141,gpqa_diamond,1,398.0,40.0,0.875,0.025,0.025,0.025,0.025,0.0,0.025,1.0,1.0,1.0,0.02857142857142857,0.41025641025641024,1.0,0.0,16.0,0.14825611412046108,5.0,0.010050251256281407,0.0,0.0,0.0025316455696202667
gpqa_0142,gpqa_diamond,0,6724.0,555.0,0.6576576576576577,0.0036036036036036037,0.17297297297297298,0.08468468468468468,0.07747747747747748,0.0018018018018018018,0.0018018018018018018,96.0,2.0,47.0,0.005479452054794521,0.523014440433213,1.0,0.0,13.0,0.9638798799473909,458.0,0.015615704937537181,15.0,82.0,0.3460794524624312
gpqa_0143,gpqa_diamond,0,2366.0,222.0,0.6936936936936937,0.04504504504504504,0.15315315315315314,0.02702702702702703,0.06306306306306306,0.009009009009009009,0.009009009009009009,34.0,10.0,6.0,0.06493506493506493,0.6022092094756455,0.995475113122172,0.7072722779038418,16.0,0.9714525393336507,117.0,0.01944209636517329,21.0,17.0,0.14176893779094368
gpqa_0144,gpqa_diamond,0,4429.0,554.0,0.7653429602888087,0.010830324909747292,0.19133574007220217,0.0,0.019855595667870037,0.0036101083032490976,0.009025270758122744,106.0,6.0,0.0,0.014150943396226415,0.6042683134873246,0.6220614828209765,0.46176237373341533,19.0,0.5622245350735522,441.0,0.028674644389252654,17.0,49.0,0.21848169905106196
gpqa_0145,gpqa_diamond,0,4285.0,274.0,0.6131386861313869,0.0,0.20072992700729927,0.072992700729927,0.10948905109489052,0.0,0.0036496350364963502,55.0,0.0,20.0,0.0,0.4966366966366967,1.0,0.0,12.0,1.3992563365459838,170.0,0.015869311551925322,16.0,35.0,0.24287716020551142
gpqa_0146,gpqa_diamond,1,3807.0,232.0,0.7456896551724138,0.0,0.10344827586206896,0.02586206896551724,0.10775862068965517,0.008620689655172414,0.008620689655172414,24.0,0.0,6.0,0.0,0.4897186147186147,0.9956709956709957,0.0,23.0,1.0763110323137397,135.0,0.009456264775413711,9.0,19.0,0.26288117770767616
gpqa_0147,gpqa_diamond,0,7120.0,687.0,0.6652110625909753,0.010189228529839884,0.17467248908296942,0.046579330422125184,0.09898107714701601,0.0,0.004366812227074236,120.0,7.0,32.0,0.015317286652078774,0.5390913508260446,0.9708454810495627,1.0523189868488316,15.0,1.1825487650339574,514.0,0.020646067415730336,45.0,101.0,0.24518757903611077
gpqa_0148,gpqa_diamond,1,2131.0,125.0,0.688,0.0,0.152,0.072,0.072,0.008,0.008,19.0,0.0,9.0,0.0,0.4622241086587436,1.0,0.0,24.0,0.9430844128400846,60.0,0.01313937118723604,7.0,44.0,0.15836466165413532
gpqa_0149,gpqa_diamond,1,5484.0,494.0,0.6295546558704453,0.008097165991902834,0.20242914979757085,0.05668016194331984,0.10121457489878542,0.0020242914979757085,0.0,100.0,4.0,28.0,0.012861736334405145,0.5223326572008115,1.0,1.2717292812904477,11.0,0.9738431563591089,358.0,0.022793581327498178,14.0,61.0,0.1950374019339537
gpqa_0150,gpqa_diamond,1,1328.0,126.0,0.7619047619047619,0.015873015873015872,0.12698412698412698,0.023809523809523808,0.015873015873015872,0.023809523809523808,0.031746031746031744,16.0,2.0,3.0,0.020833333333333332,0.5449999999999999,0.824,0.0,22.0,0.9897331194644435,52.0,0.01355421686746988,2.0,16.0,0.07471698113207548
gpqa_0151,gpqa_diamond,1,1047.0,72.0,0.75,0.0,0.05555555555555555,0.06944444444444445,0.1111111111111111,0.013888888888888888,0.0,4.0,0.0,5.0,0.0,0.630281690140845,1.0,0.0,14.0,0.7126521317637449,23.0,0.008595988538681949,2.0,18.0,0.07279693486590033
gpqa_0152,gpqa_diamond,0,4921.0,415.0,0.619277108433735,0.004819277108433735,0.2457831325301205,0.07710843373493977,0.05301204819277108,0.0,0.0,102.0,2.0,32.0,0.007782101167315175,0.49969214739035717,1.0,0.0,13.0,1.1192167117936582,316.0,0.023166023166023165,24.0,52.0,0.2570150467669784
gpqa_0153,gpqa_diamond,1,4092.0,289.0,0.6539792387543253,0.01384083044982699,0.19377162629757785,0.06920415224913495,0.058823529411764705,0.006920415224913495,0.0034602076124567475,56.0,4.0,20.0,0.021164021164021163,0.5147569444444444,1.0,0.5836877406561263,15.0,1.0067930342319669,182.0,0.017839687194525906,9.0,48.0,0.18659819026656888
gpqa_0154,gpqa_diamond,1,1104.0,114.0,0.9035087719298246,0.02631578947368421,0.03508771929824561,0.0,0.008771929824561403,0.008771929824561403,0.017543859649122806,4.0,3.0,0.0,0.02912621359223301,0.6570796460176991,0.8141592920353983,0.7142857142857143,51.0,0.3818195820925099,24.0,0.005434782608695652,0.0,1.0,0.07811080835604
gpqa_0155,gpqa_diamond,1,6572.0,456.0,0.6842105263157895,0.0,0.24561403508771928,0.03070175438596491,0.02850877192982456,0.0043859649122807015,0.006578947368421052,112.0,0.0,14.0,0.0,0.4707417582417583,0.967032967032967,0.0,10.0,0.9732066403854143,351.0,0.019476567255021303,20.0,138.0,0.3180088293499772
gpqa_0156,gpqa_diamond,1,1727.0,130.0,0.8076923076923077,0.007692307692307693,0.06153846153846154,0.05384615384615385,0.05384615384615385,0.015384615384615385,0.0,8.0,1.0,7.0,0.009523809523809525,0.3798449612403101,1.0,0.0,21.0,0.5437291429559675,64.0,0.006948465547191662,5.0,23.0,0.11020881670533644
gpqa_0157,gpqa_diamond,0,3191.0,262.0,0.7251908396946565,0.0,0.14122137404580154,0.04961832061068702,0.06870229007633588,0.003816793893129771,0.011450381679389313,37.0,0.0,13.0,0.0,0.6282489385937662,0.5440613026819924,0.0,20.0,1.1523110733032593,181.0,0.009714822939517392,6.0,131.0,0.28105395232120456
gpqa_0158,gpqa_diamond,0,4203.0,309.0,0.6116504854368932,0.009708737864077669,0.16828478964401294,0.11650485436893204,0.08414239482200647,0.003236245954692557,0.006472491909385114,52.0,3.0,36.0,0.015873015873015872,0.5332792207792209,0.9805194805194806,0.8529411764705882,11.0,1.0532824791075799,195.0,0.014275517487508922,7.0,55.0,0.23523809523809525
gpqa_0159,gpqa_diamond,0,3814.0,228.0,0.6754385964912281,0.013157894736842105,0.19736842105263158,0.04824561403508772,0.043859649122807015,0.0043859649122807015,0.017543859649122806,45.0,3.0,11.0,0.01948051948051948,0.4982868330885953,0.8237885462555066,0.6538461538461539,14.0,1.0417746335573208,148.0,0.014682747771368642,12.0,30.0,0.2912621359223301
gpqa_0160,gpqa_diamond,1,2348.0,168.0,0.7738095238095238,0.011904761904761904,0.11904761904761904,0.017857142857142856,0.05952380952380952,0.011904761904761904,0.005952380952380952,20.0,2.0,3.0,0.015384615384615385,0.5994011976047904,1.0,0.0,14.0,0.6928118353850428,85.0,0.011073253833049404,9.0,9.0,0.18635394456289978
gpqa_0161,gpqa_diamond,1,9072.0,635.0,0.6346456692913386,0.014173228346456693,0.16377952755905512,0.05826771653543307,0.08661417322834646,0.006299212598425197,0.03622047244094488,104.0,9.0,37.0,0.022332506203473945,0.49579895656394074,0.0694006309148265,1.1503689325040174,23.0,1.387875724155004,431.0,0.014219576719576719,20.0,106.0,0.2711434557283052
gpqa_0162,gpqa_diamond,0,7520.0,658.0,0.7325227963525835,0.016717325227963525,0.16261398176291794,0.02735562310030395,0.04711246200607903,0.0121580547112462,0.001519756838905775,107.0,11.0,18.0,0.022821576763485476,0.5661815957552738,1.0,0.6450450729727191,23.0,1.3147798593774107,416.0,0.015292553191489361,15.0,122.0,0.19090062524943463
gpqa_0163,gpqa_diamond,0,8801.0,845.0,0.8201183431952662,0.0035502958579881655,0.11952662721893491,0.02485207100591716,0.02485207100591716,0.004733727810650888,0.002366863905325444,101.0,3.0,21.0,0.004329004329004329,0.5548543005959364,0.39454976303317535,0.8543046357615894,48.0,1.035240414309164,656.0,0.012725826610612431,14.0,73.0,0.2444873834962491
gpqa_0164,gpqa_diamond,1,733.0,55.0,0.9090909090909091,0.0,0.01818181818181818,0.0,0.05454545454545454,0.0,0.01818181818181818,1.0,0.0,0.0,0.0,0.9259259259259259,1.0,0.0,25.0,0.20203021767824936,2.0,0.002728512960436562,0.0,15.0,0.017808219178082174
gpqa_0165,gpqa_diamond,0,4586.0,274.0,0.6824817518248175,0.0072992700729927005,0.14233576642335766,0.06204379562043796,0.09854014598540146,0.0036496350364963502,0.0036496350364963502,39.0,2.0,17.0,0.0106951871657754,0.520803982342444,1.0,0.0,12.0,0.9671931507892614,153.0,0.009376362843436545,9.0,30.0,0.1861226271001527
gpqa_0166,gpqa_diamond,0,0.0,0.0,0.0,0.0,0.0,0.0,0.0,0.0,0.0,0.0,0.0,0.0,0.0,0.0,0.0,0.0,0.0,0.0,0.0,0.0,0.0,0.0,0.0
gpqa_0167,gpqa_diamond,0,1193.0,75.0,0.7066666666666667,0.02666666666666667,0.05333333333333334,0.02666666666666667,0.12,0.013333333333333334,0.05333333333333334,4.0,2.0,2.0,0.03773584905660377,0.75,0.5675675675675675,0.0,18.0,0.9990474555633059,19.0,0.004191114836546521,0.0,45.0,0.07478991596638651
gpqa_0168,gpqa_diamond,1,8541.0,622.0,0.7990353697749196,0.006430868167202572,0.11093247588424437,0.02572347266881029,0.04983922829581994,0.001607717041800643,0.006430868167202572,69.0,4.0,16.0,0.008048289738430584,0.5394991715092535,0.9629629629629629,0.91597871876617,49.0,1.0276275728106794,430.0,0.011356983959723685,12.0,59.0,0.2973764347622394
gpqa_0169,gpqa_diamond,1,1208.0,129.0,0.8604651162790697,0.023255813953488372,0.06201550387596899,0.0,0.023255813953488372,0.007751937984496124,0.023255813953488372,8.0,3.0,0.0,0.02702702702702703,0.5126953125,0.8515625,0.3103448275862069,29.0,0.4367408919243539,51.0,0.008278145695364239,4.0,10.0,0.08796680497925313
gpqa_0170,gpqa_diamond,0,7201.0,504.0,0.6329365079365079,0.011904761904761904,0.24404761904761904,0.027777777777777776,0.07936507936507936,0.001984126984126984,0.001984126984126984,123.0,6.0,14.0,0.018808777429467086,0.5145872731093116,1.0,0.6799276338711255,12.0,1.1634417205585275,379.0,0.019580613803638385,12.0,84.0,0.2767435398721867
gpqa_0171,gpqa_diamond,1,1285.0,108.0,0.8425925925925926,0.0,0.08333333333333333,0.009259259259259259,0.05555555555555555,0.0,0.009259259259259259,9.0,0.0,1.0,0.0,0.46209761163032187,1.0,0.0,16.0,0.6421754693599253,54.0,0.013229571984435798,7.0,4.0,0.18096723868954756
gpqa_0172,gpqa_diamond,0,1044.0,81.0,0.7654320987654321,0.037037037037037035,0.04938271604938271,0.04938271604938271,0.06172839506172839,0.024691358024691357,0.012345679012345678,4.0,3.0,4.0,0.04838709677419355,0.48125000000000007,1.0,0.8461538461538461,14.0,0.9708322599839011,23.0,0.006704980842911878,1.0,4.0,0.06916426512968299
gpqa_0173,gpqa_diamond,0,9335.0,816.0,0.7316176470588235,0.003676470588235294,0.2107843137254902,0.015931372549019607,0.022058823529411766,0.004901960784313725,0.011029411764705883,172.0,3.0,13.0,0.005025125628140704,0.6329861606505921,0.8895705521472392,0.18823529411764706,37.0,1.2755952952049836,608.0,0.01981788966256026,12.0,102.0,0.3221174453493356
gpqa_0174,gpqa_diamond,1,5930.0,436.0,0.6284403669724771,0.011467889908256881,0.17889908256880735,0.08944954128440367,0.08027522935779817,0.006880733944954129,0.0045871559633027525,78.0,5.0,39.0,0.01824817518248175,0.5432655467138225,0.993103448275862,0.5773502691896257,20.0,1.1571569657239336,298.0,0.016020236087689713,13.0,70.0,0.26522692761936895
gpqa_0175,gpqa_diamond,1,2325.0,214.0,0.8691588785046729,0.014018691588785047,0.06074766355140187,0.018691588785046728,0.004672897196261682,0.018691588785046728,0.014018691588785047,13.0,3.0,4.0,0.016129032258064516,0.5507403394727338,0.9577464788732394,0.0,47.0,0.4871401121521523,76.0,0.006881720430107527,3.0,9.0,0.09560723514211888
gpqa_0176,gpqa_diamond,0,863.0,64.0,0.703125,0.015625,0.0625,0.03125,0.15625,0.0,0.03125,4.0,1.0,2.0,0.022222222222222223,0.6468253968253967,0.7936507936507936,0.0,8.0,0.8065473951008512,6.0,0.012746234067207415,5.0,12.0,0.03139534883720929
gpqa_0177,gpqa_diamond,0,5509.0,397.0,0.6675062972292192,0.020151133501259445,0.2367758186397985,0.012594458438287154,0.04534005037783375,0.0025188916876574307,0.015113350125944584,94.0,8.0,5.0,0.03018867924528302,0.5392488716956801,0.1691919191919192,0.6563126987482004,12.0,1.1516327968777473,269.0,0.019604283899074242,8.0,69.0,0.17035960770069014
gpqa_0178,gpqa_diamond,1,5416.0,448.0,0.8303571428571429,0.022321428571428572,0.09598214285714286,0.015625,0.029017857142857144,0.004464285714285714,0.002232142857142857,43.0,10.0,7.0,0.026881720430107527,0.6258779459965662,1.0,0.6662259435115461,43.0,1.0426491563676847,267.0,0.01015509601181684,16.0,131.0,0.2179937188250508
gpqa_0179,gpqa_diamond,0,0.0,0.0,0.0,0.0,0.0,0.0,0.0,0.0,0.0,0.0,0.0,0.0,0.0,0.0,0.0,0.0,0.0,0.0,0.0,0.0,0.0,0.0,0.0
gpqa_0180,gpqa_diamond,0,6468.0,376.0,0.625,0.005319148936170213,0.19946808510638298,0.09574468085106383,0.05851063829787234,0.0026595744680851063,0.013297872340425532,75.0,2.0,36.0,0.00851063829787234,0.4768711111111111,0.5813333333333334,0.0,15.0,1.215878256061879,280.0,0.012368583797155226,5.0,53.0,0.2892498066511988
gpqa_0181,gpqa_diamond,0,567.0,32.0,0.875,0.0,0.03125,0.0,0.0625,0.0,0.03125,1.0,0.0,0.0,0.0,0.7096774193548387,1.0,0.0,10.0,0.26865283095601394,5.0,0.003527336860670194,0.0,9.0,0.054964539007092195
gpqa_0182,gpqa_diamond,0,3223.0,320.0,0.765625,0.00625,0.153125,0.01875,0.046875,0.0,0.009375,49.0,2.0,6.0,0.00816326530612245,0.5291408099289873,0.8025078369905956,0.0,15.0,0.9573153786384601,235.0,0.02202916537387527,15.0,42.0,0.2065217391304348
gpqa_0183,gpqa_diamond,0,6276.0,556.0,0.6258992805755396,0.0035971223021582736,0.18345323741007194,0.07553956834532374,0.10251798561151079,0.007194244604316547,0.0017985611510791368,102.0,2.0,42.0,0.005747126436781609,0.5419537184243066,1.0,0.0,28.0,1.243547540349759,446.0,0.022307202039515615,20.0,99.0,0.25569902757851104
gpqa_0184,gpqa_diamond,1,2230.0,143.0,0.8461538461538461,0.02097902097902098,0.06993006993006994,0.02097902097902098,0.02097902097902098,0.006993006993006993,0.013986013986013986,10.0,3.0,3.0,0.024793388429752067,0.5422535211267606,0.9929577464788732,0.5348837209302325,23.0,0.485142379681251,72.0,0.007623318385650224,2.0,4.0,0.16614279299506063
gpqa_0185,gpqa_diamond,0,1969.0,154.0,0.5584415584415584,0.012987012987012988,0.18181818181818182,0.11688311688311688,0.12987012987012986,0.0,0.0,28.0,2.0,18.0,0.023255813953488372,0.5849673202614379,1.0,0.0,8.0,1.4569390652789072,80.0,0.01675977653631285,2.0,18.0,0.15055951169888093
gpqa_0186,gpqa_diamond,1,4004.0,435.0,0.8459770114942529,0.011494252873563218,0.1310344827586207,0.0,0.0022988505747126436,0.004597701149425287,0.004597701149425287,57.0,5.0,0.0,0.01358695652173913,0.5236074056108011,0.9861751152073732,1.2484534366392024,33.0,0.29462042595312155,301.0,0.01948051948051948,13.0,50.0,0.17345663584103976
gpqa_0187,gpqa_diamond,0,8374.0,645.0,0.5100775193798449,0.007751937984496124,0.3643410852713178,0.03875968992248062,0.06821705426356589,0.004651162790697674,0.006201550387596899,235.0,5.0,25.0,0.015197568389057751,0.5840491608299193,0.8726708074534162,0.9404290976756844,16.0,1.3929889416397834,498.0,0.029615476474802963,36.0,112.0,0.273682953052204
gpqa_0188,gpqa_diamond,0,671.0,46.0,0.8913043478260869,0.0,0.043478260869565216,0.0,0.043478260869565216,0.0,0.021739130434782608,2.0,0.0,0.0,0.0,0.7333333333333334,1.0,0.0,24.0,0.24018156209283079,13.0,0.007451564828614009,2.0,15.0,0.029940119760479056
gpqa_0189,gpqa_diamond,0,5490.0,478.0,0.6882845188284519,0.0041841004184100415,0.2510460251046025,0.014644351464435146,0.03556485355648536,0.0020920502092050207,0.0041841004184100415,120.0,2.0,7.0,0.0060790273556231,0.5349755415793153,0.8553459119496856,0.0,18.0,0.881512548940934,365.0,0.02313296903460838,15.0,90.0,0.29797703663203934
gpqa_0190,gpqa_diamond,0,6326.0,473.0,0.4418604651162791,0.0,0.26849894291754756,0.09936575052854123,0.1733615221987315,0.014799154334038054,0.0021141649048625794,127.0,0.0,47.0,0.0,0.5786901107700522,1.0,0.0,9.0,1.7182003095521385,352.0,0.021656655074296555,25.0,77.0,0.28024671832990666
gpqa_0191,gpqa_diamond,0,6763.0,398.0,0.7487437185929648,0.0,0.17336683417085427,0.017587939698492462,0.04020100502512563,0.005025125628140704,0.01507537688442211,69.0,0.0,7.0,0.0,0.5684663965246597,0.8942065491183879,0.0,19.0,1.0720310269052709,308.0,0.014047020553009019,34.0,55.0,0.3899408284023669
gpqa_0192,gpqa_diamond,1,2108.0,153.0,0.8235294117647058,0.0196078431372549,0.0718954248366013,0.013071895424836602,0.026143790849673203,0.0,0.0457516339869281,11.0,3.0,2.0,0.023809523809523808,0.5747607655502392,0.21052631578947367,0.6190476190476191,18.0,0.9297842302374257,102.0,0.009487666034155597,10.0,3.0,0.2261282660332542
gpqa_0193,gpqa_diamond,1,1596.0,151.0,0.8344370860927153,0.046357615894039736,0.0728476821192053,0.013245033112582781,0.013245033112582781,0.013245033112582781,0.006622516556291391,11.0,7.0,2.0,0.05555555555555555,0.6587878787878787,1.0,1.1009705105458811,37.0,0.7715079571280787,71.0,0.010651629072681704,9.0,6.0,0.13057124921531704
gpqa_0194,gpqa_diamond,1,8392.0,564.0,0.5656028368794326,0.0035460992907801418,0.3191489361702128,0.03368794326241135,0.05851063829787234,0.012411347517730497,0.0070921985815602835,180.0,2.0,19.0,0.006269592476489028,0.5339253996447603,0.9396092362344582,0.0,21.0,1.1416419080299642,427.0,0.023355576739752144,20.0,109.0,0.3199427822148051
gpqa_0195,gpqa_diamond,1,818.0,80.0,0.9,0.0125,0.025,0.0125,0.0375,0.0,0.0125,2.0,1.0,1.0,0.013888888888888888,0.5886075949367089,1.0,0.0,31.0,0.1485547572268973,31.0,0.007334963325183374,5.0,4.0,0.08711656441717797
gpqa_0196,gpqa_diamond,0,5320.0,391.0,0.6112531969309463,0.005115089514066497,0.18414322250639387,0.08951406649616368,0.10997442455242967,0.0,0.0,72.0,2.0,35.0,0.008368200836820083,0.5320868945868945,1.0,0.0,13.0,1.2286573509157397,264.0,0.019172932330827067,14.0,92.0,0.21572315215347004
gpqa_0197,gpqa_diamond,0,9774.0,684.0,0.5789473684210527,0.013157894736842105,0.21783625730994152,0.0935672514619883,0.08625730994152046,0.008771929824561403,0.0014619883040935672,149.0,9.0,64.0,0.022727272727272728,0.5931588825454225,0.9985358711566618,0.4497426941903478,37.0,1.2687534158796139,513.0,0.017393083691426232,8.0,172.0,0.40395046566369874
