item_id,dataset,is_correct,total_tokens,total_episodes,prop_forward,prop_verification,prop_backtrack,prop_restart,prop_hesitation,prop_subgoal,prop_conclusion,backtrack_count,verification_count,restart_count,vf_ratio,bt_position_mean,first_conclusion_pos,v_clustering,max_forward_run,transition_entropy,cycle_count,wait_ratio,question_mark_count,negation_count,repetition_rate_4gram,semantic_recurrence_rate,max_semantic_cycle_span,progress_repetition,termination_recycle,revision_ineffectiveness
gpqa_0000,gpqa_diamond,1,2780.0,212.0,0.7358490566037735,0.0094339622641509,0.1084905660377358,0.0330188679245283,0.080188679245283,0.0094339622641509,0.0235849056603773,23.0,2.0,7.0,0.0128205128205128,0.4994848547290335,0.7061611374407583,0.0,24.0,1.2040710572002296,114.0,0.0129496402877697,5.0,13.0,0.2203817068779258,0.05393816294290228,0.9339622641509434,0.7548881893474344,0.3286334276199341,0.3500516537266473
gpqa_0001,gpqa_diamond,1,5331.0,538.0,0.4925650557620817,0.0055762081784386,0.2434944237918215,0.1579925650557621,0.0910780669144981,0.0055762081784386,0.0037174721189591,131.0,3.0,85.0,0.0113207547169811,0.4432171947631029,0.9906890130353816,0.0,13.0,1.264518246580003,416.0,0.0266366535359219,45.0,113.0,0.2231606606606606,0.030642875010422746,0.8810408921933085,0.806092442899554,0.3003053665161133,0.35482685127580127
gpqa_0002,gpqa_diamond,1,1416.0,153.0,0.8627450980392157,0.0065359477124183,0.0261437908496732,0.0261437908496732,0.0522875816993464,0.0130718954248366,0.0130718954248366,4.0,1.0,4.0,0.0075757575757575,0.544407894736842,0.4473684210526316,0.0,29.0,0.6514032703562054,69.0,0.0056497175141242,2.0,4.0,0.0368011323425335,0.03093412338794005,0.738562091503268,0.7192535400880795,0.2493811845779419,0.3282453179359436
gpqa_0003,gpqa_diamond,0,843.0,65.0,0.8615384615384616,0.0153846153846153,0.0307692307692307,0.0,0.0307692307692307,0.0,0.0615384615384615,2.0,1.0,0.0,0.0178571428571428,0.4921875,0.65625,0.0,19.0,0.4465074238739673,26.0,0.0071174377224199,9.0,6.0,0.0952380952380952,0.032242063492063495,0.7076923076923077,0.6905282221268862,0.33291950821876526,0.3242981433868408
gpqa_0004,gpqa_diamond,1,1869.0,179.0,0.8770949720670391,0.0167597765363128,0.0502793296089385,0.0111731843575419,0.0167597765363128,0.0167597765363128,0.0111731843575419,9.0,3.0,2.0,0.019108280254777,0.3420724094881398,0.9382022471910112,0.8545454545454545,54.0,0.4748356635295723,86.0,0.005350454788657,4.0,8.0,0.1243301178992497,0.03999238240335174,0.7821229050279329,0.7415674962521939,0.2617974877357483,0.27020313050597905
gpqa_0005,gpqa_diamond,0,8822.0,678.0,0.6563421828908554,0.023598820058997,0.1578171091445427,0.0309734513274336,0.1209439528023598,0.0073746312684365,0.0029498525073746,107.0,16.0,21.0,0.0359550561797752,0.5272574165849887,0.8257016248153619,0.7047173038418891,26.0,1.3370977382349467,472.0,0.0175697120834277,2.0,81.0,0.3456174169406962,0.05097759869944849,0.9837758112094396,0.8197726100419085,0.28003501892089844,0.2891619629226625
gpqa_0006,gpqa_diamond,0,6735.0,528.0,0.7253787878787878,0.0056818181818181,0.1515151515151515,0.0643939393939393,0.0492424242424242,0.0018939393939393,0.0018939393939393,80.0,3.0,34.0,0.0078328981723237,0.5171726755218217,1.0,0.5421686746987951,24.0,1.1544136427653855,292.0,0.0123236822568671,8.0,59.0,0.1540404040404041,0.011154320675896999,0.9356060606060606,0.7522206554150446,0.2526525855064392,0.31482604708031026
gpqa_0007,gpqa_diamond,0,4947.0,326.0,0.8496932515337423,0.0,0.0490797546012269,0.0429447852760736,0.0552147239263803,0.0030674846625766,0.0,16.0,0.0,14.0,0.0,0.4442307692307692,1.0,0.0,25.0,0.6961325516190991,229.0,0.0044471396806145,1.0,77.0,0.369336569579288,0.0871604938271605,0.9631901840490797,0.8375965938201317,0.4231102168560028,0.3761218278668821
gpqa_0008,gpqa_diamond,0,895.0,67.0,0.8059701492537313,0.0149253731343283,0.044776119402985,0.0,0.1044776119402985,0.0149253731343283,0.0149253731343283,3.0,1.0,0.0,0.0185185185185185,0.5454545454545454,1.0,0.0,17.0,0.4796054353359731,16.0,0.0044692737430167,5.0,9.0,0.0448430493273542,0.033566433566433566,0.9701492537313433,0.6795296967029572,0.32661789655685425,0.313057782749335
gpqa_0009,gpqa_diamond,0,3217.0,297.0,0.632996632996633,0.0067340067340067,0.1649831649831649,0.0269360269360269,0.0673400673400673,0.0033670033670033,0.0976430976430976,49.0,2.0,8.0,0.0106382978723404,0.5052399338113625,0.4898648648648648,0.0,15.0,1.1176947840805571,270.0,0.0167858253030774,11.0,43.0,0.4508400746733043,0.10535959688502061,0.9494949494949495,0.8591360834905425,0.33764374256134033,0.3312947447769917
gpqa_0010,gpqa_diamond,1,1206.0,91.0,0.6593406593406593,0.0,0.0879120879120879,0.0989010989010989,0.1318681318681318,0.0,0.0219780219780219,8.0,0.0,9.0,0.0,0.6,0.9333333333333332,0.0,28.0,0.9557844986840192,41.0,0.0074626865671641,1.0,43.0,0.0598503740648379,0.03146067415730337,0.8241758241758241,0.6875056371092796,0.24673163890838623,0.3380121795926243
gpqa_0011,gpqa_diamond,1,1449.0,175.0,0.9314285714285714,0.0114285714285714,0.0228571428571428,0.0057142857142857,0.0114285714285714,0.0114285714285714,0.0057142857142857,4.0,2.0,1.0,0.0122699386503067,0.5545977011494253,1.0,0.0,64.0,0.536805619794979,74.0,0.0041407867494824,1.0,4.0,0.1189488243430152,0.0415254800345492,0.8342857142857143,0.7414002564104124,0.28524094820022583,0.4735079050064087
gpqa_0012,gpqa_diamond,0,5892.0,450.0,0.4733333333333333,0.0,0.2888888888888888,0.0733333333333333,0.1622222222222222,0.0,0.0022222222222222,130.0,0.0,33.0,0.0,0.4705499400376904,1.0,0.0,11.0,1.4650408712743306,362.0,0.0276646300067888,12.0,110.0,0.380370181694685,0.0536609131403118,0.9622222222222222,0.829464258323268,0.27296367287635803,0.4026152875774832
gpqa_0013,gpqa_diamond,1,502.0,28.0,0.9642857142857144,0.0,0.0,0.0,0.0357142857142857,0.0,0.0,0.0,0.0,0.0,0.0,0.0,1.0,0.0,18.0,0.1175966909096207,0.0,0.0039840637450199,3.0,3.0,0.0100200400801603,0.011396011396011397,0.6071428571428571,0.5569446586348392,0.27980074286460876,0.0
gpqa_0014,gpqa_diamond,1,9046.0,744.0,0.7741935483870968,0.0040322580645161,0.1411290322580645,0.0309139784946236,0.032258064516129,0.0040322580645161,0.0134408602150537,105.0,3.0,23.0,0.0052083333333333,0.4591168365058002,0.5814266487213997,0.8921161825726142,37.0,1.0309792114947285,525.0,0.0133760778244527,20.0,84.0,0.2404069445980315,0.016259572723677958,0.9959677419354839,0.801224780225096,0.2444559782743454,0.36541665789582545
gpqa_0015,gpqa_diamond,0,4344.0,411.0,0.6788321167883211,0.0024330900243309,0.1776155717761557,0.0632603406326034,0.072992700729927,0.0,0.0048661800486618,73.0,1.0,26.0,0.003584229390681,0.4559305045105245,0.975609756097561,0.0,19.0,0.989149319900199,301.0,0.0207182320441988,38.0,126.0,0.1916609076249712,0.0381298825213191,0.9586374695863747,0.794875301220795,0.3304438292980194,0.4173265990755725
gpqa_0016,gpqa_diamond,1,713.0,53.0,0.7169811320754716,0.0,0.1509433962264151,0.0377358490566037,0.0377358490566037,0.0377358490566037,0.0188679245283018,8.0,0.0,2.0,0.0,0.5625,1.0,0.0,8.0,0.7802210854971816,16.0,0.0154277699859747,2.0,1.0,0.0605633802816901,0.033182503770739065,0.9622641509433962,0.6807414651490175,0.31096354126930237,0.6029246486723423
gpqa_0017,gpqa_diamond,1,2401.0,186.0,0.7634408602150538,0.021505376344086,0.1075268817204301,0.0376344086021505,0.053763440860215,0.0053763440860215,0.010752688172043,20.0,4.0,7.0,0.028169014084507,0.3556756756756757,0.6972972972972973,0.8263481346680838,22.0,0.9878330544075962,94.0,0.0104123281965847,4.0,13.0,0.1547122602168473,0.057579318448883664,0.9838709677419355,0.775725319981575,0.3490852117538452,0.34969596192240715
gpqa_0018,gpqa_diamond,0,7873.0,693.0,0.733044733044733,0.0,0.1933621933621933,0.0245310245310245,0.0476190476190476,0.0,0.0014430014430014,134.0,0.0,17.0,0.0,0.4360387369510827,1.0,0.0,23.0,1.2464842584461109,539.0,0.0176552775308014,19.0,88.0,0.3412960609911054,0.017880595266975063,0.963924963924964,0.8315943271093975,0.2542780041694641,0.4360129403725375
gpqa_0019,gpqa_diamond,1,2361.0,142.0,0.6830985915492958,0.0,0.0633802816901408,0.0704225352112676,0.176056338028169,0.0,0.0070422535211267,9.0,0.0,10.0,0.0,0.5208825847123718,1.0,0.0,13.0,1.3253251076124657,75.0,0.0067767894959762,4.0,46.0,0.1925360474978795,0.07912867274569402,0.9436619718309859,0.7638225140089685,0.2516990303993225,0.4004577332072788
gpqa_0020,gpqa_diamond,1,4391.0,335.0,0.5940298507462687,0.0149253731343283,0.2895522388059701,0.026865671641791,0.0716417910447761,0.0029850746268656,0.0,97.0,5.0,9.0,0.0251256281407035,0.5301561824804,1.0,0.7097060269069857,11.0,1.1204639526998397,252.0,0.0266454110680938,35.0,132.0,0.1987237921604375,0.06014997032961105,0.9731343283582089,0.7973355232420082,0.29451051354408264,0.44992760803129167
gpqa_0021,gpqa_diamond,0,541.0,44.0,0.8181818181818182,0.0227272727272727,0.0909090909090909,0.0,0.0227272727272727,0.0227272727272727,0.0227272727272727,4.0,1.0,0.0,0.0277777777777777,0.4709302325581396,1.0,0.0,15.0,0.4897538593416901,13.0,0.011090573012939,1.0,3.0,0.0353159851301114,0.05426356589147287,0.8181818181818182,0.6471319593662439,0.28781062364578247,0.21071431431919335
gpqa_0022,gpqa_diamond,0,4693.0,365.0,0.6191780821917808,0.0027397260273972,0.1780821917808219,0.0684931506849315,0.1287671232876712,0.0027397260273972,0.0,65.0,1.0,25.0,0.0044247787610619,0.4828825021132713,1.0,0.0,15.0,1.052737772384508,266.0,0.0168335819305348,20.0,87.0,0.2923240938166311,0.018950746223473498,0.8767123287671232,0.7832635817128224,0.24840055406093597,0.415594613439787
gpqa_0023,gpqa_diamond,1,6867.0,606.0,0.6551155115511551,0.0066006600660066,0.2128712871287128,0.0264026402640264,0.0907590759075907,0.0033003300330033,0.0049504950495049,129.0,4.0,16.0,0.0100755667506297,0.5075405214940099,0.6049586776859505,0.368072154381856,17.0,0.9988842065529752,454.0,0.0231542158147662,24.0,171.0,0.284527972027972,0.03208362979585135,0.9620462046204621,0.8071289821227721,0.28593015670776367,0.3462895690358447
gpqa_0024,gpqa_diamond,0,5131.0,445.0,0.5842696629213483,0.0,0.197752808988764,0.1078651685393258,0.1078651685393258,0.0,0.0022471910112359,88.0,0.0,48.0,0.0,0.500230343980344,1.0,0.0,19.0,1.6796040975483868,326.0,0.0177353342428376,20.0,97.0,0.2812012480499219,0.025603481585422895,0.8898876404494382,0.797528235761969,0.2757260501384735,0.3712781810968676
gpqa_0025,gpqa_diamond,0,4497.0,375.0,0.6293333333333333,0.0053333333333333,0.1653333333333333,0.0773333333333333,0.1173333333333333,0.0026666666666666,0.0026666666666666,62.0,2.0,29.0,0.0084745762711864,0.4778333620838365,1.0,0.0,17.0,1.096421970092325,258.0,0.0155659328441183,15.0,60.0,0.1769025367156208,0.02129001734742154,0.9546666666666667,0.7825947020621223,0.3086661398410797,0.38548388298967795
gpqa_0026,gpqa_diamond,0,2257.0,149.0,0.7315436241610739,0.0,0.087248322147651,0.087248322147651,0.0536912751677852,0.0067114093959731,0.0335570469798657,13.0,0.0,13.0,0.0,0.5093555093555093,0.668918918918919,0.0,24.0,1.1271278109028888,96.0,0.0079751883030571,0.0,36.0,0.3744454303460515,0.1654715940430226,0.9060402684563759,0.810355314682867,0.4131666421890259,0.45563071966171265
gpqa_0027,gpqa_diamond,0,6044.0,405.0,0.5456790123456791,0.0049382716049382,0.2395061728395061,0.0839506172839506,0.1209876543209876,0.0024691358024691,0.0024691358024691,97.0,2.0,34.0,0.0090497737556561,0.5382004695314894,1.0,0.0,10.0,1.0568962373343935,285.0,0.0178689609530112,17.0,101.0,0.2584009269988412,0.022578188339925805,0.9506172839506173,0.7652568154700912,0.29346388578414917,0.4197508020573581
gpqa_0028,gpqa_diamond,0,2144.0,186.0,0.8172043010752689,0.0161290322580645,0.075268817204301,0.064516129032258,0.021505376344086,0.0053763440860215,0.0,14.0,3.0,12.0,0.0197368421052631,0.467953667953668,1.0,0.375,19.0,0.7430613048464808,113.0,0.0088619402985074,4.0,58.0,0.1807566557683325,0.047414806110458285,0.8279569892473119,0.7694183882225204,0.2973393201828003,0.3681533070484875
gpqa_0029,gpqa_diamond,0,3713.0,311.0,0.5594855305466238,0.0096463022508038,0.1672025723472668,0.1061093247588424,0.0739549839228295,0.0,0.0836012861736334,52.0,3.0,33.0,0.0172413793103448,0.563895781637717,0.3516129032258064,0.4492753623188406,11.0,1.434392257150917,232.0,0.0161594398060867,6.0,74.0,0.3361185983827494,0.03221630650381042,0.9935691318327974,0.8023017146414326,0.3196227550506592,0.3804517245779817
gpqa_0030,gpqa_diamond,0,6997.0,522.0,0.6187739463601533,0.0172413793103448,0.2068965517241379,0.053639846743295,0.0881226053639846,0.0019157088122605,0.0134099616858237,108.0,9.0,28.0,0.0278637770897832,0.5326473306319756,0.7869481765834933,0.6507283701362739,18.0,1.0734989679261486,420.0,0.0172931256252679,47.0,147.0,0.4272233342865313,0.02783109404990403,0.9157088122605364,0.8210225137318851,0.3085083067417145,0.38643710752408617
gpqa_0031,gpqa_diamond,0,4295.0,391.0,0.6751918158567775,0.0281329923273657,0.1764705882352941,0.0434782608695652,0.0588235294117647,0.0102301790281329,0.0076726342710997,69.0,11.0,17.0,0.0416666666666666,0.636269044964697,0.5615384615384615,0.9501976039998664,28.0,1.2088775239053986,266.0,0.0214202561117578,15.0,34.0,0.1908201304753028,0.028449014567266496,0.928388746803069,0.7999173999214784,0.30850160121917725,0.4299912265426404
gpqa_0032,gpqa_diamond,0,1798.0,118.0,0.7796610169491526,0.0,0.1101694915254237,0.0508474576271186,0.059322033898305,0.0,0.0,13.0,0.0,6.0,0.0,0.5976331360946745,1.0,0.0,21.0,1.17329021511811,64.0,0.0094549499443826,1.0,10.0,0.173259052924791,0.029030356616563512,0.8050847457627118,0.7133657108260016,0.3064432740211487,0.31756506100870097
gpqa_0033,gpqa_diamond,0,5957.0,530.0,0.7018867924528301,0.0037735849056603,0.160377358490566,0.0716981132075471,0.0584905660377358,0.0,0.0037735849056603,85.0,2.0,38.0,0.0053763440860215,0.5186033581674636,0.9905482041587902,0.0,22.0,1.184884551645682,426.0,0.016283364109451,21.0,78.0,0.2769566677863621,0.029293406656355617,0.8433962264150944,0.8183463772438424,0.3061369061470032,0.42952061405198444
gpqa_0034,gpqa_diamond,1,896.0,84.0,0.8214285714285714,0.0357142857142857,0.0833333333333333,0.0,0.0119047619047619,0.0357142857142857,0.0119047619047619,7.0,3.0,0.0,0.0434782608695652,0.5989672977624785,1.0,0.1,15.0,0.555555147781653,26.0,0.0089285714285714,3.0,17.0,0.0436730123180291,0.024390243902439025,0.6071428571428571,0.6704699820782765,0.21959301829338074,0.3556800491309592
gpqa_0035,gpqa_diamond,0,5884.0,376.0,0.4840425531914893,0.0106382978723404,0.1914893617021276,0.2101063829787234,0.0984042553191489,0.0026595744680851,0.0026595744680851,72.0,4.0,79.0,0.0219780219780219,0.5015555555555555,0.9733333333333334,0.8314144574157946,10.0,1.181854792262694,298.0,0.0149558123725356,4.0,58.0,0.3451793912599897,0.024185383244206774,0.9946808510638298,0.7732181582848231,0.2936442196369171,0.36365322350230933
gpqa_0036,gpqa_diamond,0,5419.0,479.0,0.4237995824634655,0.0041753653444676,0.2797494780793319,0.0730688935281837,0.1377870563674321,0.0793319415448851,0.0020876826722338,134.0,2.0,35.0,0.0098522167487684,0.5072753387872353,1.0,0.0,14.0,1.5921600829366318,310.0,0.0256504890201144,28.0,94.0,0.2005169867060561,0.017946896134312256,0.954070981210856,0.7693901803017161,0.2432180643081665,0.3451137706441091
gpqa_0037,gpqa_diamond,0,4652.0,403.0,0.652605459057072,0.0024813895781637,0.1488833746898263,0.0595533498759305,0.119106699751861,0.0124069478908188,0.0049627791563275,60.0,1.0,24.0,0.0038022813688212,0.4754975124378109,0.9552238805970148,0.0,13.0,0.9467111233114034,294.0,0.0150472914875322,14.0,35.0,0.2503764250376424,0.02218334760114639,0.9478908188585607,0.7947641187231635,0.28155145049095154,0.3608530111855171
gpqa_0038,gpqa_diamond,0,3278.0,226.0,0.7964601769911505,0.0132743362831858,0.0530973451327433,0.0265486725663716,0.0884955752212389,0.0088495575221238,0.0132743362831858,12.0,3.0,6.0,0.0166666666666666,0.5944444444444446,0.9866666666666668,0.2307692307692307,44.0,0.6702165365917525,121.0,0.0070164734594264,9.0,36.0,0.260763358778626,0.03321428571428572,0.9513274336283186,0.7383849202924304,0.2650200128555298,0.3400326776318252
gpqa_0039,gpqa_diamond,0,340.0,24.0,0.8333333333333334,0.0,0.0416666666666666,0.0,0.0833333333333333,0.0,0.0416666666666666,1.0,0.0,0.0,0.0,0.217391304347826,1.0,0.0,14.0,0.3406426982957874,0.0,0.0088235294117647,0.0,8.0,0.0504451038575667,0.011857707509881422,0.5,0.558294968072163,0.30355048179626465,0.5485172271728516
gpqa_0040,gpqa_diamond,1,2973.0,196.0,0.7346938775510204,0.0051020408163265,0.1581632653061224,0.0357142857142857,0.0510204081632653,0.0051020408163265,0.010204081632653,31.0,1.0,7.0,0.0069444444444444,0.6623655913978495,0.9846153846153848,0.0,16.0,0.671432966897615,100.0,0.0127817019845274,12.0,27.0,0.1986531986531986,0.04128998149616706,0.9744897959183674,0.7226967569345083,0.3048573136329651,0.2921672437150846
gpqa_0041,gpqa_diamond,1,1466.0,146.0,0.8561643835616438,0.0205479452054794,0.047945205479452,0.0068493150684931,0.047945205479452,0.0068493150684931,0.0136986301369863,7.0,3.0,1.0,0.024,0.554679802955665,0.9310344827586208,0.5319148936170213,49.0,0.6555774979406271,45.0,0.0102319236016371,7.0,8.0,0.0451127819548872,0.028448275862068967,0.9178082191780822,0.7202828824520111,0.22414299845695496,0.19432921814067022
gpqa_0042,gpqa_diamond,0,4968.0,546.0,0.7619047619047619,0.0109890109890109,0.1739926739926739,0.0073260073260073,0.0402930402930402,0.0018315018315018,0.0036630036630036,95.0,6.0,4.0,0.0144230769230769,0.5903428295509415,0.8550458715596331,0.3513934513978975,35.0,0.5848061294727133,463.0,0.018317230273752,5.0,95.0,0.3615307150050352,0.034828656233135455,0.9304029304029304,0.8544167710416908,0.2696252763271332,0.378222819250077
gpqa_0043,gpqa_diamond,1,2106.0,176.0,0.8352272727272727,0.0,0.0681818181818181,0.0397727272727272,0.0397727272727272,0.0,0.0170454545454545,12.0,0.0,7.0,0.0,0.5804761904761905,0.4685714285714286,0.0,27.0,0.8526757055347709,112.0,0.0075973409306742,5.0,75.0,0.1973371374227294,0.06561576354679803,0.9715909090909091,0.7790388809051365,0.36828574538230896,0.37470444521078694
gpqa_0044,gpqa_diamond,1,8717.0,669.0,0.726457399103139,0.007473841554559,0.1629297458893871,0.0538116591928251,0.0313901345291479,0.0089686098654708,0.0089686098654708,109.0,5.0,36.0,0.0102880658436214,0.6303081909575344,0.9116766467065868,0.7959226742178999,18.0,1.462031483212063,525.0,0.0138809223356659,23.0,139.0,0.4009639660316731,0.04391816068013897,0.9566517189835575,0.8372885451434615,0.2738035321235657,0.3374450973295321
gpqa_0045,gpqa_diamond,1,4659.0,354.0,0.6694915254237288,0.0056497175141242,0.2175141242937853,0.03954802259887,0.0621468926553672,0.0,0.0056497175141242,77.0,2.0,14.0,0.0084388185654008,0.5616423236819837,0.9036827195467422,0.0,13.0,1.1344005368888648,256.0,0.0195320884309937,13.0,63.0,0.1653780068728522,0.021069405099150142,0.8926553672316384,0.7782834741701148,0.2980395555496216,0.3997500909903607
gpqa_0046,gpqa_diamond,0,6099.0,588.0,0.7006802721088435,0.0136054421768707,0.1581632653061224,0.0527210884353741,0.0731292517006802,0.0017006802721088,0.0,93.0,8.0,31.0,0.0194174757281553,0.515011631953985,1.0,0.7354856637121958,18.0,1.1587185835304166,464.0,0.0206591244466305,19.0,112.0,0.1983267716535433,0.016175264984795715,0.9778911564625851,0.7942683350237711,0.2315804809331894,0.39640827702358367
gpqa_0047,gpqa_diamond,1,5951.0,518.0,0.6158301158301158,0.0,0.276061776061776,0.0366795366795366,0.0714285714285714,0.0,0.0,143.0,0.0,19.0,0.0,0.5341602304851821,1.0,0.0,12.0,1.5165394318721888,367.0,0.0265501596370357,46.0,122.0,0.2020847343644922,0.026771925089589612,0.9517374517374517,0.7935998788107064,0.2644859850406647,0.3313558376608661
gpqa_0048,gpqa_diamond,0,5507.0,432.0,0.4212962962962963,0.0046296296296296,0.3726851851851852,0.0972222222222222,0.1018518518518518,0.0,0.0023148148148148,161.0,2.0,42.0,0.0109890109890109,0.467928117479212,1.0,0.0,6.0,1.4436652142151316,327.0,0.0290539313600871,27.0,126.0,0.2816133720930233,0.02424863756542384,0.9814814814814815,0.785872601577688,0.3116022050380707,0.4401079011948768
gpqa_0049,gpqa_diamond,1,1488.0,83.0,0.7228915662650602,0.0120481927710843,0.144578313253012,0.0481927710843373,0.0481927710843373,0.0,0.0240963855421686,12.0,1.0,4.0,0.0166666666666666,0.4136178861788617,0.9878048780487804,0.0,12.0,0.6222555056794309,30.0,0.010752688172043,2.0,6.0,0.1481481481481481,0.02499247214694369,0.8192771084337349,0.6605351583623305,0.2721608579158783,0.2716918442971431
gpqa_0050,gpqa_diamond,0,9001.0,509.0,0.6365422396856582,0.0157170923379174,0.2259332023575638,0.0412573673870334,0.0726915520628683,0.0039292730844793,0.0039292730844793,115.0,8.0,21.0,0.0246913580246913,0.5453782951044163,0.903543307086614,0.4581992506764143,14.0,1.2001175946597793,416.0,0.0141095433840684,41.0,116.0,0.4178706379195377,0.04069017999968939,0.9646365422396856,0.8227484009162648,0.2677993178367615,0.3402191447971969
gpqa_0051,gpqa_diamond,1,3005.0,284.0,0.8274647887323944,0.0,0.1373239436619718,0.0035211267605633,0.0176056338028169,0.0105633802816901,0.0035211267605633,39.0,0.0,1.0,0.0,0.6211832925613843,1.0,0.0,45.0,0.6567873395698555,145.0,0.0146422628951747,9.0,31.0,0.128580946035976,0.024434253063679422,0.9507042253521126,0.7458649832136639,0.30235555768013,0.3350424966774881
gpqa_0052,gpqa_diamond,0,3190.0,218.0,0.555045871559633,0.0045871559633027,0.2889908256880734,0.055045871559633,0.0871559633027523,0.0045871559633027,0.0045871559633027,63.0,1.0,12.0,0.0082644628099173,0.6227049959768854,1.0,0.0,22.0,0.9833772137336688,144.0,0.0250783699059561,8.0,47.0,0.1747725133354252,0.025089605734767026,0.9908256880733946,0.7377609690900222,0.29773083329200745,0.5116903320286479
gpqa_0053,gpqa_diamond,0,3006.0,242.0,0.6446280991735537,0.0,0.2603305785123967,0.0413223140495867,0.0413223140495867,0.0082644628099173,0.0041322314049586,63.0,0.0,10.0,0.0,0.5058947507080288,1.0,0.0,13.0,0.7717223616742668,198.0,0.0249500998003992,6.0,32.0,0.2634032634032633,0.05843706777316736,0.9752066115702479,0.805040063699746,0.35042765736579895,0.35121975134914885
gpqa_0054,gpqa_diamond,0,9708.0,695.0,0.6719424460431654,0.0028776978417266,0.1856115107913669,0.0388489208633093,0.097841726618705,0.0028776978417266,0.0,129.0,2.0,27.0,0.0042826552462526,0.4260326609029778,1.0,0.0,23.0,1.1086505430376667,623.0,0.0164812525751957,6.0,100.0,0.5129314786192685,0.08876330201978617,0.9856115107913669,0.8729754335942117,0.37182217836380005,0.4131998570428954
gpqa_0055,gpqa_diamond,0,7203.0,481.0,0.6528066528066528,0.002079002079002,0.1933471933471933,0.0852390852390852,0.0374220374220374,0.0,0.0291060291060291,93.0,1.0,41.0,0.0031847133757961,0.5470206093189964,0.7541666666666667,0.0,35.0,1.365088076361502,327.0,0.0131889490490073,25.0,85.0,0.25375,0.0424321503131524,0.9792099792099792,0.7893698889451722,0.24776482582092285,0.3690455939470078
gpqa_0056,gpqa_diamond,1,9848.0,1138.0,0.6924428822495606,0.007908611599297,0.2504393673110721,0.0202108963093145,0.0228471001757469,0.0017574692442882,0.0043936731107205,285.0,9.0,23.0,0.0114213197969543,0.5658751099384346,0.0325417766051011,0.5822275497325681,35.0,1.100642601153305,842.0,0.0302599512591389,25.0,142.0,0.1954291518537328,0.01826681283833166,0.9850615114235501,0.8225007702972456,0.2536553144454956,0.31658308484868425
gpqa_0057,gpqa_diamond,0,892.0,57.0,0.8421052631578947,0.0,0.0701754385964912,0.0,0.0701754385964912,0.0,0.0175438596491228,4.0,0.0,0.0,0.0,0.7142857142857143,1.0,0.0,12.0,0.5651912410485828,9.0,0.0056053811659192,5.0,28.0,0.0348706411698537,0.033116883116883114,0.9122807017543859,0.6570816194372517,0.33941131830215454,0.3007111456245184
gpqa_0058,gpqa_diamond,1,3182.0,304.0,0.8157894736842105,0.0131578947368421,0.1085526315789473,0.0131578947368421,0.0230263157894736,0.0164473684210526,0.0098684210526315,33.0,4.0,4.0,0.0161290322580645,0.5916591659165917,0.9207920792079208,0.082714666029256,37.0,1.13165640013828,185.0,0.0153991200502828,9.0,18.0,0.1648317080843032,0.03142963302952812,0.9407894736842105,0.7762102688303089,0.3065529465675354,0.3565254078218431
gpqa_0059,gpqa_diamond,1,2908.0,233.0,0.7553648068669528,0.0128755364806866,0.1244635193133047,0.0128755364806866,0.0214592274678111,0.0128755364806866,0.0600858369098712,29.0,3.0,3.0,0.0170454545454545,0.5258620689655171,0.5991379310344828,0.3333333333333333,16.0,0.9634788359189878,144.0,0.0161623108665749,14.0,18.0,0.1611015490533562,0.0274294670846395,0.9313304721030042,0.7556368417652517,0.2949106693267822,0.36801379149959934
gpqa_0060,gpqa_diamond,0,5346.0,348.0,0.7442528735632183,0.0,0.1896551724137931,0.0028735632183908,0.0603448275862069,0.0028735632183908,0.0,66.0,0.0,1.0,0.0,0.4419701336127849,1.0,0.0,14.0,0.5770722715629699,267.0,0.0151515151515151,13.0,30.0,0.3546696612390043,0.05995235794839333,0.8103448275862069,0.7946156172097931,0.33887431025505066,0.3645270459819585
gpqa_0061,gpqa_diamond,0,5180.0,441.0,0.4149659863945578,0.0022675736961451,0.2675736961451247,0.0589569160997732,0.1519274376417233,0.1043083900226757,0.0,118.0,1.0,26.0,0.0054644808743169,0.5010785824345146,1.0,0.0,6.0,1.4602312847155077,323.0,0.0245173745173745,20.0,81.0,0.2404867683986865,0.021039552702422862,0.9478458049886621,0.7794572622938589,0.2803085148334503,0.36573348776632997
gpqa_0062,gpqa_diamond,0,9203.0,902.0,0.7139689578713969,0.0055432372505543,0.1895787139689578,0.0532150776053215,0.0288248337028824,0.0055432372505543,0.0033259423503325,171.0,5.0,48.0,0.0077639751552795,0.5169240155512719,0.7935627081021087,0.7354248689265387,17.0,1.0247714928170026,684.0,0.0203194610453113,31.0,102.0,0.2118478260869565,0.019220619065236158,0.958980044345898,0.8043267044438241,0.27558836340904236,0.31895822216463976
gpqa_0063,gpqa_diamond,0,11481.0,1060.0,0.7056603773584905,0.010377358490566,0.2084905660377358,0.0216981132075471,0.0481132075471698,0.0037735849056603,0.0018867924528301,221.0,11.0,23.0,0.0147058823529411,0.5486478749268284,0.9981114258734656,1.446462735654778,32.0,0.8524496218733726,922.0,0.0202072990157651,32.0,174.0,0.4262066562118836,0.033533793517085526,0.9858490566037735,0.8680062432324019,0.27710726857185364,0.44127972448253044
gpqa_0064,gpqa_diamond,0,3687.0,303.0,0.5181518151815182,0.0,0.3102310231023102,0.099009900990099,0.0726072607260726,0.0,0.0,94.0,0.0,30.0,0.0,0.5053543750880655,1.0,0.0,11.0,1.6344746949332074,193.0,0.0287496609709791,25.0,84.0,0.1908251900108577,0.02968031506457504,0.8547854785478548,0.7584631986274625,0.2794719934463501,0.35259880628795004
gpqa_0065,gpqa_diamond,1,670.0,53.0,0.8490566037735849,0.0,0.0943396226415094,0.0,0.0377358490566037,0.0,0.0188679245283018,5.0,0.0,0.0,0.0,0.6076923076923076,1.0,0.0,17.0,0.8036256819936222,23.0,0.0074626865671641,5.0,15.0,0.088455772113943,0.09049773755656108,0.9245283018867925,0.6785800121724606,0.2425532341003418,0.3091817140579224
gpqa_0066,gpqa_diamond,1,2267.0,162.0,0.7222222222222222,0.0185185185185185,0.1172839506172839,0.0432098765432098,0.0617283950617283,0.0246913580246913,0.0123456790123456,19.0,3.0,7.0,0.0256410256410256,0.556390977443609,0.9440993788819876,0.2363636363636363,24.0,1.1074072555533263,57.0,0.0149977944419938,11.0,19.0,0.125,0.03874223602484472,0.8395061728395061,0.7242384712610925,0.24567201733589172,0.2962876712984365
gpqa_0067,gpqa_diamond,1,3433.0,282.0,0.7943262411347518,0.0212765957446808,0.0992907801418439,0.0248226950354609,0.0319148936170212,0.0070921985815602,0.0212765957446808,28.0,6.0,7.0,0.0267857142857142,0.4904677173360447,0.6441281138790036,0.5936146733898318,34.0,0.9485509198273344,155.0,0.012816778327993,12.0,19.0,0.1408163265306122,0.010523640061006609,0.9148936170212766,0.7100786460145937,0.20569062232971191,0.27211843881135184
gpqa_0068,gpqa_diamond,1,10391.0,809.0,0.6415327564894932,0.003708281829419,0.2088998763906057,0.0803461063040791,0.0580964153275649,0.0024721878862793,0.0049443757725587,169.0,3.0,65.0,0.0057803468208092,0.5488898002226259,0.0049504950495049,0.0510204081632653,18.0,1.2253023666335667,600.0,0.0177076316042729,12.0,92.0,0.3724489795918367,0.02756511710650619,0.9468479604449939,0.831038616929609,0.2850514352321625,0.3526080478900466
gpqa_0069,gpqa_diamond,0,5342.0,402.0,0.4825870646766169,0.0,0.1965174129353233,0.2014925373134328,0.1119402985074626,0.0,0.0074626865671641,79.0,0.0,81.0,0.0,0.5778907162473561,0.4937655860349127,0.0,9.0,1.373535088552538,318.0,0.0181579932609509,9.0,112.0,0.349129050383967,0.03706982543640898,0.9353233830845771,0.8188793830146219,0.28992289304733276,0.4037764214268072
gpqa_0070,gpqa_diamond,1,1300.0,127.0,0.84251968503937,0.0078740157480314,0.1023622047244094,0.0236220472440944,0.0078740157480314,0.0,0.0157480314960629,13.0,1.0,3.0,0.0093457943925233,0.6465201465201466,0.9206349206349206,0.0,25.0,0.2089168456018826,46.0,0.013076923076923,5.0,4.0,0.0601387818041634,0.041650793650793654,0.952755905511811,0.7323840952345303,0.2886439561843872,0.27651023033719796
gpqa_0071,gpqa_diamond,0,3948.0,371.0,0.5094339622641509,0.0026954177897574,0.2452830188679245,0.0970350404312668,0.1428571428571428,0.0,0.0026954177897574,91.0,1.0,36.0,0.0052910052910052,0.5291357291357291,1.0,0.0,10.0,1.2633443738065924,254.0,0.026595744680851,23.0,32.0,0.1893536121673004,0.02109426499670402,0.9460916442048517,0.7651307495461928,0.2605842351913452,0.44445605864510523
gpqa_0072,gpqa_diamond,1,711.0,58.0,0.8275862068965517,0.0172413793103448,0.0517241379310344,0.0,0.0172413793103448,0.0689655172413793,0.0172413793103448,3.0,1.0,0.0,0.0208333333333333,0.5497076023391813,1.0,0.0,19.0,0.4535249198989337,14.0,0.0070323488045007,2.0,1.0,0.057909604519774,0.02443609022556391,0.603448275862069,0.6562003075684372,0.2637096345424652,0.2876045157512029
gpqa_0073,gpqa_diamond,1,1707.0,130.0,0.7923076923076923,0.0076923076923076,0.0923076923076923,0.023076923076923,0.0538461538461538,0.0153846153846153,0.0153846153846153,12.0,1.0,3.0,0.0097087378640776,0.6065891472868217,0.992248062015504,0.0,19.0,0.6812673449157199,46.0,0.0111306385471587,9.0,11.0,0.1103286384976526,0.05220445736434109,0.8769230769230769,0.7339676432600317,0.32385122776031494,0.27625732510708845
gpqa_0074,gpqa_diamond,1,2564.0,161.0,0.7080745341614907,0.0124223602484472,0.1055900621118012,0.093167701863354,0.0745341614906832,0.0,0.0062111801242236,17.0,2.0,15.0,0.0175438596491228,0.53125,1.0,0.0,17.0,0.9767585969045876,80.0,0.0078003120124804,1.0,55.0,0.1764935572042171,0.04481132075471698,0.906832298136646,0.7174391243606806,0.3239040970802307,0.3756372810286634
gpqa_0075,gpqa_diamond,0,1317.0,100.0,0.78,0.0,0.09,0.06,0.06,0.0,0.01,9.0,0.0,6.0,0.0,0.5948372615039282,1.0,0.0,14.0,1.0657474282266317,58.0,0.0083523158694001,3.0,23.0,0.182648401826484,0.03463203463203463,0.83,0.7034770944955373,0.29796162247657776,0.22745649599366718
gpqa_0076,gpqa_diamond,0,6651.0,518.0,0.4942084942084942,0.0057915057915057,0.2644787644787645,0.0926640926640926,0.138996138996139,0.0019305019305019,0.0019305019305019,137.0,3.0,48.0,0.01171875,0.5221448841576191,1.0,0.6420581655480985,11.0,1.062224925891641,396.0,0.020899112915351,16.0,87.0,0.2833935018050542,0.02207128184367175,0.8667953667953668,0.7899646824748189,0.28558045625686646,0.4173143620189643
gpqa_0077,gpqa_diamond,1,2937.0,191.0,0.7068062827225131,0.0052356020942408,0.1361256544502617,0.031413612565445,0.0994764397905759,0.0052356020942408,0.0157068062827225,26.0,1.0,6.0,0.0074074074074074,0.4352226720647773,0.963157894736842,0.0,17.0,0.900173717550768,107.0,0.0125978890023833,5.0,26.0,0.260054533060668,0.07140072403230298,0.8743455497382199,0.7682517052481049,0.35215887427330017,0.39368871971964836
gpqa_0078,gpqa_diamond,0,6129.0,435.0,0.5471264367816092,0.0045977011494252,0.2229885057471264,0.0919540229885057,0.1333333333333333,0.0,0.0,97.0,2.0,40.0,0.0084033613445378,0.500427573756473,1.0,0.0,25.0,1.4997995548550915,323.0,0.0189264154021863,15.0,93.0,0.3155403199477636,0.03185364140441247,0.9517241379310345,0.8038947378453682,0.3007897436618805,0.3917946168644862
gpqa_0079,gpqa_diamond,0,0.0,0.0,0.0,0.0,0.0,0.0,0.0,0.0,0.0,0.0,0.0,0.0,0.0,0.0,0.0,0.0,0.0,0.0,0.0,0.0,0.0,0.0,0.0,0.04687379538971552,0.9778625954198473,0.859026862247196,0.3092208206653595,0.3981012399006566
gpqa_0080,gpqa_diamond,1,6017.0,525.0,0.3866666666666666,0.0,0.2361904761904762,0.1104761904761904,0.1809523809523809,0.0838095238095238,0.0019047619047619,124.0,0.0,58.0,0.0,0.5016929327751785,1.0,0.0,13.0,1.8687224913642293,397.0,0.0254279541299651,16.0,92.0,0.277851679414699,0.02789981463371915,0.96,0.8181933892023472,0.2780151069164276,0.3900981267050686
gpqa_0081,gpqa_diamond,1,1839.0,118.0,0.7711864406779662,0.0,0.0677966101694915,0.059322033898305,0.0932203389830508,0.0,0.0084745762711864,8.0,0.0,7.0,0.0,0.4583333333333333,1.0,0.0,16.0,1.1626593980892632,46.0,0.0048939641109298,7.0,7.0,0.099673202614379,0.01900972590627763,0.847457627118644,0.6740153402599514,0.2891373336315155,0.3321639464961158
gpqa_0082,gpqa_diamond,1,3771.0,323.0,0.5758513931888545,0.0433436532507739,0.2291021671826625,0.0588235294117647,0.0773993808049535,0.0123839009287925,0.0030959752321981,74.0,14.0,19.0,0.075268817204301,0.6232583515192209,1.0,0.6074997942386483,19.0,1.6845023818009557,193.0,0.0241315300981172,9.0,46.0,0.1401273885350318,0.021458563108298988,0.9164086687306502,0.753698043733465,0.27730125188827515,0.3532029139788415
gpqa_0083,gpqa_diamond,1,572.0,34.0,0.8529411764705882,0.0,0.0,0.0,0.088235294117647,0.0294117647058823,0.0294117647058823,0.0,0.0,0.0,0.0,0.0,1.0,0.0,15.0,0.5679956701369158,0.0,0.0,2.0,5.0,0.0193321616871704,0.032196969696969696,0.8823529411764706,0.548028313385492,0.2900294065475464,0.0
gpqa_0084,gpqa_diamond,1,1667.0,129.0,0.7054263565891473,0.0077519379844961,0.1395348837209302,0.0310077519379844,0.0775193798449612,0.0232558139534883,0.0155038759689922,18.0,1.0,4.0,0.0109890109890109,0.5217013888888888,0.9921875,0.0,11.0,0.9236630586527568,53.0,0.0167966406718656,10.0,13.0,0.1171875,0.018331692913385825,0.7751937984496124,0.6826143533653521,0.22193481028079987,0.21057243954855948
gpqa_0085,gpqa_diamond,0,2709.0,209.0,0.5263157894736842,0.0095693779904306,0.277511961722488,0.0478468899521531,0.1291866028708134,0.0,0.0095693779904306,58.0,2.0,10.0,0.0181818181818181,0.4470324933687002,0.9855769230769232,0.0,10.0,0.9067673015934372,122.0,0.0247323735695828,16.0,31.0,0.1818181818181817,0.021971386101820884,0.9090909090909091,0.7500498938159301,0.24395252764225006,0.45128473984787904
gpqa_0086,gpqa_diamond,0,5178.0,336.0,0.6041666666666666,0.0029761904761904,0.2142857142857142,0.056547619047619,0.119047619047619,0.0029761904761904,0.0,72.0,1.0,19.0,0.0049261083743842,0.445273631840796,1.0,0.0,10.0,1.066722640446245,242.0,0.0204712244109694,10.0,68.0,0.2208695652173913,0.018947180266333005,0.8869047619047619,0.7586829779308234,0.3181193172931671,0.44218673939506214
gpqa_0087,gpqa_diamond,1,759.0,50.0,0.86,0.0,0.06,0.0,0.04,0.02,0.02,3.0,0.0,0.0,0.0,0.7619047619047619,1.0,0.0,16.0,0.4466553629171838,3.0,0.0065876152832674,3.0,7.0,0.0251322751322751,0.016156462585034014,0.6,0.5609106540071721,0.24605914950370789,0.2263036916653315
gpqa_0088,gpqa_diamond,1,3591.0,241.0,0.5103734439834025,0.0,0.2074688796680498,0.1120331950207468,0.1576763485477178,0.0124481327800829,0.0,50.0,0.0,27.0,0.0,0.5541666666666667,1.0,0.0,13.0,1.4117078182004426,135.0,0.0178223336118072,17.0,47.0,0.197324414715719,0.015899581589958158,0.7385892116182573,0.7156831940015157,0.28321000933647156,0.36613006545947147
gpqa_0089,gpqa_diamond,0,5388.0,468.0,0.4764957264957264,0.0042735042735042,0.3376068376068376,0.0491452991452991,0.1132478632478632,0.017094017094017,0.0021367521367521,158.0,2.0,23.0,0.0089686098654708,0.4848751795733608,1.0,0.0,10.0,1.5358435157592478,319.0,0.0348923533778767,26.0,76.0,0.2072423398328691,0.015862366856292102,0.8568376068376068,0.7719489115846744,0.2686653733253479,0.35757164432672983
gpqa_0090,gpqa_diamond,0,6457.0,424.0,0.5023584905660378,0.0023584905660377,0.3042452830188679,0.1014150943396226,0.0872641509433962,0.0023584905660377,0.0,129.0,1.0,43.0,0.0046948356807511,0.4951527479978742,1.0,0.0,14.0,1.0551076925614489,308.0,0.0195137060554437,16.0,91.0,0.3619460799504184,0.03674946500397746,0.8962264150943396,0.7995916378946345,0.30946072936058044,0.3808508236920959
gpqa_0091,gpqa_diamond,0,7458.0,680.0,0.7147058823529412,0.0029411764705882,0.1941176470588235,0.0264705882352941,0.0455882352941176,0.0073529411764705,0.0088235294117647,132.0,2.0,18.0,0.0041152263374485,0.5242334984603026,0.8217967599410898,0.0,30.0,1.393640961350986,513.0,0.0194422097076964,24.0,96.0,0.2305835010060362,0.021808924281326435,0.9911764705882353,0.795008683942028,0.24185027182102203,0.31843005833601146
gpqa_0092,gpqa_diamond,0,2666.0,209.0,0.7655502392344498,0.0047846889952153,0.1196172248803827,0.0382775119617224,0.0478468899521531,0.0191387559808612,0.0047846889952153,25.0,1.0,8.0,0.00625,0.4790384615384615,1.0,0.0,25.0,1.045066598759022,88.0,0.0116279069767441,12.0,23.0,0.1280510702215546,0.013749535488665924,0.8708133971291866,0.7066738147002001,0.24017371237277985,0.4072121589630842
gpqa_0093,gpqa_diamond,1,3483.0,298.0,0.5838926174496645,0.0033557046979865,0.110738255033557,0.0939597315436241,0.2080536912751678,0.0,0.0,33.0,1.0,28.0,0.0057471264367816,0.5360677481889603,1.0,0.0,13.0,1.156151129249952,206.0,0.0146425495262704,19.0,47.0,0.2204022988505747,0.024433524433524433,0.9093959731543624,0.7710645965705014,0.3031764626502991,0.5138646930249201
gpqa_0094,gpqa_diamond,0,6101.0,420.0,0.4595238095238095,0.0023809523809523,0.2357142857142857,0.1452380952380952,0.1571428571428571,0.0,0.0,99.0,1.0,61.0,0.005181347150259,0.5401750198886237,1.0,0.0,9.0,1.3275958830835877,295.0,0.0186854613997705,22.0,69.0,0.3168251885864217,0.023763574699386784,0.9380952380952381,0.7872996353021954,0.2810770869255066,0.37007033290457914
gpqa_0095,gpqa_diamond,1,2638.0,235.0,0.6680851063829787,0.0340425531914893,0.2085106382978723,0.0212765957446808,0.0553191489361702,0.0085106382978723,0.0042553191489361,49.0,8.0,5.0,0.0509554140127388,0.5510204081632654,1.0,0.684367865259613,16.0,1.045326585223681,119.0,0.0200909780136467,6.0,20.0,0.1271347248576849,0.014122739444627856,0.8382978723404255,0.7244115080843624,0.2779009938240051,0.3292051359954081
gpqa_0096,gpqa_diamond,0,1463.0,100.0,0.77,0.0,0.04,0.04,0.14,0.0,0.01,4.0,0.0,4.0,0.0,0.6565656565656566,1.0,0.0,12.0,0.8442985376630416,28.0,0.0054682159945317,7.0,33.0,0.0890410958904109,0.02865388579674294,0.87,0.7025896570447719,0.3023984432220459,0.40183836594223976
gpqa_0097,gpqa_diamond,0,3141.0,245.0,0.5959183673469388,0.0,0.2,0.0612244897959183,0.1428571428571428,0.0,0.0,49.0,0.0,15.0,0.0,0.4447975911676146,1.0,0.0,9.0,1.3743403634004243,160.0,0.0187838268067494,13.0,37.0,0.2042702358189929,0.024354044390474262,0.9020408163265307,0.75371110524799,0.29979488253593445,0.48005626015723324
gpqa_0098,gpqa_diamond,0,7380.0,567.0,0.7689594356261023,0.0035273368606701,0.1481481481481481,0.0317460317460317,0.0458553791887125,0.0,0.001763668430335,84.0,2.0,18.0,0.0045871559633027,0.4768004374894833,1.0,0.0,26.0,0.9272150702141044,480.0,0.0146341463414634,33.0,77.0,0.37711806967602,0.1469964664310954,0.9541446208112875,0.8513743840947801,0.3897444009780884,0.4871556314394662
gpqa_0099,gpqa_diamond,0,7265.0,638.0,0.4420062695924764,0.0015673981191222,0.1802507836990595,0.2210031347962382,0.1473354231974921,0.0078369905956112,0.0,115.0,1.0,141.0,0.0035460992907801,0.4836666439150911,1.0,0.0,13.0,1.394482586357901,491.0,0.0196834136269786,24.0,192.0,0.3010190030294685,0.014790241205335545,0.9310344827586207,0.806624589935296,0.27206239104270935,0.3956048236094352
gpqa_0100,gpqa_diamond,1,6018.0,463.0,0.4470842332613391,0.0021598272138228,0.3239740820734341,0.1079913606911447,0.1123110151187904,0.0043196544276457,0.0021598272138228,150.0,1.0,50.0,0.0048309178743961,0.5810822510822512,1.0,0.0,10.0,1.2422076143105178,341.0,0.0265869059488202,20.0,80.0,0.3052369077306733,0.06869125090383225,0.9395248380129589,0.8116893717027329,0.36047783493995667,0.46405768995204116
gpqa_0101,gpqa_diamond,1,4955.0,384.0,0.7291666666666666,0.0026041666666666,0.0963541666666666,0.0885416666666666,0.03125,0.0,0.0520833333333333,37.0,1.0,34.0,0.0035714285714285,0.5705313668760144,0.360313315926893,0.0,15.0,1.1697476538029994,316.0,0.0088799192734611,9.0,326.0,0.3996365105008077,0.062075376266181835,0.9453125,0.8269232932487915,0.29562315344810486,0.3037859049399157
gpqa_0102,gpqa_diamond,0,5475.0,506.0,0.6541501976284585,0.0019762845849802,0.183794466403162,0.0592885375494071,0.0988142292490118,0.0019762845849802,0.0,93.0,1.0,30.0,0.0030211480362537,0.4980730331097626,1.0,0.0,13.0,0.957321616079021,387.0,0.0215525114155251,20.0,79.0,0.2315423976608187,0.02157001414427157,0.9367588932806324,0.7971882383717168,0.25416046380996704,0.4156204102462844
gpqa_0103,gpqa_diamond,1,1924.0,172.0,0.8604651162790697,0.0116279069767441,0.0872093023255814,0.005813953488372,0.0232558139534883,0.0,0.0116279069767441,15.0,2.0,1.0,0.0135135135135135,0.5898635477582846,0.95906432748538,0.0,25.0,0.6150582344255348,72.0,0.0093555093555093,8.0,7.0,0.1624154086413326,0.0434124527003784,0.9476744186046512,0.7360396526361767,0.23823244869709015,0.30782624176936224
gpqa_0104,gpqa_diamond,0,0.0,0.0,0.0,0.0,0.0,0.0,0.0,0.0,0.0,0.0,0.0,0.0,0.0,0.0,0.0,0.0,0.0,0.0,0.0,0.0,0.0,0.0,0.0,0.217956299371981,0.8723277909738717,0.9297995070704943,0.37048059701919556,0.1299513357115599
gpqa_0105,gpqa_diamond,0,2718.0,220.0,0.6681818181818182,0.0181818181818181,0.209090909090909,0.0272727272727272,0.0727272727272727,0.0,0.0045454545454545,46.0,4.0,6.0,0.0272108843537414,0.5227317847925352,1.0,0.70717688546285,15.0,1.2692304449627767,122.0,0.0194996320824135,26.0,34.0,0.1539594843462246,0.01767835448871015,0.9636363636363636,0.7301115913478207,0.25381916761398315,0.3473005652751612
gpqa_0106,gpqa_diamond,0,977.0,53.0,0.8867924528301887,0.0188679245283018,0.0,0.0377358490566037,0.0377358490566037,0.0188679245283018,0.0,0.0,1.0,2.0,0.0212765957446808,0.0,1.0,0.0,19.0,0.3409748599533964,6.0,0.0010235414534288,1.0,9.0,0.0462012320328542,0.011312217194570135,0.9433962264150944,0.5948705931122487,0.28689044713974,0.0
gpqa_0107,gpqa_diamond,1,1959.0,179.0,0.8324022346368715,0.0111731843575419,0.0837988826815642,0.0167597765363128,0.0391061452513966,0.0,0.0167597765363128,15.0,2.0,3.0,0.0134228187919463,0.5610486891385769,0.7303370786516854,0.0,34.0,1.0537837806995405,71.0,0.0112302194997447,10.0,4.0,0.1109406952965235,0.016568272709960006,0.9497206703910615,0.7218373208568337,0.21534864604473114,0.43672347138635814
gpqa_0108,gpqa_diamond,0,6104.0,574.0,0.8013937282229965,0.0121951219512195,0.1463414634146341,0.0,0.024390243902439,0.0017421602787456,0.0139372822299651,84.0,7.0,0.0,0.0152173913043478,0.5482631097814343,0.7678883071553229,1.064783568884708,30.0,0.7939763154447591,470.0,0.0135976408912188,20.0,135.0,0.2470086871004753,0.021998071736291633,0.9407665505226481,0.8094638352774824,0.23770633339881897,0.3711101343029771
gpqa_0109,gpqa_diamond,0,0.0,0.0,0.0,0.0,0.0,0.0,0.0,0.0,0.0,0.0,0.0,0.0,0.0,0.0,0.0,0.0,0.0,0.0,0.0,0.0,0.0,0.0,0.0,0.3056162610749613,0.9987244897959183,0.9604323815407017,0.46722206473350525,0.14794082120889518
gpqa_0110,gpqa_diamond,0,4037.0,274.0,0.437956204379562,0.0,0.2773722627737226,0.156934306569343,0.1277372262773722,0.0,0.0,76.0,0.0,43.0,0.0,0.5367264314632735,1.0,0.0,7.0,1.6745140978650763,162.0,0.0217983651226158,6.0,35.0,0.2121963311849281,0.018584356819650937,0.7153284671532847,0.7402302861595765,0.27300798892974854,0.4519205980767042
gpqa_0111,gpqa_diamond,1,1946.0,188.0,0.8829787234042553,0.0372340425531914,0.0159574468085106,0.0159574468085106,0.0106382978723404,0.026595744680851,0.0106382978723404,3.0,7.0,3.0,0.0421686746987951,0.5882352941176471,0.9893048128342246,0.6950344715671782,34.0,0.5608207469673474,74.0,0.0046248715313463,0.0,1.0,0.1580030880082347,0.0184003220056351,0.9308510638297872,0.7251182263069611,0.2274751514196396,0.22388626572986445
gpqa_0112,gpqa_diamond,0,5403.0,400.0,0.6475,0.005,0.1225,0.1475,0.075,0.0,0.0025,49.0,2.0,59.0,0.0077220077220077,0.5284640171858217,1.0,0.0,17.0,1.266486513768538,277.0,0.0107347769757542,22.0,88.0,0.2409259259259258,0.015201319882621125,0.965,0.7497334523233854,0.2738957405090332,0.35675418832040623
gpqa_0113,gpqa_diamond,0,2674.0,188.0,0.5053191489361702,0.0053191489361702,0.2606382978723404,0.101063829787234,0.1223404255319148,0.0,0.0053191489361702,49.0,1.0,19.0,0.0105263157894736,0.5329040707191968,1.0,0.0,13.0,1.3401885189708154,96.0,0.0220643231114435,12.0,25.0,0.1171845750655184,0.0273129779771146,0.9840425531914894,0.7270092390437815,0.3177458941936493,0.35772784890568987
gpqa_0114,gpqa_diamond,1,1946.0,144.0,0.7847222222222222,0.0,0.1041666666666666,0.0138888888888888,0.0555555555555555,0.0208333333333333,0.0208333333333333,15.0,0.0,2.0,0.0,0.447086247086247,0.8391608391608392,0.0,25.0,0.7455950679144584,66.0,0.0118191161356628,7.0,7.0,0.1358723623262995,0.017827243179355856,0.9583333333333334,0.6881925255268604,0.23267433047294617,0.3051859644552072
gpqa_0115,gpqa_diamond,0,4436.0,335.0,0.5104477611940299,0.0,0.2388059701492537,0.1014925373134328,0.1492537313432835,0.0,0.0,80.0,0.0,34.0,0.0,0.5135853293413174,1.0,0.0,10.0,1.6616877580966412,219.0,0.0227682596934174,27.0,64.0,0.1806902774644709,0.020391649134164105,0.8626865671641791,0.7729886908552603,0.2843734622001648,0.3715958050303557
gpqa_0116,gpqa_diamond,1,6732.0,578.0,0.6660899653979239,0.0155709342560553,0.231833910034602,0.0207612456747404,0.0536332179930795,0.0,0.0121107266435986,134.0,9.0,12.0,0.0233766233766233,0.5023151142036782,0.7781629116117851,1.1668318781070828,18.0,1.546831615223233,459.0,0.0197563874034462,39.0,206.0,0.372863724178927,0.035089302907760446,0.9896193771626297,0.8316865399144138,0.28577446937561035,0.3895360792201816
gpqa_0117,gpqa_diamond,0,4507.0,348.0,0.5488505747126436,0.0057471264367816,0.2212643678160919,0.0718390804597701,0.146551724137931,0.0028735632183908,0.0028735632183908,77.0,2.0,25.0,0.0104712041884816,0.5154758785882705,1.0,0.0,11.0,1.0865958858083606,250.0,0.021300199689372,28.0,86.0,0.3459147424511545,0.04717562592660459,0.9511494252873564,0.8091830329738707,0.31858423352241516,0.332213989898446
gpqa_0118,gpqa_diamond,1,2583.0,207.0,0.5024154589371981,0.0048309178743961,0.1400966183574879,0.1980676328502415,0.144927536231884,0.0048309178743961,0.0048309178743961,29.0,1.0,41.0,0.0096153846153846,0.4067626380984265,1.0,0.0,11.0,1.1445703113367336,105.0,0.013550135501355,5.0,37.0,0.1674418604651163,0.012218801799668482,0.9758454106280193,0.6927690963866642,0.2680794894695282,0.3448135403295358
gpqa_0119,gpqa_diamond,1,3178.0,255.0,0.7764705882352941,0.0078431372549019,0.1686274509803921,0.0156862745098039,0.0196078431372549,0.0,0.0117647058823529,43.0,2.0,4.0,0.0101010101010101,0.6031862296282732,0.5826771653543307,0.0,20.0,0.8969589004700027,167.0,0.0157331655129011,11.0,24.0,0.2116535433070866,0.04189100868320314,0.9764705882352941,0.7668648447225412,0.3279772698879242,0.30226301034386066
gpqa_0120,gpqa_diamond,0,4185.0,285.0,0.5894736842105263,0.0,0.1649122807017544,0.1087719298245614,0.1368421052631579,0.0,0.0,47.0,0.0,31.0,0.0,0.5177554689841175,1.0,0.0,12.0,1.562915881989427,183.0,0.0140979689366786,18.0,40.0,0.227403156384505,0.03630617628029662,0.8631578947368421,0.7669037954068519,0.2832179069519043,0.44808489544426694
gpqa_0121,gpqa_diamond,0,4841.0,382.0,0.518324607329843,0.0026178010471204,0.3167539267015706,0.0706806282722513,0.0759162303664921,0.013089005235602,0.0026178010471204,121.0,1.0,27.0,0.005050505050505,0.5077764039825601,1.0,0.0,10.0,0.9899111095215192,231.0,0.0272670935757074,23.0,76.0,0.1847871021083091,0.01743334714739605,0.9921465968586387,0.7714025953153926,0.30911481380462646,0.4269071365861843
gpqa_0122,gpqa_diamond,1,1437.0,101.0,0.801980198019802,0.0099009900990099,0.0792079207920792,0.0198019801980198,0.0495049504950495,0.0198019801980198,0.0198019801980198,8.0,1.0,2.0,0.0123456790123456,0.4425,0.99,0.0,15.0,0.5345220706205873,38.0,0.0104384133611691,4.0,10.0,0.1283124128312412,0.08040404040404041,0.9207920792079208,0.6978551413118839,0.2716599106788635,0.20060377112693256
gpqa_0123,gpqa_diamond,1,6482.0,461.0,0.7158351409978309,0.0021691973969631,0.2169197396963123,0.0130151843817787,0.0412147505422993,0.0086767895878524,0.0021691973969631,100.0,1.0,6.0,0.003030303030303,0.544413043478261,1.0,0.0,24.0,0.8563705715670373,306.0,0.0177414378278309,17.0,43.0,0.2588362401605186,0.0266931893530359,0.9674620390455532,0.7805908630723539,0.2798023521900177,0.32420486813217475
gpqa_0124,gpqa_diamond,1,2064.0,161.0,0.7391304347826086,0.0372670807453416,0.1366459627329192,0.031055900621118,0.0248447204968944,0.0124223602484472,0.0186335403726708,22.0,6.0,5.0,0.0504201680672268,0.5653409090909091,0.8,0.6016643582596529,12.0,0.9323709943664912,87.0,0.0140503875968992,6.0,10.0,0.1552644347404173,0.02130503144654088,0.9440993788819876,0.7203722332371398,0.21305792033672333,0.2253377138758483
gpqa_0125,gpqa_diamond,0,6600.0,651.0,0.6298003072196621,0.0122887864823348,0.2841781874039938,0.0061443932411674,0.053763440860215,0.0030721966205837,0.010752688172043,185.0,8.0,4.0,0.0195121951219512,0.5796091476091475,0.5553846153846154,0.936446594068984,17.0,0.7164887722034925,551.0,0.0328787878787878,40.0,163.0,0.3574351978171897,0.02211212516297262,0.9431643625192012,0.8316547256593521,0.2520991861820221,0.3301526816624876
gpqa_0126,gpqa_diamond,0,4892.0,417.0,0.5227817745803357,0.0,0.2733812949640288,0.0887290167865707,0.1127098321342925,0.0,0.0023980815347721,114.0,0.0,37.0,0.0,0.5565536437246963,1.0,0.0,14.0,1.5539818138343715,323.0,0.0282093213409648,28.0,71.0,0.2791982000409081,0.02942539388322521,0.947242206235012,0.7940180369366248,0.2939828336238861,0.3233119745293389
gpqa_0127,gpqa_diamond,0,0.0,0.0,0.0,0.0,0.0,0.0,0.0,0.0,0.0,0.0,0.0,0.0,0.0,0.0,0.0,0.0,0.0,0.0,0.0,0.0,0.0,0.0,0.0,0.4534842849928858,0.889763779527559,0.9521306937400598,0.5916417837142944,0.7219133807561431
gpqa_0128,gpqa_diamond,0,3903.0,297.0,0.6127946127946128,0.0067340067340067,0.2087542087542087,0.0841750841750841,0.0875420875420875,0.0,0.0,62.0,2.0,25.0,0.0109890109890109,0.5310047951176984,1.0,0.0,14.0,1.2994153045697563,176.0,0.0163976428388419,26.0,63.0,0.1664102564102564,0.017407237746220796,0.9057239057239057,0.7545428593970231,0.3112945556640625,0.4064105174113666
gpqa_0129,gpqa_diamond,0,1206.0,108.0,0.8055555555555556,0.0277777777777777,0.0648148148148148,0.0462962962962962,0.037037037037037,0.0,0.0185185185185185,7.0,3.0,5.0,0.0344827586206896,0.6114819759679573,0.8691588785046729,0.1428571428571428,17.0,0.5771234237416804,39.0,0.011608623548922,2.0,4.0,0.0748129675810473,0.031387762299418094,0.9722222222222222,0.7060211409475201,0.23330125212669373,0.37865183502435684
gpqa_0130,gpqa_diamond,0,7483.0,527.0,0.5161290322580645,0.0018975332068311,0.2106261859582542,0.1138519924098671,0.1518026565464895,0.0037950664136622,0.0018975332068311,111.0,1.0,60.0,0.0036764705882352,0.5002740382968519,1.0,0.0,16.0,1.114937185814726,378.0,0.0183081651743952,20.0,81.0,0.2351604278074865,0.01772225239905848,0.9146110056925996,0.7755028421604588,0.25377634167671204,0.4214936846462281
gpqa_0131,gpqa_diamond,0,5721.0,396.0,0.6691919191919192,0.0151515151515151,0.2272727272727272,0.0277777777777777,0.058080808080808,0.0025252525252525,0.0,90.0,6.0,11.0,0.0226415094339622,0.5128270042194093,1.0,0.9668816898982828,18.0,0.9516373428382308,284.0,0.0185282293305366,34.0,77.0,0.1962224554039874,0.027128445672428194,0.98989898989899,0.7749818893173073,0.29105469584465027,0.3622641268263275
gpqa_0132,gpqa_diamond,1,8267.0,869.0,0.7951668584579977,0.004602991944764,0.1323360184119678,0.0287686996547756,0.0218642117376294,0.0161104718066743,0.001150747986191,115.0,4.0,25.0,0.0057887120115774,0.5651372470446804,0.8398617511520737,0.5875259264111601,31.0,1.0769168830279654,560.0,0.0146365065924761,9.0,113.0,0.1834462729912874,0.026573437724235805,0.9355581127733027,0.8204001865354001,0.2721852958202362,0.34576536913459094
gpqa_0133,gpqa_diamond,1,4303.0,340.0,0.7352941176470589,0.0205882352941176,0.188235294117647,0.0235294117647058,0.0294117647058823,0.0,0.0029411764705882,64.0,7.0,8.0,0.028,0.604627581120944,1.0,0.834674006360456,29.0,1.1407747036922238,218.0,0.0190564722286776,2.0,28.0,0.1944186046511627,0.0597301495871952,0.9294117647058824,0.7833335277429372,0.31033235788345337,0.4069257126456481
gpqa_0134,gpqa_diamond,1,1275.0,124.0,0.8467741935483871,0.032258064516129,0.0806451612903225,0.0,0.032258064516129,0.0,0.0080645161290322,10.0,4.0,0.0,0.0380952380952381,0.5154471544715447,1.0,0.5898701856724485,17.0,0.9698489070320044,63.0,0.0133333333333333,4.0,21.0,0.1124213836477987,0.023990403838464614,0.9435483870967742,0.7136585593102425,0.22432897984981537,0.4616058726202358
gpqa_0135,gpqa_diamond,1,1065.0,87.0,0.896551724137931,0.0114942528735632,0.0229885057471264,0.0114942528735632,0.0229885057471264,0.0114942528735632,0.0229885057471264,2.0,1.0,1.0,0.0128205128205128,0.4883720930232558,0.6976744186046512,0.0,19.0,0.1047830803756551,17.0,0.0046948356807511,3.0,5.0,0.0555555555555555,0.025991792065663474,0.9310344827586207,0.6703185615844505,0.22145283222198486,0.06909225322306156
gpqa_0136,gpqa_diamond,1,8557.0,656.0,0.6448170731707317,0.0,0.2926829268292683,0.0274390243902439,0.0274390243902439,0.0,0.0076219512195121,192.0,0.0,18.0,0.0,0.5586434478371501,0.8015267175572519,0.0,14.0,1.3011558009307933,504.0,0.0231389505667874,18.0,105.0,0.3372691138648586,0.018684781847468312,0.9801829268292683,0.8018937104985915,0.19719696044921875,0.2892577846444813
gpqa_0137,gpqa_diamond,1,3719.0,236.0,0.7542372881355932,0.0,0.0720338983050847,0.0762711864406779,0.0762711864406779,0.0084745762711864,0.0127118644067796,17.0,0.0,18.0,0.0,0.5326658322903629,0.9787234042553192,0.0,21.0,0.866767021361567,135.0,0.0056466792148427,16.0,12.0,0.173842841765339,0.05888343335151846,0.9449152542372882,0.7839145749807358,0.3719421625137329,0.4268786056953318
gpqa_0138,gpqa_diamond,0,5075.0,354.0,0.4745762711864407,0.0028248587570621,0.3248587570621469,0.0621468926553672,0.1299435028248587,0.0028248587570621,0.0028248587570621,115.0,1.0,22.0,0.0059523809523809,0.5359280699593545,1.0,0.0,11.0,1.0201956660047296,256.0,0.0254187192118226,23.0,73.0,0.3288643533123028,0.02903682719546742,0.980225988700565,0.7766380763425368,0.27552738785743713,0.35068134242334426
gpqa_0139,gpqa_diamond,0,7884.0,633.0,0.5608214849921012,0.0110584518167456,0.2480252764612954,0.0963665086887835,0.0774091627172195,0.0031595576619273,0.0031595576619273,157.0,7.0,61.0,0.0197183098591549,0.5224744013545111,0.9620253164556962,0.9023152043020752,18.0,1.1050514065082109,462.0,0.0216894977168949,31.0,137.0,0.2657023220403501,0.015266103632971574,0.9652448657187994,0.7754696129373263,0.25863054394721985,0.4235163513526675
gpqa_0140,gpqa_diamond,0,3081.0,208.0,0.625,0.0,0.2067307692307692,0.0721153846153846,0.0913461538461538,0.0,0.0048076923076923,43.0,0.0,15.0,0.0,0.5123019885406135,1.0,0.0,10.0,1.5639442301799964,122.0,0.0168776371308016,11.0,43.0,0.2046783625730994,0.026499695136250646,0.8942307692307693,0.7429749772744478,0.30344757437705994,0.48616846855094825
gpqa_0141,gpqa_diamond,1,398.0,40.0,0.875,0.025,0.025,0.025,0.025,0.0,0.025,1.0,1.0,1.0,0.0285714285714285,0.4102564102564102,1.0,0.0,16.0,0.148256114120461,5.0,0.0100502512562814,0.0,0.0,0.0025316455696202,0.02564102564102564,0.55,0.5843653304454608,0.18481318652629852,0.3779928386211395
gpqa_0142,gpqa_diamond,0,6724.0,555.0,0.6576576576576577,0.0036036036036036,0.1729729729729729,0.0846846846846846,0.0774774774774774,0.0018018018018018,0.0018018018018018,96.0,2.0,47.0,0.0054794520547945,0.523014440433213,1.0,0.0,13.0,0.9638798799473908,458.0,0.0156157049375371,15.0,82.0,0.3460794524624312,0.028874338201212945,0.9765765765765766,0.8263310519743052,0.30039823055267334,0.3951020380220143
gpqa_0143,gpqa_diamond,0,2366.0,222.0,0.6936936936936937,0.045045045045045,0.1531531531531531,0.027027027027027,0.063063063063063,0.009009009009009,0.009009009009009,34.0,10.0,6.0,0.0649350649350649,0.6022092094756455,0.995475113122172,0.7072722779038418,16.0,0.9714525393336508,117.0,0.0194420963651732,21.0,17.0,0.1417689377909436,0.01637186343068696,0.8468468468468469,0.7259949822636211,0.2632896900177002,0.2782686999333756
gpqa_0144,gpqa_diamond,0,4429.0,554.0,0.7653429602888087,0.0108303249097472,0.1913357400722021,0.0,0.01985559566787,0.003610108303249,0.0090252707581227,106.0,6.0,0.0,0.0141509433962264,0.6042683134873246,0.6220614828209765,0.4617623737334153,19.0,0.5622245350735522,441.0,0.0286746443892526,17.0,49.0,0.2184816990510619,0.06773986424509264,0.9927797833935018,0.8514405124387948,0.31444820761680603,0.38094477116413017
gpqa_0145,gpqa_diamond,0,4285.0,274.0,0.6131386861313869,0.0,0.2007299270072992,0.072992700729927,0.1094890510948905,0.0,0.0036496350364963,55.0,0.0,20.0,0.0,0.4966366966366967,1.0,0.0,12.0,1.3992563365459838,170.0,0.0158693115519253,16.0,35.0,0.2428771602055114,0.018422753716871364,0.8576642335766423,0.7289081905787681,0.2570827305316925,0.4069309414674838
gpqa_0146,gpqa_diamond,1,3807.0,232.0,0.7456896551724138,0.0,0.1034482758620689,0.0258620689655172,0.1077586206896551,0.0086206896551724,0.0086206896551724,24.0,0.0,6.0,0.0,0.4897186147186147,0.9956709956709956,0.0,23.0,1.0763110323137397,135.0,0.0094562647754137,9.0,19.0,0.2628811777076761,0.03146997929606625,0.9525862068965517,0.7430413497603816,0.22495192289352417,0.369146095481343
gpqa_0147,gpqa_diamond,0,7120.0,687.0,0.6652110625909753,0.0101892285298398,0.1746724890829694,0.0465793304221251,0.098981077147016,0.0,0.0043668122270742,120.0,7.0,32.0,0.0153172866520787,0.5390913508260446,0.9708454810495628,1.0523189868488316,15.0,1.1825487650339574,514.0,0.0206460674157303,45.0,101.0,0.2451875790361107,0.02311080845268243,0.9912663755458515,0.7924527072350416,0.2876296937465668,0.3130223262812942
gpqa_0148,gpqa_diamond,1,2131.0,125.0,0.688,0.0,0.152,0.072,0.072,0.008,0.008,19.0,0.0,9.0,0.0,0.4622241086587436,1.0,0.0,24.0,0.9430844128400846,60.0,0.013139371187236,7.0,44.0,0.1583646616541353,0.046289011277209545,0.928,0.7255678716446123,0.31206026673316956,0.4427164816542676
gpqa_0149,gpqa_diamond,1,5484.0,494.0,0.6295546558704453,0.0080971659919028,0.2024291497975708,0.0566801619433198,0.1012145748987854,0.0020242914979757,0.0,100.0,4.0,28.0,0.0128617363344051,0.5223326572008115,1.0,1.2717292812904477,11.0,0.9738431563591088,358.0,0.0227935813274981,14.0,61.0,0.1950374019339537,0.02209798974257491,0.9473684210526315,0.7806034869765655,0.2886093854904175,0.37371369743497546
gpqa_0150,gpqa_diamond,1,1328.0,126.0,0.7619047619047619,0.0158730158730158,0.1269841269841269,0.0238095238095238,0.0158730158730158,0.0238095238095238,0.0317460317460317,16.0,2.0,3.0,0.0208333333333333,0.5449999999999999,0.824,0.0,22.0,0.9897331194644436,52.0,0.0135542168674698,2.0,16.0,0.0747169811320754,0.02,0.8095238095238095,0.7026341453790665,0.24015545845031738,0.2422086549922824
gpqa_0151,gpqa_diamond,1,1047.0,72.0,0.75,0.0,0.0555555555555555,0.0694444444444444,0.1111111111111111,0.0138888888888888,0.0,4.0,0.0,5.0,0.0,0.630281690140845,1.0,0.0,14.0,0.7126521317637449,23.0,0.0085959885386819,2.0,18.0,0.0727969348659003,0.07766599597585513,0.8055555555555556,0.7050143217956516,0.3605761229991913,0.6602335572242737
gpqa_0152,gpqa_diamond,0,4921.0,415.0,0.619277108433735,0.0048192771084337,0.2457831325301205,0.0771084337349397,0.053012048192771,0.0,0.0,102.0,2.0,32.0,0.0077821011673151,0.4996921473903571,1.0,0.0,13.0,1.1192167117936582,316.0,0.0231660231660231,24.0,52.0,0.2570150467669784,0.020692236609701604,0.9180722891566265,0.7794774787158566,0.30014121532440186,0.40644278829285035
gpqa_0153,gpqa_diamond,1,4092.0,289.0,0.6539792387543253,0.0138408304498269,0.1937716262975778,0.0692041522491349,0.0588235294117647,0.0069204152249134,0.0034602076124567,56.0,4.0,20.0,0.0211640211640211,0.5147569444444444,1.0,0.5836877406561263,15.0,1.0067930342319669,182.0,0.0178396871945259,9.0,48.0,0.1865981902665688,0.020663956639566397,0.9584775086505191,0.7360625059033434,0.2908395528793335,0.4206422332931182
gpqa_0154,gpqa_diamond,1,1104.0,114.0,0.9035087719298246,0.0263157894736842,0.0350877192982456,0.0,0.0087719298245614,0.0087719298245614,0.0175438596491228,4.0,3.0,0.0,0.029126213592233,0.6570796460176991,0.8141592920353983,0.7142857142857143,51.0,0.3818195820925099,24.0,0.0054347826086956,0.0,1.0,0.07811080835604,0.031447534766118834,0.9824561403508771,0.7071458744791757,0.25612202286720276,0.3299856036901474
gpqa_0155,gpqa_diamond,1,6572.0,456.0,0.6842105263157895,0.0,0.2456140350877192,0.0307017543859649,0.0285087719298245,0.0043859649122807,0.006578947368421,112.0,0.0,14.0,0.0,0.4707417582417583,0.967032967032967,0.0,10.0,0.9732066403854144,351.0,0.0194765672550213,20.0,138.0,0.3180088293499772,0.03531006438495425,0.9078947368421053,0.8005693928062261,0.2422877550125122,0.3411850282793929
gpqa_0156,gpqa_diamond,1,1727.0,130.0,0.8076923076923077,0.0076923076923076,0.0615384615384615,0.0538461538461538,0.0538461538461538,0.0153846153846153,0.0,8.0,1.0,7.0,0.0095238095238095,0.3798449612403101,1.0,0.0,21.0,0.5437291429559675,64.0,0.0069484655471916,5.0,23.0,0.1102088167053364,0.04130329457364341,0.8153846153846154,0.7195318347030832,0.32594195008277893,0.6260383203625679
gpqa_0157,gpqa_diamond,0,3191.0,262.0,0.7251908396946565,0.0,0.1412213740458015,0.049618320610687,0.0687022900763358,0.0038167938931297,0.0114503816793893,37.0,0.0,13.0,0.0,0.6282489385937662,0.5440613026819924,0.0,20.0,1.152311073303259,181.0,0.0097148229395173,6.0,131.0,0.2810539523212045,0.04326554671382257,0.9427480916030534,0.7945430717249027,0.28059160709381104,0.3657737878652719
gpqa_0158,gpqa_diamond,0,4203.0,309.0,0.6116504854368932,0.0097087378640776,0.1682847896440129,0.116504854368932,0.0841423948220064,0.0032362459546925,0.0064724919093851,52.0,3.0,36.0,0.0158730158730158,0.5332792207792209,0.9805194805194806,0.8529411764705882,11.0,1.05328247910758,195.0,0.0142755174875089,7.0,55.0,0.2352380952380952,0.02720081221709886,0.9644012944983819,0.7694098514855489,0.2571885287761688,0.32607363257557154
gpqa_0159,gpqa_diamond,0,3814.0,228.0,0.6754385964912281,0.0131578947368421,0.1973684210526315,0.0482456140350877,0.043859649122807,0.0043859649122807,0.0175438596491228,45.0,3.0,11.0,0.0194805194805194,0.4982868330885953,0.8237885462555066,0.6538461538461539,14.0,1.0417746335573208,148.0,0.0146827477713686,12.0,30.0,0.2912621359223301,0.0376983353475498,0.9605263157894737,0.7645607442320181,0.28418493270874023,0.37924259281514777
gpqa_0160,gpqa_diamond,1,2348.0,168.0,0.7738095238095238,0.0119047619047619,0.119047619047619,0.0178571428571428,0.0595238095238095,0.0119047619047619,0.0059523809523809,20.0,2.0,3.0,0.0153846153846153,0.5994011976047904,1.0,0.0,14.0,0.6928118353850428,85.0,0.0110732538330494,9.0,9.0,0.1863539445628997,0.036793882115287495,0.8928571428571429,0.7222190038886613,0.26958417892456055,0.28323553311638533
gpqa_0161,gpqa_diamond,1,9072.0,635.0,0.6346456692913386,0.0141732283464566,0.1637795275590551,0.058267716535433,0.0866141732283464,0.0062992125984251,0.0362204724409448,104.0,9.0,37.0,0.0223325062034739,0.4957989565639407,0.0694006309148265,1.1503689325040174,23.0,1.387875724155004,431.0,0.0142195767195767,20.0,106.0,0.2711434557283052,0.024728273057544815,0.9464566929133859,0.7909620799335771,0.243691086769104,0.3403366065965119
gpqa_0162,gpqa_diamond,0,7520.0,658.0,0.7325227963525835,0.0167173252279635,0.1626139817629179,0.0273556231003039,0.047112462006079,0.0121580547112462,0.0015197568389057,107.0,11.0,18.0,0.0228215767634854,0.5661815957552738,1.0,0.6450450729727191,23.0,1.3147798593774107,416.0,0.0152925531914893,15.0,122.0,0.1909006252494346,0.03290084270705721,0.9817629179331308,0.8061934707507695,0.2883880138397217,0.38916045222599227
gpqa_0163,gpqa_diamond,0,8801.0,845.0,0.8201183431952662,0.0035502958579881,0.1195266272189349,0.0248520710059171,0.0248520710059171,0.0047337278106508,0.0023668639053254,101.0,3.0,21.0,0.0043290043290043,0.5548543005959364,0.3945497630331753,0.8543046357615894,48.0,1.035240414309164,656.0,0.0127258266106124,14.0,73.0,0.2444873834962491,0.035339821108318854,0.9171597633136095,0.8269548270657164,0.2670394480228424,0.2762440221895482
gpqa_0164,gpqa_diamond,1,733.0,55.0,0.9090909090909092,0.0,0.0181818181818181,0.0,0.0545454545454545,0.0,0.0181818181818181,1.0,0.0,0.0,0.0,0.925925925925926,1.0,0.0,25.0,0.2020302176782493,2.0,0.0027285129604365,0.0,15.0,0.0178082191780821,0.017470300489168415,0.8,0.6198958944943216,0.20020930469036102,0.7549758553504944
gpqa_0165,gpqa_diamond,0,4586.0,274.0,0.6824817518248175,0.0072992700729927,0.1423357664233576,0.0620437956204379,0.0985401459854014,0.0036496350364963,0.0036496350364963,39.0,2.0,17.0,0.0106951871657754,0.520803982342444,1.0,0.0,12.0,0.9671931507892614,153.0,0.0093763628434365,9.0,30.0,0.1861226271001527,0.016968325791855202,0.9598540145985401,0.7187834335388719,0.2378329038619995,0.3797204646281898
gpqa_0166,gpqa_diamond,0,0.0,0.0,0.0,0.0,0.0,0.0,0.0,0.0,0.0,0.0,0.0,0.0,0.0,0.0,0.0,0.0,0.0,0.0,0.0,0.0,0.0,0.0,0.0,0.1032279762818685,0.8010247651579846,0.871777255514748,0.4004404842853546,0.3528669811211118
gpqa_0167,gpqa_diamond,0,1193.0,75.0,0.7066666666666667,0.0266666666666666,0.0533333333333333,0.0266666666666666,0.12,0.0133333333333333,0.0533333333333333,4.0,2.0,2.0,0.0377358490566037,0.75,0.5675675675675675,0.0,18.0,0.999047455563306,19.0,0.0041911148365465,0.0,45.0,0.0747899159663865,0.0259163272861903,0.8533333333333334,0.6530795492030479,0.19985350966453552,0.42222703744967777
gpqa_0168,gpqa_diamond,1,8541.0,622.0,0.7990353697749196,0.0064308681672025,0.1109324758842443,0.0257234726688102,0.0498392282958199,0.0016077170418006,0.0064308681672025,69.0,4.0,16.0,0.0080482897384305,0.5394991715092535,0.9629629629629628,0.91597871876617,49.0,1.0276275728106794,430.0,0.0113569839597236,12.0,59.0,0.2973764347622394,0.034600799958443715,0.9694533762057878,0.8178972235960277,0.2898171544075012,0.4724093858967535
gpqa_0169,gpqa_diamond,1,1208.0,129.0,0.8604651162790697,0.0232558139534883,0.0620155038759689,0.0,0.0232558139534883,0.0077519379844961,0.0232558139534883,8.0,3.0,0.0,0.027027027027027,0.5126953125,0.8515625,0.3103448275862069,29.0,0.4367408919243539,51.0,0.0082781456953642,4.0,10.0,0.0879668049792531,0.04749015748031496,0.8217054263565892,0.7266687144292518,0.2785632312297821,0.30488113733008504
gpqa_0170,gpqa_diamond,0,7201.0,504.0,0.6329365079365079,0.0119047619047619,0.244047619047619,0.0277777777777777,0.0793650793650793,0.0019841269841269,0.0019841269841269,123.0,6.0,14.0,0.018808777429467,0.5145872731093116,1.0,0.6799276338711255,12.0,1.1634417205585277,379.0,0.0195806138036383,12.0,84.0,0.2767435398721867,0.022328182300618598,0.9325396825396826,0.7877305663722173,0.25530800223350525,0.37428286434509433
gpqa_0171,gpqa_diamond,1,1285.0,108.0,0.8425925925925926,0.0,0.0833333333333333,0.0092592592592592,0.0555555555555555,0.0,0.0092592592592592,9.0,0.0,1.0,0.0,0.4620976116303218,1.0,0.0,16.0,0.6421754693599253,54.0,0.0132295719844357,7.0,4.0,0.1809672386895475,0.05730911655792629,0.8148148148148148,0.7194481302644604,0.25229713320732117,0.22280311418904197
gpqa_0172,gpqa_diamond,0,1044.0,81.0,0.7654320987654321,0.037037037037037,0.0493827160493827,0.0493827160493827,0.0617283950617283,0.0246913580246913,0.0123456790123456,4.0,3.0,4.0,0.0483870967741935,0.48125,1.0,0.8461538461538461,14.0,0.9708322599839012,23.0,0.0067049808429118,1.0,4.0,0.0691642651296829,0.029746835443037974,0.9506172839506173,0.6716532175429165,0.2575359344482422,0.3285663904001315
gpqa_0173,gpqa_diamond,0,9335.0,816.0,0.7316176470588235,0.0036764705882352,0.2107843137254902,0.0159313725490196,0.0220588235294117,0.0049019607843137,0.0110294117647058,172.0,3.0,13.0,0.0050251256281407,0.6329861606505921,0.8895705521472392,0.188235294117647,37.0,1.2755952952049836,608.0,0.0198178896625602,12.0,102.0,0.3221174453493356,0.027271219909256718,0.9607843137254902,0.8330477624583098,0.27169665694236755,0.29740069839010563
gpqa_0174,gpqa_diamond,1,5930.0,436.0,0.6284403669724771,0.0114678899082568,0.1788990825688073,0.0894495412844036,0.0802752293577981,0.0068807339449541,0.0045871559633027,78.0,5.0,39.0,0.0182481751824817,0.5432655467138225,0.993103448275862,0.5773502691896257,20.0,1.1571569657239336,298.0,0.0160202360876897,13.0,70.0,0.2652269276193689,0.02272366121086922,0.9426605504587156,0.7805638329393563,0.23963071405887604,0.3188441504394235
gpqa_0175,gpqa_diamond,1,2325.0,214.0,0.8691588785046729,0.014018691588785,0.0607476635514018,0.0186915887850467,0.0046728971962616,0.0186915887850467,0.014018691588785,13.0,3.0,4.0,0.0161290322580645,0.5507403394727338,0.9577464788732394,0.0,47.0,0.4871401121521523,76.0,0.0068817204301075,3.0,9.0,0.0956072351421188,0.015546106829657189,0.9252336448598131,0.7304763339215041,0.22366385161876678,0.19588978575276478
gpqa_0176,gpqa_diamond,0,863.0,64.0,0.703125,0.015625,0.0625,0.03125,0.15625,0.0,0.03125,4.0,1.0,2.0,0.0222222222222222,0.6468253968253967,0.7936507936507936,0.0,8.0,0.8065473951008512,6.0,0.0127462340672074,5.0,12.0,0.0313953488372092,0.017409114183307733,0.75,0.6125767708770813,0.1926797777414322,0.3399911195039749
gpqa_0177,gpqa_diamond,0,5509.0,397.0,0.6675062972292192,0.0201511335012594,0.2367758186397985,0.0125944584382871,0.0453400503778337,0.0025188916876574,0.0151133501259445,94.0,8.0,5.0,0.030188679245283,0.5392488716956801,0.1691919191919192,0.6563126987482004,12.0,1.1516327968777471,269.0,0.0196042838990742,8.0,69.0,0.1703596077006901,0.028883774453394708,0.9949622166246851,0.7691814827196526,0.23919261991977692,0.3444747793285072
gpqa_0178,gpqa_diamond,1,5416.0,448.0,0.8303571428571429,0.0223214285714285,0.0959821428571428,0.015625,0.0290178571428571,0.0044642857142857,0.0022321428571428,43.0,10.0,7.0,0.0268817204301075,0.6258779459965662,1.0,0.6662259435115461,43.0,1.0426491563676847,267.0,0.0101550960118168,16.0,131.0,0.2179937188250508,0.020304772223392623,0.9375,0.7867879790714389,0.23370575904846191,0.3352703732777048
gpqa_0179,gpqa_diamond,0,0.0,0.0,0.0,0.0,0.0,0.0,0.0,0.0,0.0,0.0,0.0,0.0,0.0,0.0,0.0,0.0,0.0,0.0,0.0,0.0,0.0,0.0,0.0,0.01589825119236884,0.9650516282764099,0.8136581508457565,0.24766512215137482,0.3820815418830206
gpqa_0180,gpqa_diamond,0,6468.0,376.0,0.625,0.0053191489361702,0.1994680851063829,0.0957446808510638,0.0585106382978723,0.0026595744680851,0.0132978723404255,75.0,2.0,36.0,0.0085106382978723,0.4768711111111111,0.5813333333333334,0.0,15.0,1.215878256061879,280.0,0.0123685837971552,5.0,53.0,0.2892498066511988,0.045319073083778964,0.9414893617021277,0.7991178242762884,0.29854321479797363,0.4026247629234077
gpqa_0181,gpqa_diamond,0,567.0,32.0,0.875,0.0,0.03125,0.0,0.0625,0.0,0.03125,1.0,0.0,0.0,0.0,0.7096774193548387,1.0,0.0,10.0,0.2686528309560139,5.0,0.0035273368606701,0.0,9.0,0.0549645390070921,0.04516129032258064,0.75,0.5806174498171576,0.26290884613990784,0.32458382844924927
gpqa_0182,gpqa_diamond,0,3223.0,320.0,0.765625,0.00625,0.153125,0.01875,0.046875,0.0,0.009375,49.0,2.0,6.0,0.0081632653061224,0.5291408099289873,0.8025078369905956,0.0,15.0,0.95731537863846,235.0,0.0220291653738752,15.0,42.0,0.2065217391304348,0.022101299264604406,0.940625,0.782114297805535,0.26286664605140686,0.38023146205380853
gpqa_0183,gpqa_diamond,0,6276.0,556.0,0.6258992805755396,0.0035971223021582,0.1834532374100719,0.0755395683453237,0.1025179856115107,0.0071942446043165,0.0017985611510791,102.0,2.0,42.0,0.0057471264367816,0.5419537184243066,1.0,0.0,28.0,1.243547540349759,446.0,0.0223072020395156,20.0,99.0,0.255699027578511,0.02208995999609718,0.9226618705035972,0.8049449685189101,0.25129422545433044,0.32145469690508705
gpqa_0184,gpqa_diamond,1,2230.0,143.0,0.8461538461538461,0.0209790209790209,0.0699300699300699,0.0209790209790209,0.0209790209790209,0.0069930069930069,0.0139860139860139,10.0,3.0,3.0,0.024793388429752,0.5422535211267606,0.9929577464788732,0.5348837209302325,23.0,0.485142379681251,72.0,0.0076233183856502,2.0,4.0,0.1661427929950606,0.026670662271501347,0.7972027972027972,0.6968345423294624,0.22656559944152832,0.3091833268602689
gpqa_0185,gpqa_diamond,0,1969.0,154.0,0.5584415584415584,0.0129870129870129,0.1818181818181818,0.1168831168831168,0.1298701298701298,0.0,0.0,28.0,2.0,18.0,0.0232558139534883,0.5849673202614379,1.0,0.0,8.0,1.4569390652789072,80.0,0.0167597765363128,2.0,18.0,0.1505595116988809,0.02364981080151359,0.9415584415584416,0.7122896266918557,0.29284965991973877,0.3113032587404762
gpqa_0186,gpqa_diamond,1,4004.0,435.0,0.8459770114942529,0.0114942528735632,0.1310344827586207,0.0,0.0022988505747126,0.0045977011494252,0.0045977011494252,57.0,5.0,0.0,0.0135869565217391,0.5236074056108011,0.9861751152073732,1.2484534366392024,33.0,0.2946204259531215,301.0,0.0194805194805194,13.0,50.0,0.1734566358410397,0.019987015889571205,0.8298850574712644,0.7906554967233662,0.27666592597961426,0.35126287739389694
gpqa_0187,gpqa_diamond,0,8374.0,645.0,0.5100775193798449,0.0077519379844961,0.3643410852713178,0.0387596899224806,0.0682170542635658,0.0046511627906976,0.0062015503875968,235.0,5.0,25.0,0.0151975683890577,0.5840491608299193,0.8726708074534162,0.9404290976756844,16.0,1.3929889416397834,498.0,0.0296154764748029,36.0,112.0,0.273682953052204,0.015890188653729122,0.9751937984496124,0.7776362000623289,0.24633890390396118,0.3812092515519125
gpqa_0188,gpqa_diamond,0,671.0,46.0,0.8913043478260869,0.0,0.0434782608695652,0.0,0.0434782608695652,0.0,0.0217391304347826,2.0,0.0,0.0,0.0,0.7333333333333334,1.0,0.0,24.0,0.2401815620928307,13.0,0.007451564828614,2.0,15.0,0.029940119760479,0.05555555555555555,0.9347826086956522,0.6516884975963169,0.39137905836105347,0.2677762168459594
gpqa_0189,gpqa_diamond,0,5490.0,478.0,0.6882845188284519,0.00418410041841,0.2510460251046025,0.0146443514644351,0.0355648535564853,0.002092050209205,0.00418410041841,120.0,2.0,7.0,0.0060790273556231,0.5349755415793153,0.8553459119496856,0.0,18.0,0.881512548940934,365.0,0.0231329690346083,15.0,90.0,0.2979770366320393,0.031948628508006977,0.9456066945606695,0.8225406055305489,0.23446708917617798,0.30453823586605244
gpqa_0190,gpqa_diamond,0,6326.0,473.0,0.4418604651162791,0.0,0.2684989429175475,0.0993657505285412,0.1733615221987315,0.014799154334038,0.0021141649048625,127.0,0.0,47.0,0.0,0.5786901107700522,1.0,0.0,9.0,1.7182003095521383,352.0,0.0216566550742965,25.0,77.0,0.2802467183299066,0.02388535031847134,0.9577167019027484,0.7821605949015435,0.2950628399848938,0.46607358406799904
gpqa_0191,gpqa_diamond,0,6763.0,398.0,0.7487437185929648,0.0,0.1733668341708542,0.0175879396984924,0.0402010050251256,0.0050251256281407,0.0150753768844221,69.0,0.0,7.0,0.0,0.5684663965246597,0.8942065491183879,0.0,19.0,1.0720310269052709,308.0,0.014047020553009,34.0,55.0,0.3899408284023669,0.07003282192199069,0.9547738693467337,0.7841186233671846,0.37386512756347656,0.4567476775124669
gpqa_0192,gpqa_diamond,1,2108.0,153.0,0.8235294117647058,0.0196078431372549,0.0718954248366013,0.0130718954248366,0.0261437908496732,0.0,0.0457516339869281,11.0,3.0,2.0,0.0238095238095238,0.5747607655502392,0.2105263157894736,0.6190476190476191,18.0,0.9297842302374256,102.0,0.0094876660341555,10.0,3.0,0.2261282660332542,0.054897176716626,0.8562091503267973,0.7647189712151885,0.32627999782562256,0.1252003631864985
gpqa_0193,gpqa_diamond,1,1596.0,151.0,0.8344370860927153,0.0463576158940397,0.0728476821192053,0.0132450331125827,0.0132450331125827,0.0132450331125827,0.0066225165562913,11.0,7.0,2.0,0.0555555555555555,0.6587878787878787,1.0,1.1009705105458811,37.0,0.7715079571280787,71.0,0.0106516290726817,9.0,6.0,0.130571249215317,0.0447427293064877,0.9006622516556292,0.7458534281452497,0.2550349533557892,0.22962258150801063
gpqa_0194,gpqa_diamond,1,8392.0,564.0,0.5656028368794326,0.0035460992907801,0.3191489361702128,0.0336879432624113,0.0585106382978723,0.0124113475177304,0.0070921985815602,180.0,2.0,19.0,0.006269592476489,0.5339253996447603,0.9396092362344582,0.0,21.0,1.1416419080299642,427.0,0.0233555767397521,20.0,109.0,0.3199427822148051,0.02877947952946531,0.9822695035460993,0.7984032865951158,0.2846228778362274,0.37105501751808173
gpqa_0195,gpqa_diamond,1,818.0,80.0,0.9,0.0125,0.025,0.0125,0.0375,0.0,0.0125,2.0,1.0,1.0,0.0138888888888888,0.5886075949367089,1.0,0.0,31.0,0.1485547572268973,31.0,0.0073349633251833,5.0,4.0,0.0871165644171779,0.04251866277182733,0.6875,0.6607436100138894,0.25585800409317017,0.19910787045955658
gpqa_0196,gpqa_diamond,0,5320.0,391.0,0.6112531969309463,0.0051150895140664,0.1841432225063938,0.0895140664961636,0.1099744245524296,0.0,0.0,72.0,2.0,35.0,0.00836820083682,0.5320868945868945,1.0,0.0,13.0,1.2286573509157397,264.0,0.019172932330827,14.0,92.0,0.21572315215347,0.02121152198273021,0.9718670076726342,0.7581804858568387,0.2925562560558319,0.3691655981521576
gpqa_0197,gpqa_diamond,0,9774.0,684.0,0.5789473684210527,0.0131578947368421,0.2178362573099415,0.0935672514619883,0.0862573099415204,0.0087719298245614,0.0014619883040935,149.0,9.0,64.0,0.0227272727272727,0.5931588825454225,0.9985358711566618,0.4497426941903478,37.0,1.268753415879614,513.0,0.0173930836914262,8.0,172.0,0.4039504656636987,0.03167413043198241,0.9605263157894737,0.8280990164546981,0.28915390372276306,0.4464519857214519
