item_id,dataset,is_correct,total_tokens,total_episodes,prop_forward,prop_verification,prop_backtrack,prop_restart,prop_hesitation,prop_subgoal,prop_conclusion,backtrack_count,verification_count,restart_count,vf_ratio,bt_position_mean,first_conclusion_pos,v_clustering,max_forward_run,transition_entropy,cycle_count,wait_ratio,question_mark_count,negation_count,repetition_rate_4gram,semantic_recurrence_rate,max_semantic_cycle_span,progress_repetition,termination_recycle,revision_ineffectiveness,problem_conclusion_sim,problem_trace_max_sim,problem_drift,problem_keyword_coverage
gpqa_0000,gpqa_diamond,0,5404.0,395.0,0.7341772151898734,0.0075949367088607,0.1417721518987341,0.0430379746835443,0.0658227848101265,0.0,0.0075949367088607,56.0,3.0,17.0,0.0103448275862068,0.4924311094996375,0.4644670050761421,0.4009661835748792,13.0,1.1017762585044275,271.0,0.0114729829755736,4.0,73.0,0.2930938715052767,0.0357396571989511,0.9518987341772152,0.810469180496816,0.2779191136360168,0.3152004777009345,0.424701151107043,0.7440986633300781,0.05994456069168763,0.9285714285714286
gpqa_0001,gpqa_diamond,1,4587.0,345.0,0.5246376811594203,0.0028985507246376,0.2898550724637681,0.1014492753623188,0.0753623188405797,0.0028985507246376,0.0028985507246376,100.0,1.0,35.0,0.005524861878453,0.503139534883721,0.9912790697674418,0.0,9.0,0.9271012521257472,222.0,0.0211467189884456,8.0,98.0,0.2098603839441536,0.0271204827445928,0.9246376811594202,0.7640237740652506,0.2729652225971222,0.3495860509525907,0.34921234356071096,0.695336103439331,-0.029216811359743633,0.9444444444444444
gpqa_0002,gpqa_diamond,0,1284.0,132.0,0.8560606060606061,0.0151515151515151,0.0606060606060606,0.0227272727272727,0.0227272727272727,0.0151515151515151,0.0075757575757575,8.0,2.0,3.0,0.0176991150442477,0.465648854961832,0.9847328244274808,0.0,23.0,0.6004370645287371,45.0,0.0085669781931464,0.0,3.0,0.0741608118657298,0.0486200822078684,0.8787878787878788,0.7532991516681118,0.2784769237041473,0.3655946685208214,0.23002700223441952,0.806480884552002,0.17090643666883543,0.45454545454545453
gpqa_0003,gpqa_diamond,0,998.0,71.0,0.8450704225352113,0.0,0.056338028169014,0.028169014084507,0.056338028169014,0.0140845070422535,0.0,4.0,0.0,2.0,0.0,0.4464285714285714,1.0,0.0,13.0,0.5568558388727981,22.0,0.0110220440881763,0.0,10.0,0.0974874371859296,0.0335403726708074,0.7887323943661971,0.6923082855130944,0.2880339026451111,0.1161975130438804,0.31302881401876714,0.883947491645813,0.3042320809361145,0.9166666666666666
gpqa_0004,gpqa_diamond,0,14289.0,1253.0,0.839584996009577,0.0039904229848363,0.0694333599361532,0.0422984836392657,0.0399042298483639,0.0031923383878691,0.0015961691939345,87.0,5.0,53.0,0.0047528517110266,0.4686662259924351,0.7931309904153354,0.4625805124133482,58.0,0.9495774581547138,1029.0,0.0064385191405976,15.0,147.0,0.3935321293574129,0.0309464888153375,0.9561053471667996,0.8443181621975983,0.2255939841270446,0.2713409436163628,0.24765791769008852,0.6681026220321655,0.4236964895465486,0.8518518518518519
gpqa_0005,gpqa_diamond,1,12050.0,899.0,0.6318131256952169,0.0155728587319243,0.1668520578420467,0.0667408231368186,0.1112347052280311,0.0066740823136818,0.0011123470522803,150.0,14.0,60.0,0.0246478873239436,0.5001113585746102,0.8652561247216035,1.137207584397152,17.0,1.1818738864190466,664.0,0.0148547717842323,4.0,184.0,0.405661160454885,0.0266888142360205,0.9877641824249166,0.8290095333433098,0.2325553297996521,0.2823397882536731,0.34151254355186833,0.8361172080039978,0.016021834411237612,0.75
gpqa_0006,gpqa_diamond,0,7784.0,671.0,0.7019374068554396,0.007451564828614,0.1684053651266766,0.0417287630402384,0.067064083457526,0.0119225037257824,0.0014903129657228,113.0,5.0,28.0,0.0106157112526539,0.4772421080438515,1.0,0.7839908297832369,25.0,1.2791434163567346,499.0,0.0152877697841726,2.0,85.0,0.3060017992545945,0.0183521852620306,0.992548435171386,0.8120155862240649,0.2613162100315094,0.302414824783802,0.28978748157342815,0.7609008550643921,0.0430452850390689,0.8095238095238095
gpqa_0007,gpqa_diamond,1,3210.0,241.0,0.8174273858921162,0.0041493775933609,0.0622406639004149,0.0331950207468879,0.0705394190871369,0.0041493775933609,0.0082987551867219,15.0,1.0,8.0,0.0050761421319796,0.6533333333333334,0.975,0.0,28.0,0.6830605262601647,137.0,0.0049844236760124,1.0,69.0,0.2912379170564391,0.0731520223152022,0.9294605809128632,0.8040824768443903,0.3648258447647095,0.4863642246928066,0.18958610737080542,0.7963011264801025,0.12258534379154451,0.6129032258064516
gpqa_0008,gpqa_diamond,1,1063.0,85.0,0.7411764705882353,0.0117647058823529,0.0823529411764705,0.0705882352941176,0.0823529411764705,0.0117647058823529,0.0,7.0,1.0,6.0,0.0158730158730158,0.5833333333333333,1.0,0.0,9.0,0.7806391626835643,22.0,0.0084666039510818,6.0,16.0,0.0594339622641509,0.0283993115318416,0.9882352941176472,0.6573443561792374,0.295061856508255,0.4167201011441648,0.7290644838361552,0.805282711982727,0.03126015109821123,0.8
gpqa_0009,gpqa_diamond,0,0.0,0.0,0.0,0.0,0.0,0.0,0.0,0.0,0.0,0.0,0.0,0.0,0.0,0.0,0.0,0.0,0.0,0.0,0.0,0.0,0.0,0.0,0.0,0.3058581160501005,0.9977553310886644,0.9534785175675088,0.4617093205451965,0.3454709874315406,0.5398511727460611,0.8646278381347656,-0.008551895119939257,1.0
gpqa_0010,gpqa_diamond,1,1098.0,84.0,0.7380952380952381,0.0119047619047619,0.0833333333333333,0.0476190476190476,0.0952380952380952,0.0238095238095238,0.0,7.0,1.0,4.0,0.0161290322580645,0.6815834767641996,1.0,0.0,22.0,0.9221530391489412,24.0,0.0081967213114754,1.0,27.0,0.0301369863013698,0.0314428445489274,0.7738095238095238,0.6880364543702229,0.2608104348182678,0.3271167362108826,0.30749719022248007,0.7446572780609131,0.08565115916494126,0.46153846153846156
gpqa_0011,gpqa_diamond,1,1778.0,183.0,0.8907103825136612,0.0273224043715847,0.0382513661202185,0.0054644808743169,0.0163934426229508,0.0054644808743169,0.0163934426229508,7.0,5.0,1.0,0.0306748466257668,0.7229199372056516,0.8351648351648352,0.4948795868283906,34.0,0.5320788494831439,58.0,0.0050618672665916,1.0,3.0,0.1256338028169014,0.0284135753749013,0.8415300546448088,0.7398310279125695,0.2337941378355026,0.30013182407452,0.4017402669984448,0.6358610391616821,0.0808533284384173,0.625
gpqa_0012,gpqa_diamond,0,4898.0,346.0,0.7687861271676301,0.0028901734104046,0.1098265895953757,0.0462427745664739,0.0549132947976878,0.0173410404624277,0.0,38.0,1.0,16.0,0.0037593984962406,0.3575133485888634,1.0,0.0,48.0,0.9608904080527904,235.0,0.0083707635769701,17.0,59.0,0.2784473953013279,0.0289180990899898,0.9479768786127168,0.8039716507213703,0.2626864910125732,0.5162169401301071,0.4106739883616035,0.6240619421005249,-0.044948333080682024,0.7741935483870968
gpqa_0013,gpqa_diamond,1,809.0,42.0,0.7380952380952381,0.0,0.0476190476190476,0.0952380952380952,0.119047619047619,0.0,0.0,2.0,0.0,4.0,0.0,0.6463414634146342,1.0,0.0,12.0,0.8583514800224368,3.0,0.0024721878862793,1.0,8.0,0.0521091811414392,0.0268292682926829,0.9761904761904762,0.6034378209492055,0.2913145124912262,0.3064258769154548,0.6582132463399993,0.7463206648826599,0.04069991955686014,0.6428571428571429
gpqa_0014,gpqa_diamond,1,4134.0,268.0,0.7761194029850746,0.0,0.1305970149253731,0.0373134328358208,0.0373134328358208,0.0,0.0186567164179104,35.0,0.0,10.0,0.0,0.4766185125735687,0.599250936329588,0.0,26.0,1.2133698038574947,177.0,0.0089501693275278,4.0,55.0,0.2970225127087872,0.0623468784320351,0.9888059701492538,0.8001244328497501,0.3232507705688476,0.4161643066786621,0.05202936884545384,0.7072359919548035,0.1076368977950013,0.673469387755102
gpqa_0015,gpqa_diamond,0,7392.0,731.0,0.6867305061559508,0.0095759233926128,0.1928864569083447,0.0410396716826265,0.0656634746922024,0.0013679890560875,0.0027359781121751,141.0,7.0,30.0,0.0139442231075697,0.4799863985232682,0.995890410958904,0.5685161895956277,21.0,0.9596480981100344,602.0,0.0205627705627705,23.0,181.0,0.2900257138990391,0.0344250897269669,0.9945280437756496,0.8451095948072329,0.3137449920177459,0.3743343127146363,0.2395298242784434,0.7803058624267578,0.260592273595431,1.0
gpqa_0016,gpqa_diamond,1,0.0,0.0,0.0,0.0,0.0,0.0,0.0,0.0,0.0,0.0,0.0,0.0,0.0,0.0,0.0,0.0,0.0,0.0,0.0,0.0,0.0,0.0,0.0,0.0883868720590941,0.9942726231386024,0.9479161485474568,0.2947982251644134,0.1069764960486667,0.29481009457944235,0.8530309200286865,0.2808094665807994,0.7
gpqa_0017,gpqa_diamond,0,5588.0,468.0,0.6987179487179487,0.0021367521367521,0.1688034188034188,0.0384615384615384,0.0769230769230769,0.0106837606837606,0.0042735042735042,79.0,1.0,18.0,0.0030581039755351,0.4841568861301602,0.925053533190578,0.0,16.0,1.086805768801988,364.0,0.0153901216893342,9.0,86.0,0.3033124440465532,0.0493056768157631,0.9615384615384616,0.8323292856521474,0.316764235496521,0.3722214885975843,0.4650176716234762,0.8265273571014404,0.0029971850089574037,0.8695652173913043
gpqa_0018,gpqa_diamond,0,3984.0,316.0,0.6645569620253164,0.0,0.1867088607594936,0.0664556962025316,0.0791139240506329,0.0,0.0031645569620253,59.0,0.0,21.0,0.0,0.4868442292171105,1.0,0.0,17.0,1.5329326294993038,209.0,0.0165662650602409,8.0,32.0,0.2002009545340366,0.0153068446062076,0.9651898734177216,0.750554955052951,0.2762379348278045,0.435755085049858,0.3901637286521721,0.8510841727256775,0.12630141172883513,0.7755102040816326
gpqa_0019,gpqa_diamond,1,1391.0,91.0,0.7692307692307693,0.0,0.0769230769230769,0.0219780219780219,0.1098901098901098,0.0109890109890109,0.0109890109890109,7.0,0.0,2.0,0.0,0.5968253968253968,1.0,0.0,14.0,0.7832806600525577,27.0,0.00647016534867,4.0,28.0,0.0835734870317003,0.0446941323345817,0.912087912087912,0.7001200809660886,0.2462476342916488,0.2101912874994533,0.3535227614302745,0.8097695112228394,0.20215034122765174,0.7837837837837838
gpqa_0020,gpqa_diamond,0,3088.0,295.0,0.688135593220339,0.0067796610169491,0.2406779661016949,0.0203389830508474,0.0338983050847457,0.0067796610169491,0.0033898305084745,71.0,2.0,6.0,0.0098522167487684,0.5254383443518252,0.9183673469387756,0.0,14.0,0.6004110214298624,189.0,0.0259067357512953,26.0,150.0,0.1636952998379254,0.0244712219358733,0.9728813559322034,0.7722461014023038,0.2577529549598694,0.2904108569899108,0.6733268967212434,0.7265093326568604,0.029168843078477447,0.8125
gpqa_0021,gpqa_diamond,1,404.0,32.0,0.875,0.0,0.0625,0.0,0.03125,0.03125,0.0,2.0,0.0,0.0,0.0,0.6612903225806451,1.0,0.0,12.0,0.2068521997139106,5.0,0.0074257425742574,1.0,1.0,0.0224438902743142,0.0451612903225806,0.8125,0.6153393654573348,0.2679576575756073,0.3794112876057625,0.6431879809524271,0.7954074144363403,-0.012981178735377963,0.8076923076923077
gpqa_0022,gpqa_diamond,0,2415.0,199.0,0.7286432160804021,0.0050251256281407,0.2010050251256281,0.0301507537688442,0.0251256281407035,0.0050251256281407,0.0050251256281407,40.0,1.0,6.0,0.0068965517241379,0.4952020202020202,1.0,0.0,13.0,0.8052071871758916,134.0,0.017391304347826,29.0,56.0,0.2425373134328358,0.0509152438086448,0.8743718592964824,0.7593461038789364,0.2996673285961151,0.3466712418344936,0.5066944629263996,0.6926443576812744,-0.08845981566348016,0.5909090909090909
gpqa_0023,gpqa_diamond,0,8741.0,668.0,0.7335329341317365,0.0074850299401197,0.1452095808383233,0.0523952095808383,0.0494011976047904,0.0089820359281437,0.0029940119760479,97.0,5.0,35.0,0.010204081632653,0.5149384070851172,0.970014992503748,0.5863364934288904,32.0,0.9701387787543352,447.0,0.0122411623384052,18.0,171.0,0.3044174868390936,0.0232721477099288,0.9476047904191616,0.8019669693985443,0.2890218496322632,0.417967604159891,0.16264483130633656,0.803435742855072,0.09507441274664274,0.9318181818181818
gpqa_0024,gpqa_diamond,0,3984.0,389.0,0.7017994858611826,0.0,0.1362467866323907,0.0694087403598971,0.0899742930591259,0.0,0.0025706940874035,53.0,0.0,27.0,0.0,0.5067593853335927,1.0,0.0,26.0,1.367544050919556,258.0,0.0153112449799196,10.0,66.0,0.2007033408691283,0.0248941101254695,0.9691516709511568,0.7803690564847484,0.263358473777771,0.3039567502215504,0.2357763795024364,0.5836014747619629,0.07707232953249793,0.4722222222222222
gpqa_0025,gpqa_diamond,0,4281.0,358.0,0.6843575418994413,0.0,0.1452513966480447,0.0921787709497206,0.0726256983240223,0.0027932960893854,0.0027932960893854,52.0,0.0,33.0,0.0,0.4562594268476621,1.0,0.0,26.0,1.1633324869467592,217.0,0.0130810558280775,18.0,62.0,0.2183263207106124,0.0163031504736726,0.9636871508379888,0.7710753931384795,0.2383923679590225,0.3141684591559306,0.5299785253403926,0.7317924499511719,-0.033814549129648874,0.8333333333333334
gpqa_0026,gpqa_diamond,0,965.0,71.0,0.676056338028169,0.0140845070422535,0.1408450704225352,0.0704225352112676,0.056338028169014,0.0140845070422535,0.028169014084507,10.0,1.0,5.0,0.0208333333333333,0.5871428571428571,0.9571428571428572,0.0,8.0,0.7583596543543509,37.0,0.0113989637305699,3.0,14.0,0.1808731808731808,0.1279503105590062,0.971830985915493,0.7129367844334671,0.4136369228363037,0.569497724622488,0.4883795609312583,0.7528508901596069,0.2170069336023237,0.95
gpqa_0027,gpqa_diamond,0,4367.0,333.0,0.7627627627627628,0.012012012012012,0.1261261261261261,0.054054054054054,0.039039039039039,0.003003003003003,0.003003003003003,42.0,4.0,18.0,0.0157480314960629,0.4992111302352265,1.0,0.6266017723141488,11.0,0.8847800642110438,247.0,0.0114495076711701,7.0,37.0,0.3015582034830431,0.0339424161904415,0.963963963963964,0.7855537098843649,0.3200863599777221,0.2857897276881822,0.4190596202309007,0.7822532653808594,0.08860766748533244,0.9444444444444444
gpqa_0028,gpqa_diamond,1,977.0,91.0,0.8131868131868132,0.0439560439560439,0.0659340659340659,0.0109890109890109,0.0549450549450549,0.0109890109890109,0.0,6.0,4.0,1.0,0.054054054054054,0.4277777777777777,1.0,0.8102237870082645,20.0,0.3424896700640549,34.0,0.0061412487205731,2.0,13.0,0.0698151950718686,0.0199750312109862,0.7912087912087912,0.6751333879513872,0.275680810213089,0.2874011471867561,0.44656249374200585,0.7521368861198425,0.19727123340818536,0.5555555555555556
gpqa_0029,gpqa_diamond,0,3492.0,276.0,0.6992753623188406,0.0072463768115942,0.1268115942028985,0.0615942028985507,0.0579710144927536,0.0036231884057971,0.0434782608695652,35.0,2.0,17.0,0.0103626943005181,0.4475844155844156,0.3672727272727272,0.0,17.0,1.0452103886536432,193.0,0.0114547537227949,8.0,61.0,0.2771567784465463,0.0472727272727272,0.9420289855072465,0.7680370570854707,0.3408346176147461,0.33265002271057,0.588052562786289,0.6258608102798462,0.05570983770709104,0.75
gpqa_0030,gpqa_diamond,0,3260.0,234.0,0.7136752136752137,0.0213675213675213,0.1752136752136752,0.0512820512820512,0.0213675213675213,0.0085470085470085,0.0085470085470085,41.0,5.0,12.0,0.029940119760479,0.5047629017062704,0.9871244635193132,0.4166718121869008,12.0,1.0850428931171272,125.0,0.0159509202453987,9.0,21.0,0.1559717531470679,0.0168713926298653,0.5384615384615384,0.7399523473732461,0.2401879280805587,0.406192726963623,0.38871169920160104,0.7266207337379456,0.10864809330559888,1.0
gpqa_0031,gpqa_diamond,1,5602.0,518.0,0.6756756756756757,0.0077220077220077,0.2335907335907336,0.0231660231660231,0.0521235521235521,0.0038610038610038,0.0038610038610038,121.0,4.0,12.0,0.0114285714285714,0.5345045318669374,0.8839458413926499,0.807620509629346,13.0,0.7820311562060327,423.0,0.0249910746162084,30.0,44.0,0.3255938560457224,0.0396068552921596,0.942084942084942,0.8445578904919744,0.307494968175888,0.3808237182211161,0.40033733217829465,0.9426500797271729,0.17956147835268998,0.8333333333333334
gpqa_0032,gpqa_diamond,1,4371.0,289.0,0.6678200692041523,0.0,0.231833910034602,0.0519031141868512,0.0415224913494809,0.0034602076124567,0.0034602076124567,67.0,0.0,15.0,0.0,0.5559183250414594,1.0,0.0,14.0,0.8703950949601913,198.0,0.0171585449553877,7.0,40.0,0.2268772893772893,0.0256968641114982,0.8546712802768166,0.7665657471968896,0.2667425572872162,0.4028664923448493,0.5860589926599932,0.8219214677810669,0.05124375022832772,0.7777777777777778
gpqa_0033,gpqa_diamond,0,6342.0,551.0,0.7386569872958257,0.0036297640653357,0.176043557168784,0.0526315789473684,0.0199637023593466,0.0054446460980036,0.0036297640653357,97.0,2.0,29.0,0.0049140049140049,0.505941893158388,0.8254545454545454,0.0,40.0,0.954018483970701,438.0,0.0168716493219804,13.0,67.0,0.2803281274648999,0.033190925649942,0.9764065335753176,0.824746099087325,0.2953629195690155,0.3581609867858825,0.4226947564846589,0.8178876638412476,0.04959133318804099,0.7666666666666667
gpqa_0034,gpqa_diamond,0,0.0,0.0,0.0,0.0,0.0,0.0,0.0,0.0,0.0,0.0,0.0,0.0,0.0,0.0,0.0,0.0,0.0,0.0,0.0,0.0,0.0,0.0,0.0,0.3336814669542491,0.973915357998403,0.9824094488756598,0.4282248020172119,0.2773211409337818,0.5434771397192585,0.8252040147781372,0.03408040273028612,0.9259259259259259
gpqa_0035,gpqa_diamond,0,2777.0,172.0,0.6627906976744186,0.0,0.1511627906976744,0.0813953488372093,0.0988372093023255,0.0,0.005813953488372,26.0,0.0,14.0,0.0,0.5044984255510572,1.0,0.0,11.0,1.3144500769500231,91.0,0.0115232265034209,1.0,34.0,0.1427541456380677,0.026625386996904,0.9534883720930232,0.7117077338765239,0.3076480031013489,0.2158095687455325,0.5401410198425054,0.8020414113998413,-0.010878274021096423,0.7894736842105263
gpqa_0036,gpqa_diamond,0,5358.0,400.0,0.3825,0.0,0.29,0.18,0.14,0.0075,0.0,116.0,0.0,72.0,0.0,0.5361896119609368,1.0,0.0,8.0,1.5629071771778638,260.0,0.0233296005972377,16.0,90.0,0.2207282913165266,0.0111459553406128,0.9,0.7517523834654563,0.2110726684331894,0.3831380401117106,0.24418393402572555,0.7554616928100586,0.04363333524639734,0.7222222222222222
gpqa_0037,gpqa_diamond,0,4342.0,342.0,0.5877192982456141,0.0029239766081871,0.239766081871345,0.0730994152046783,0.0935672514619883,0.0029239766081871,0.0,82.0,1.0,25.0,0.0049751243781094,0.5100493526929405,1.0,0.0,11.0,0.989959749438404,249.0,0.0193459235375403,16.0,63.0,0.2572021203042175,0.0344661031568052,0.9502923976608189,0.7977439853583963,0.3154008686542511,0.4061443214043138,0.5182497641580383,0.789399266242981,0.026034093625962984,0.4722222222222222
gpqa_0038,gpqa_diamond,1,2733.0,190.0,0.8052631578947368,0.0052631578947368,0.0842105263157894,0.0157894736842105,0.0842105263157894,0.0,0.0052631578947368,16.0,1.0,3.0,0.0065359477124183,0.4454365079365079,1.0,0.0,20.0,0.7377903002585727,90.0,0.0087815587266739,9.0,27.0,0.2868131868131868,0.0769447258808961,0.9736842105263158,0.7886174979112136,0.3023739159107208,0.2732141630943207,0.5421083547710088,0.595551073551178,0.07769411984056057,0.725
gpqa_0039,gpqa_diamond,0,436.0,26.0,0.8076923076923077,0.0,0.0,0.0,0.1538461538461538,0.0,0.0384615384615384,0.0,0.0,0.0,0.0,0.0,1.0,0.0,6.0,0.4818729971036659,0.0,0.0022935779816513,1.0,8.0,0.0785219399538106,0.05,0.8076923076923077,0.5921471939980985,0.3144130110740661,0.0,0.5025301584165809,0.8312518000602722,0.18793305844393893,0.9411764705882353
gpqa_0040,gpqa_diamond,1,1549.0,110.0,0.7909090909090909,0.0272727272727272,0.0727272727272727,0.0363636363636363,0.0454545454545454,0.009090909090909,0.0181818181818181,8.0,3.0,4.0,0.0344827586206896,0.588302752293578,0.8990825688073395,0.5789473684210527,11.0,0.3987547523898364,48.0,0.0077469335054874,8.0,8.0,0.1526520051746442,0.0317703024125042,0.9181818181818182,0.6931408371673812,0.2601330578327179,0.3212115582078695,0.2486592421478829,0.7923718690872192,0.22867684605638605,1.0
gpqa_0041,gpqa_diamond,1,1949.0,136.0,0.8014705882352942,0.0073529411764705,0.0808823529411764,0.0220588235294117,0.0735294117647058,0.0073529411764705,0.0073529411764705,11.0,1.0,3.0,0.0091743119266055,0.5272727272727273,1.0,0.0,31.0,0.5320088632561754,43.0,0.0082093381221139,6.0,13.0,0.0801644398766701,0.0126036484245439,0.9705882352941176,0.6805038073548564,0.2568252086639404,0.3924979620020498,0.44166180822510553,0.7456215620040894,0.03711943915567317,0.896551724137931
gpqa_0042,gpqa_diamond,0,6334.0,629.0,0.7917329093799682,0.012718600953895,0.1446740858505564,0.0222575516693163,0.0286168521462639,0.0,0.0,91.0,8.0,14.0,0.0160642570281124,0.5100265976062155,1.0,0.3151593524188212,38.0,1.122448125855613,493.0,0.015945689927376,5.0,57.0,0.2822618859579845,0.0210536474364835,0.8982511923688394,0.8381699838550987,0.2856071591377258,0.3835934758685606,0.32872272406681224,0.6361151337623596,0.13560866317687814,0.9090909090909091
gpqa_0043,gpqa_diamond,0,481.0,35.0,0.8285714285714286,0.0,0.0,0.0285714285714285,0.1428571428571428,0.0,0.0,0.0,0.0,1.0,0.0,0.0,1.0,0.0,12.0,0.6542077910123321,1.0,0.002079002079002,1.0,8.0,0.0334728033472803,0.053475935828877,0.8,0.6163888069773641,0.34439218044281,0.0,0.5340688029708482,0.8710747361183167,-0.0033127296253305794,0.3469387755102041
gpqa_0044,gpqa_diamond,1,3005.0,255.0,0.6823529411764706,0.0196078431372549,0.1764705882352941,0.0470588235294117,0.0705882352941176,0.0,0.0039215686274509,45.0,5.0,12.0,0.028735632183908,0.484339457567804,1.0,0.6419220892298283,11.0,1.3191856772407993,201.0,0.0179700499168053,13.0,48.0,0.2445036642238507,0.0717686968970775,0.9098039215686274,0.7993219231409351,0.3146984279155731,0.2975129516588317,0.43591884289771315,0.7707680463790894,0.065480905793464,0.8636363636363636
gpqa_0045,gpqa_diamond,0,4924.0,422.0,0.5687203791469194,0.0118483412322274,0.2180094786729857,0.0971563981042654,0.0971563981042654,0.0,0.0071090047393364,92.0,5.0,41.0,0.0208333333333333,0.4912733656924507,0.9406175771971496,0.8063523309525762,12.0,1.1690986345039198,337.0,0.0219333874898456,20.0,86.0,0.2684413737045316,0.025834181653659,0.966824644549763,0.7929367788684623,0.2590392827987671,0.3749433706647583,0.29513678673933724,0.7229676842689514,0.18281314732606652,1.0
gpqa_0046,gpqa_diamond,0,5583.0,444.0,0.7432432432432432,0.0157657657657657,0.1306306306306306,0.0382882882882882,0.0698198198198198,0.0022522522522522,0.0,58.0,7.0,17.0,0.0212121212121212,0.5170467813497315,1.0,0.9724202181549488,17.0,0.876303302899497,321.0,0.0128962923159591,13.0,106.0,0.2820788530465949,0.0253005525877654,0.9144144144144144,0.7824418471440774,0.3021619319915771,0.413733482479103,0.5055169685624605,0.8269402980804443,0.07041768520434666,0.8181818181818182
gpqa_0047,gpqa_diamond,1,5160.0,388.0,0.4510309278350515,0.0025773195876288,0.3015463917525773,0.1005154639175257,0.1288659793814432,0.0077319587628865,0.0077319587628865,117.0,1.0,39.0,0.0057142857142857,0.517370083261556,0.9431524547803618,0.0,11.0,1.2020728621080037,287.0,0.0255813953488372,16.0,126.0,0.3732790382005041,0.0397504384731761,0.9948453608247424,0.8184322766016312,0.3129998445510864,0.4367988791821872,0.3443087372578715,0.7552554607391357,0.04951178150039248,1.0
gpqa_0048,gpqa_diamond,1,3341.0,294.0,0.4829931972789115,0.0,0.2993197278911564,0.0884353741496598,0.1122448979591836,0.0170068027210884,0.0,88.0,0.0,26.0,0.0,0.5591452063295067,1.0,0.0,7.0,1.664087047494732,186.0,0.0302304699191858,12.0,70.0,0.164469742360695,0.0144466781990742,0.95578231292517,0.7457615666650872,0.2578004598617553,0.4466344381287468,0.33155327509289184,0.7376371026039124,0.1656678344452439,0.68
gpqa_0049,gpqa_diamond,1,1800.0,130.0,0.6384615384615384,0.0,0.1307692307692307,0.0846153846153846,0.1384615384615384,0.0,0.0076923076923076,17.0,0.0,11.0,0.0,0.5804833561331509,1.0,0.0,12.0,1.556542897564264,56.0,0.0133333333333333,12.0,15.0,0.1057317751808569,0.0316133720930232,0.9384615384615383,0.6985311674517254,0.2749015390872955,0.2795659170093897,0.10473582957907097,0.7289083003997803,0.21025867301761592,0.7872340425531915
gpqa_0050,gpqa_diamond,0,9748.0,540.0,0.7425925925925926,0.0277777777777777,0.1333333333333333,0.037037037037037,0.0537037037037037,0.0037037037037037,0.0018518518518518,72.0,15.0,20.0,0.0374064837905236,0.4742836528550814,1.0,0.7986759926915443,12.0,1.2257589586742017,419.0,0.0081042265080016,6.0,111.0,0.5116469984607491,0.0607554951686656,0.9777777777777776,0.8383328406993776,0.2626386284828186,0.2754476444565921,0.6063414778939943,0.9199180006980896,0.057000216577518525,1.0
gpqa_0051,gpqa_diamond,1,2833.0,209.0,0.8133971291866029,0.0047846889952153,0.0909090909090909,0.0095693779904306,0.0669856459330143,0.0143540669856459,0.0,19.0,1.0,2.0,0.0058823529411764,0.3613360323886639,1.0,0.0,34.0,0.8078882475178996,121.0,0.0105894811154253,13.0,19.0,0.2303886925795053,0.0283816425120772,0.9760765550239234,0.7456076769516445,0.2701866030693054,0.3499924070937069,0.5615534458524067,0.7623555660247803,0.23448989045205482,0.7560975609756098
gpqa_0052,gpqa_diamond,0,5332.0,383.0,0.6370757180156658,0.0026109660574412,0.2114882506527415,0.1044386422976501,0.0391644908616188,0.0052219321148825,0.0,81.0,1.0,40.0,0.0040983606557377,0.5097278779652253,1.0,0.0,16.0,0.800349874577771,290.0,0.0165041260315078,3.0,74.0,0.2597110151998498,0.0269338060491129,0.8903394255874674,0.7667676270281145,0.2833267152309418,0.478513593038703,0.4291771435377055,0.7273365259170532,-0.0034489185452407645,0.9
gpqa_0053,gpqa_diamond,0,6423.0,497.0,0.682092555331992,0.0040241448692152,0.2173038229376257,0.0120724346076458,0.0804828973843058,0.0020120724346076,0.0020120724346076,108.0,2.0,6.0,0.0058997050147492,0.4639896953405018,1.0,0.0,20.0,1.0293569050363571,422.0,0.0191499299392807,17.0,70.0,0.4311526479750779,0.0421554252199413,0.9738430583501008,0.8419461429659878,0.3064506649971008,0.3361191709451044,0.3144133421530692,0.9764940738677979,0.0379162029405411,1.0
gpqa_0054,gpqa_diamond,0,5195.0,346.0,0.638728323699422,0.0057803468208092,0.1965317919075144,0.0520231213872832,0.0953757225433526,0.0086705202312138,0.0028901734104046,68.0,2.0,18.0,0.0090497737556561,0.5571611253196932,0.9942028985507246,0.0,14.0,0.7960733653980732,263.0,0.0157844080846968,2.0,56.0,0.3418721109399075,0.0504213009774182,0.9682080924855492,0.7992611071769742,0.3099098801612854,0.3940260023809969,0.3944822436473975,0.6298195123672485,0.203657111693419,0.6
gpqa_0055,gpqa_diamond,1,4351.0,321.0,0.7570093457943925,0.0062305295950155,0.1246105919003115,0.0529595015576324,0.0560747663551401,0.0,0.0031152647975077,40.0,2.0,17.0,0.0082304526748971,0.557578125,1.0,0.0,25.0,1.0871524457653805,212.0,0.0108021144564467,2.0,51.0,0.2435602575896964,0.0224725705329153,0.9750778816199376,0.7629895344143733,0.1777405440807342,0.2657472727088524,0.4377975555048391,0.8311231136322021,0.21284966769138913,0.8571428571428571
gpqa_0056,gpqa_diamond,1,8134.0,904.0,0.7356194690265486,0.0077433628318584,0.1814159292035398,0.0398230088495575,0.0309734513274336,0.0022123893805309,0.0022123893805309,164.0,7.0,36.0,0.0105263157894736,0.5431150906193447,0.2458471760797342,1.1129251746929758,54.0,0.974325983586236,675.0,0.020285222522744,21.0,108.0,0.2622063706801131,0.0164074911664248,0.9668141592920354,0.8331987588013525,0.2313947528600692,0.3710985043934772,0.25443140452195057,0.7991598844528198,0.21232509753285267,0.9047619047619048
gpqa_0057,gpqa_diamond,0,516.0,40.0,0.9,0.0,0.025,0.0,0.05,0.0,0.025,1.0,0.0,0.0,0.0,0.8717948717948718,1.0,0.0,30.0,0.4967805010471693,3.0,0.005813953488372,0.0,9.0,0.0038986354775828,0.0215924426450742,0.9,0.639112746104216,0.2529428005218506,0.1260510385036468,0.4985970271179716,0.9122278690338135,0.2569550822645901,0.875
gpqa_0058,gpqa_diamond,1,5655.0,615.0,0.8308943089430895,0.008130081300813,0.1056910569105691,0.0211382113821138,0.0292682926829268,0.0016260162601626,0.0032520325203252,65.0,5.0,13.0,0.009784735812133,0.5095715359559008,0.9087947882736156,0.9412551400036036,26.0,0.8872941218965312,443.0,0.012024756852343,6.0,65.0,0.2229299363057324,0.0426747293972612,0.951219512195122,0.82806281138709,0.3138417899608612,0.3636553081642114,0.10825323311961176,0.8672140836715698,0.11763184108978098,0.6666666666666666
gpqa_0059,gpqa_diamond,0,154.0,8.0,0.875,0.0,0.0,0.0,0.0,0.125,0.0,0.0,0.0,0.0,0.0,0.0,1.0,0.0,7.0,0.0,0.0,0.0,0.0,0.0,0.0132450331125827,0.0,0.0,0.6062282962458474,0.4193358123302459,0.0,0.7631593707172762,0.7279417514801025,-0.038742226101436184,0.3783783783783784
gpqa_0060,gpqa_diamond,1,3735.0,270.0,0.6666666666666666,0.0,0.2111111111111111,0.0592592592592592,0.0629629629629629,0.0,0.0,57.0,0.0,16.0,0.0,0.5288593230287615,1.0,0.0,14.0,1.2590712145608405,182.0,0.0171352074966532,20.0,35.0,0.2170418006430868,0.0282694335016367,0.8296296296296296,0.738733458114601,0.2689615488052368,0.3538345716483259,0.21089225892303023,0.5759199857711792,0.06355213270091115,0.9411764705882353
gpqa_0061,gpqa_diamond,0,6008.0,526.0,0.623574144486692,0.0,0.182509505703422,0.0760456273764258,0.1102661596958174,0.0057034220532319,0.0019011406844106,96.0,0.0,40.0,0.0,0.516468253968254,1.0,0.0,18.0,1.549617439588032,376.0,0.0171438082556591,31.0,118.0,0.2815986677768526,0.0180443475099963,0.9771863117870724,0.7951460502970786,0.2756804227828979,0.3472363612687478,0.44742480442527616,0.9352471232414246,0.03168157338146205,0.8
gpqa_0062,gpqa_diamond,1,5977.0,426.0,0.6455399061032864,0.0164319248826291,0.204225352112676,0.0539906103286385,0.0751173708920187,0.0046948356807511,0.0,87.0,7.0,23.0,0.0254545454545454,0.5636511156186613,1.0,0.6681926978660283,19.0,1.1753878549168455,256.0,0.0160615693491718,9.0,112.0,0.2591228657515902,0.0153718091009988,0.9389671361502347,0.7653620872778051,0.2285290956497192,0.3741326684089885,0.2043950865943715,0.7638183832168579,0.03544765822968399,1.0
gpqa_0063,gpqa_diamond,0,10369.0,789.0,0.7604562737642585,0.0063371356147021,0.0887198986058301,0.0887198986058301,0.0468948035487959,0.0076045627376425,0.0012674271229404,70.0,5.0,70.0,0.0083333333333333,0.4187092095721537,1.0,1.0746812071128344,22.0,1.0853457913984912,633.0,0.0084868357604397,32.0,116.0,0.3370634767509164,0.0311921516521649,0.973384030418251,0.8099396318991474,0.2834882736206054,0.4078560770564788,0.404839527809123,0.7922506928443909,0.13019691880976159,0.8421052631578947
gpqa_0064,gpqa_diamond,1,3708.0,322.0,0.5403726708074534,0.0,0.2422360248447205,0.0962732919254658,0.1180124223602484,0.0,0.0031055900621118,78.0,0.0,31.0,0.0,0.5340682163112072,1.0,0.0,13.0,1.620641058372032,195.0,0.0207659115426105,30.0,56.0,0.1916329284750337,0.0136682242990654,0.9440993788819876,0.740361441611501,0.2570702135562897,0.3684958517551422,0.3494154550413636,0.7578883171081543,0.015262484600866821,0.75
gpqa_0065,gpqa_diamond,0,953.0,71.0,0.8169014084507042,0.028169014084507,0.0704225352112676,0.0140845070422535,0.0422535211267605,0.0140845070422535,0.0140845070422535,5.0,2.0,1.0,0.0344827586206896,0.7114285714285714,1.0,0.0,16.0,0.4326722425217846,24.0,0.0104931794333683,4.0,17.0,0.0694736842105263,0.0538302277432712,0.9295774647887324,0.7121981512222971,0.2819785475730896,0.3643491089344025,0.6400935735069329,0.8776639103889465,0.02482825473114636,0.875
gpqa_0066,gpqa_diamond,1,2405.0,168.0,0.75,0.0119047619047619,0.1488095238095238,0.0357142857142857,0.0178571428571428,0.0297619047619047,0.0059523809523809,25.0,2.0,6.0,0.0158730158730158,0.5298203592814371,1.0,0.0,26.0,0.8624364950493514,59.0,0.012058212058212,9.0,22.0,0.1631973355537052,0.0510064208931534,0.9107142857142856,0.7584958380746271,0.3037051856517792,0.2738038465962745,0.4042650353708464,0.7197017669677734,-0.0028728127221038235,0.8666666666666667
gpqa_0067,gpqa_diamond,1,4292.0,366.0,0.8032786885245902,0.0136612021857923,0.1174863387978142,0.0163934426229508,0.0245901639344262,0.0054644808743169,0.0191256830601092,43.0,5.0,6.0,0.0170068027210884,0.544568333864288,0.7561643835616438,0.680948546916579,32.0,1.0141640494175082,238.0,0.0142124883504193,3.0,26.0,0.2103054325017487,0.0217973807014902,0.9590163934426228,0.7611359656673589,0.2402951419353485,0.2787590308707086,0.3005361897066873,0.6921929717063904,0.027819881944899594,1.0
gpqa_0068,gpqa_diamond,1,7752.0,530.0,0.6811320754716981,0.0018867924528301,0.1339622641509434,0.0509433962264151,0.1094339622641509,0.0132075471698113,0.0094339622641509,71.0,1.0,27.0,0.002770083102493,0.5199286455975931,0.9508506616257087,0.0,28.0,1.1374077199743975,360.0,0.0101909184726522,14.0,67.0,0.3015873015873016,0.0167268144583834,0.9886792452830188,0.7887899004669405,0.235379934310913,0.3184125412806449,0.5218896942884953,0.7351362705230713,-0.08858830022053266,0.8333333333333334
gpqa_0069,gpqa_diamond,0,4817.0,295.0,0.423728813559322,0.0,0.159322033898305,0.2338983050847457,0.1762711864406779,0.0033898305084745,0.0033898305084745,47.0,0.0,69.0,0.0,0.542625560862643,1.0,0.0,6.0,1.3961253484590623,166.0,0.0110026987751712,3.0,57.0,0.2372247611134191,0.0214993847368298,0.9220338983050848,0.758304796707468,0.2923383414745331,0.4647343336837366,0.3535277548791448,0.6873362064361572,0.09306135388894998,0.96
gpqa_0070,gpqa_diamond,1,1512.0,143.0,0.7412587412587412,0.0209790209790209,0.1538461538461538,0.0419580419580419,0.0139860139860139,0.0209790209790209,0.0069930069930069,22.0,3.0,6.0,0.0283018867924528,0.4807938540332906,1.0,0.375,20.0,0.9085835662074796,73.0,0.0178571428571428,1.0,7.0,0.1385023194168323,0.043252422335431,0.8041958041958042,0.7410767927870784,0.3228139579296112,0.2438032308297503,0.3119039614788302,0.7311060428619385,0.18530919300403115,0.75
gpqa_0071,gpqa_diamond,0,5503.0,367.0,0.4359673024523161,0.0027247956403269,0.2806539509536784,0.1580381471389645,0.108991825613079,0.0136239782016348,0.0,103.0,1.0,58.0,0.00625,0.540850973526447,1.0,0.0,23.0,1.367372931778266,219.0,0.0208976921679084,24.0,63.0,0.2187272727272727,0.0126656186840332,0.9427792915531336,0.7308978046102277,0.2567202150821686,0.406766576963721,0.5116138641284295,0.7003635168075562,0.13040435039946296,0.9642857142857143
gpqa_0072,gpqa_diamond,0,5464.0,389.0,0.7300771208226221,0.0128534704370179,0.1285347043701799,0.0308483290488431,0.0539845758354755,0.0102827763496143,0.0334190231362467,50.0,5.0,12.0,0.0176056338028169,0.5452061855670104,0.5283505154639175,0.9911477199686004,23.0,1.4666932635161771,263.0,0.0140922401171303,22.0,25.0,0.2697308185314044,0.0311809051919337,0.9794344473007712,0.7876941166990965,0.3045956194400787,0.3277578795438303,0.5068305192290515,0.8222746253013611,-0.00977449175848577,1.0
gpqa_0073,gpqa_diamond,0,231.0,25.0,0.96,0.0,0.0,0.0,0.0,0.04,0.0,0.0,0.0,0.0,0.0,0.0,1.0,0.0,24.0,0.0,0.0,0.0,0.0,1.0,0.0789473684210526,0.0797101449275362,0.68,0.6867866069078445,0.3114492297172546,0.0,0.35383072180298303,0.8320217728614807,0.34753587983508416,0.2916666666666667
gpqa_0074,gpqa_diamond,0,1592.0,100.0,0.72,0.0,0.1,0.07,0.08,0.0,0.03,10.0,0.0,7.0,0.0,0.5545454545454545,0.6363636363636364,0.0,23.0,0.9505991012178024,41.0,0.007537688442211,2.0,39.0,0.1397105097545626,0.0292723149866007,0.69,0.6645373929329592,0.3180720508098602,0.3930832400918007,0.2369248499032261,0.7795892953872681,0.16179664329855764,0.5584415584415584
gpqa_0075,gpqa_diamond,1,1844.0,117.0,0.7435897435897436,0.0085470085470085,0.094017094017094,0.094017094017094,0.0512820512820512,0.0,0.0085470085470085,11.0,1.0,11.0,0.0114942528735632,0.6057993730407523,1.0,0.0,18.0,0.829968281399991,76.0,0.0070498915401301,1.0,40.0,0.2504073872895166,0.0433283358320839,0.8290598290598291,0.7393153713341674,0.3728112578392029,0.2844569087028503,0.2889579055459714,0.8319050073623657,0.2280864923610893,0.851063829787234
gpqa_0076,gpqa_diamond,0,3985.0,349.0,0.5300859598853869,0.0057306590257879,0.2349570200573066,0.0974212034383954,0.1203438395415472,0.0085959885386819,0.0028653295128939,82.0,2.0,34.0,0.0108108108108108,0.5164704233249229,1.0,0.0,8.0,1.2150757646624577,267.0,0.0225846925972396,17.0,48.0,0.3038674033149171,0.0608002914969028,0.9770773638968482,0.7952896082110104,0.3141769468784332,0.3146459266815024,0.3541757926646463,0.7508186101913452,-0.08648370493250579,0.7368421052631579
gpqa_0077,gpqa_diamond,1,5082.0,304.0,0.6513157894736842,0.0,0.1710526315789473,0.0625,0.0986842105263157,0.0131578947368421,0.0032894736842105,52.0,0.0,19.0,0.0,0.5097740543285099,1.0,0.0,17.0,1.3741398549914268,175.0,0.0114128295946477,0.0,39.0,0.2721008072455207,0.0269927655017157,0.9835526315789472,0.7601721754217698,0.2810824513435364,0.4178036677722747,0.6125941990639766,0.7297336459159851,0.17003089444972913,0.6666666666666666
gpqa_0078,gpqa_diamond,0,5361.0,425.0,0.6211764705882353,0.0070588235294117,0.1952941176470588,0.0823529411764705,0.0870588235294117,0.0047058823529411,0.0023529411764705,83.0,3.0,35.0,0.0113636363636363,0.5653841782223232,1.0,0.7241379310344828,21.0,0.9899633165880336,284.0,0.0180936392464092,15.0,61.0,0.2551325121313923,0.0223471162852937,0.9341176470588236,0.7732051309233285,0.2939120531082153,0.36341952091243,0.3826790993750546,0.6937870979309082,0.14938115577708877,0.65
gpqa_0079,gpqa_diamond,0,10785.0,1333.0,0.6489122280570142,0.0045011252813203,0.264066016504126,0.0360090022505626,0.0427606901725431,0.0022505626406601,0.0015003750937734,352.0,6.0,48.0,0.006936416184971,0.5388854763854763,0.9294294294294294,0.5537055617459226,16.0,1.1947002271242777,1210.0,0.0333796940194714,31.0,394.0,0.5647375255054721,0.0401581145382798,0.9767441860465116,0.8853721926855791,0.2702086865901947,0.2775931594982785,0.6792275044030094,0.6847591400146484,0.011083402038895351,0.75
gpqa_0080,gpqa_diamond,0,4490.0,420.0,0.5642857142857143,0.0,0.1952380952380952,0.0809523809523809,0.1523809523809524,0.0071428571428571,0.0,82.0,0.0,34.0,0.0,0.5028814249956342,1.0,0.0,22.0,1.467860766774605,263.0,0.0220489977728285,36.0,94.0,0.1941163360820147,0.0138059403227095,0.969047619047619,0.7695363434765106,0.2453161776065826,0.3132635690958092,0.2923803208296503,0.9415045380592346,0.0005900888445464769,0.875
gpqa_0081,gpqa_diamond,1,885.0,51.0,0.8431372549019608,0.0,0.0392156862745098,0.0588235294117647,0.0392156862745098,0.0196078431372549,0.0,2.0,0.0,3.0,0.0,0.62,1.0,0.0,16.0,0.3786707199710603,4.0,0.0022598870056497,0.0,3.0,0.0328798185941042,0.0130612244897959,0.7450980392156863,0.5912669596076012,0.2490939050912857,0.2436795979738235,0.3637053313423209,0.7213901281356812,0.36154365136703975,0.8235294117647058
gpqa_0082,gpqa_diamond,0,5284.0,563.0,0.6412078152753108,0.019538188277087,0.2682060390763766,0.0142095914742451,0.0497335701598579,0.0017761989342806,0.0053285968028419,151.0,11.0,8.0,0.0304709141274238,0.5707855105936697,0.9377224199288255,0.4831485078795857,29.0,0.9554462611701484,430.0,0.029333838001514,8.0,112.0,0.255065328536262,0.0203880970052207,0.9875666074600356,0.8117618746127522,0.2730997502803802,0.3498093655254304,0.38194045496033135,0.7680031061172485,0.22507263021523854,0.9166666666666666
gpqa_0083,gpqa_diamond,1,1117.0,57.0,0.8421052631578947,0.0,0.0175438596491228,0.0350877192982456,0.0701754385964912,0.0175438596491228,0.0175438596491228,1.0,0.0,2.0,0.0,0.8214285714285714,1.0,0.0,14.0,0.2164479729124492,4.0,0.000895255147717,1.0,10.0,0.052064631956912,0.0253246753246753,0.7017543859649122,0.5989023457680429,0.23710897564888,0.0966067016124725,0.3767999503095569,0.7877979278564453,0.18100304603096706,0.9259259259259259
gpqa_0084,gpqa_diamond,0,8882.0,730.0,0.6561643835616439,0.0123287671232876,0.1904109589041095,0.0589041095890411,0.0616438356164383,0.0054794520547945,0.0150684931506849,139.0,9.0,43.0,0.0187891440501043,0.5278739970986174,0.5994513031550068,1.1709028377792543,38.0,1.632201121267748,524.0,0.017676199054267,16.0,170.0,0.318729586665165,0.0138154027042915,0.9452054794520548,0.8085322874133183,0.2556996941566467,0.3854820215029224,0.27168814812913517,0.7654999494552612,0.1340805874005272,0.7857142857142857
gpqa_0085,gpqa_diamond,0,5232.0,438.0,0.639269406392694,0.0068493150684931,0.1963470319634703,0.0821917808219178,0.0707762557077625,0.002283105022831,0.002283105022831,86.0,3.0,36.0,0.0107142857142857,0.4695066787291788,1.0,0.8754098360655738,13.0,1.025566458498247,317.0,0.0177752293577981,10.0,45.0,0.2686938229106903,0.0182226607603972,0.9726027397260274,0.7726041481718826,0.2670536339282989,0.4215369912442462,0.22585687910649668,0.8062520027160645,0.2275968999550912,1.0
gpqa_0086,gpqa_diamond,0,5840.0,361.0,0.7368421052631579,0.002770083102493,0.1274238227146814,0.0720221606648199,0.0581717451523545,0.002770083102493,0.0,46.0,1.0,26.0,0.0037593984962406,0.3958937198067633,1.0,0.0,18.0,0.9052336860772856,255.0,0.0095890410958904,6.0,57.0,0.2353948946376562,0.0240018570102135,0.9501385041551248,0.7645483599975705,0.2947498559951782,0.4363450719689836,0.5805534172984332,0.7407618761062622,0.08778516175455264,0.8695652173913043
gpqa_0087,gpqa_diamond,1,836.0,47.0,0.8936170212765957,0.0212765957446808,0.0212765957446808,0.0,0.0425531914893617,0.0,0.0212765957446808,1.0,1.0,0.0,0.0238095238095238,0.8043478260869565,1.0,0.0,21.0,0.1888545073121237,7.0,0.0023923444976076,0.0,6.0,0.0588235294117647,0.0434782608695652,0.7446808510638298,0.6482852440651344,0.2477192133665084,0.3950202167034149,0.2811477252917213,0.7418667078018188,0.5050017976022991,0.926829268292683
gpqa_0088,gpqa_diamond,1,4776.0,330.0,0.5484848484848485,0.0,0.1818181818181818,0.1666666666666666,0.0969696969696969,0.006060606060606,0.0,60.0,0.0,55.0,0.0,0.443110435663627,1.0,0.0,15.0,1.2327531321127736,198.0,0.0144472361809045,5.0,51.0,0.2118164676304211,0.0164393209281636,0.8666666666666667,0.7370699898744608,0.2612102925777435,0.3795464699787478,0.2874960307806656,0.7574620842933655,-0.08303274641505465,0.8666666666666667
gpqa_0089,gpqa_diamond,0,6708.0,539.0,0.6641929499072357,0.0074211502782931,0.1873840445269016,0.0389610389610389,0.0556586270871985,0.046382189239332,0.0,101.0,4.0,21.0,0.0111731843575419,0.4942029518937024,1.0,0.9086458835035008,9.0,1.350239600503537,418.0,0.0163983303518187,13.0,83.0,0.2319164802386278,0.0229278727336919,0.9090909090909092,0.7932384352590958,0.2995252311229706,0.421431647040523,0.26412488148426766,0.6411380171775818,0.20118972654629796,0.6
gpqa_0090,gpqa_diamond,0,6885.0,529.0,0.6975425330812854,0.0056710775047258,0.2041587901701323,0.054820415879017,0.0321361058601134,0.0037807183364839,0.0018903591682419,108.0,3.0,29.0,0.008130081300813,0.5285844556677891,1.0,0.5069444444444444,13.0,1.0903952556319372,431.0,0.0171387073347857,11.0,103.0,0.3854984016274339,0.0349246736817894,0.9395085066162572,0.8298715975022677,0.2923354506492615,0.3118885286840732,0.5193247656382798,0.6086038947105408,0.06371580230547891,0.9333333333333333
gpqa_0091,gpqa_diamond,0,9232.0,888.0,0.7657657657657657,0.0022522522522522,0.1711711711711711,0.0202702702702702,0.0315315315315315,0.009009009009009,0.0,152.0,2.0,18.0,0.0029411764705882,0.5485892719397141,1.0,0.0,34.0,0.9702732890374594,772.0,0.0166811091854419,9.0,104.0,0.3380647957525192,0.0443323552390816,0.983108108108108,0.8554402589629979,0.2667829096317291,0.3717539088018903,0.5362919904386007,0.8524142503738403,0.03673169220488082,1.0
gpqa_0092,gpqa_diamond,1,2040.0,155.0,0.7354838709677419,0.0064516129032258,0.1806451612903225,0.0451612903225806,0.0193548387096774,0.0,0.0129032258064516,28.0,1.0,7.0,0.0087719298245614,0.575834879406308,0.9675324675324676,0.0,17.0,0.5517550673489228,60.0,0.017156862745098,5.0,47.0,0.1300932744231713,0.0303030303030303,0.8709677419354839,0.7148092515137676,0.3023252785205841,0.372557209671608,0.34742187977734984,0.6298578381538391,0.10012311174171118,0.7272727272727273
gpqa_0093,gpqa_diamond,0,783.0,58.0,0.7413793103448276,0.0172413793103448,0.0517241379310344,0.0344827586206896,0.1206896551724138,0.0172413793103448,0.0172413793103448,3.0,1.0,2.0,0.0232558139534883,0.6432748538011696,1.0,0.0,23.0,0.6508701700904037,12.0,0.003831417624521,1.0,4.0,0.0358974358974358,0.0175438596491228,0.6206896551724138,0.6335020755466663,0.3286663591861725,0.3852828741073608,0.5098227954077307,0.9177195429801941,0.24028427829593513,0.7777777777777778
gpqa_0094,gpqa_diamond,0,4534.0,362.0,0.5911602209944752,0.0027624309392265,0.2154696132596685,0.0856353591160221,0.0994475138121546,0.005524861878453,0.0,78.0,1.0,31.0,0.0046728971962616,0.547872718232829,1.0,0.0,12.0,0.9476539590012534,240.0,0.0194089104543449,5.0,59.0,0.2098874420657691,0.0303939673745767,0.8950276243093923,0.7840245706635499,0.270244836807251,0.3892977774026803,0.39485115109940827,0.7441810369491577,-0.015948673018193693,0.9259259259259259
gpqa_0095,gpqa_diamond,0,5766.0,531.0,0.743879472693032,0.0263653483992467,0.1826741996233521,0.0131826741996233,0.0263653483992467,0.007532956685499,0.0,97.0,14.0,7.0,0.0354430379746835,0.5480062244699474,1.0,0.4864127398590259,36.0,1.1282606634834207,385.0,0.014047866805411,54.0,128.0,0.3765399965295852,0.0376145807326033,0.9698681732580038,0.8230050106655876,0.2753908336162567,0.2443931883637298,0.3045649929485626,0.7529910802841187,0.1571478121704606,0.8333333333333334
gpqa_0096,gpqa_diamond,0,1038.0,67.0,0.746268656716418,0.0,0.0746268656716417,0.0,0.1343283582089552,0.0149253731343283,0.0298507462686567,5.0,0.0,0.0,0.0,0.6575757575757576,0.8636363636363636,0.0,10.0,0.5844235545568475,7.0,0.0057803468208092,4.0,26.0,0.0415458937198067,0.0181818181818181,0.9253731343283582,0.6021349947109367,0.2495205849409103,0.362827555835247,0.4480850200798834,0.701878547668457,0.20372255523141625,0.3448275862068966
gpqa_0097,gpqa_diamond,0,3869.0,268.0,0.5895522388059702,0.0,0.1417910447761194,0.1082089552238805,0.1567164179104477,0.003731343283582,0.0,38.0,0.0,29.0,0.0,0.5185294697417699,1.0,0.0,12.0,1.1829528761807435,186.0,0.0103385887826311,5.0,37.0,0.2529746508018624,0.0258511447157218,0.9104477611940298,0.7528473387719987,0.3121105134487152,0.3682095902622677,0.5938680989100906,0.8481696844100952,0.04630363495231371,0.8
gpqa_0098,gpqa_diamond,0,5516.0,385.0,0.6675324675324675,0.0025974025974025,0.1584415584415584,0.0935064935064935,0.0753246753246753,0.0,0.0025974025974025,61.0,1.0,36.0,0.0038910505836575,0.4581198770491803,1.0,0.0,16.0,1.195132025144431,316.0,0.0125090645395213,5.0,45.0,0.5091601668782877,0.1315138163620539,0.9428571428571428,0.8630952322079489,0.4289683699607849,0.5729640942244303,0.37392456350329917,0.6343070268630981,0.10009486616386432,0.8157894736842105
gpqa_0099,gpqa_diamond,0,3456.0,343.0,0.6064139941690962,0.0,0.1895043731778425,0.0845481049562682,0.119533527696793,0.0,0.0,65.0,0.0,29.0,0.0,0.3834907782276203,1.0,0.0,15.0,1.512213747978563,222.0,0.0208333333333333,24.0,98.0,0.1682594845062265,0.0157946185110871,0.9037900874635568,0.7457748335508401,0.2588526606559753,0.3390712975391319,0.4651545482791816,0.62451171875,-0.06830769683546978,0.7878787878787878
gpqa_0100,gpqa_diamond,0,3033.0,189.0,0.4656084656084656,0.0,0.2486772486772486,0.1111111111111111,0.1693121693121693,0.0,0.0052910052910052,47.0,0.0,21.0,0.0,0.5183340878225442,1.0,0.0,9.0,1.636416231755618,104.0,0.0161556214968677,4.0,19.0,0.1983498349834983,0.0267379679144385,0.8835978835978836,0.7282899255131153,0.3445847630500793,0.4158542769703459,0.5252326998255832,0.8667997121810913,0.11154271459247384,0.625
gpqa_0101,gpqa_diamond,0,1966.0,145.0,0.8620689655172413,0.0,0.0137931034482758,0.0827586206896551,0.0413793103448275,0.0,0.0,2.0,0.0,12.0,0.0,0.3298611111111111,1.0,0.0,16.0,0.5323925033763321,94.0,0.0025432349949135,7.0,84.0,0.2654100866021396,0.0453574203574203,0.8068965517241379,0.7554213175446622,0.3187954127788543,0.4555737574895223,0.2046945540860492,0.5762627124786377,0.27820539667074506,0.5434782608695652
gpqa_0102,gpqa_diamond,0,3087.0,237.0,0.7172995780590717,0.0253164556962025,0.1139240506329113,0.0759493670886076,0.0590717299578059,0.0042194092827004,0.0042194092827004,27.0,6.0,18.0,0.0352941176470588,0.47661644695543,1.0,0.4050904743118205,20.0,0.9772961110050166,161.0,0.0113378684807256,5.0,28.0,0.1322957198443579,0.0309412188965019,0.9156118143459916,0.7331740221608494,0.3176734745502472,0.3151464846370549,0.32208323062375,0.9497599601745605,0.11751770371057146,0.8461538461538461
gpqa_0103,gpqa_diamond,1,3532.0,340.0,0.8411764705882353,0.0176470588235294,0.1058823529411764,0.0117647058823529,0.0205882352941176,0.0,0.0029411764705882,36.0,6.0,4.0,0.0209790209790209,0.4708292363159619,1.0,0.3606032753903134,34.0,1.084624109415704,227.0,0.011608154020385,14.0,27.0,0.315386795126098,0.0370389764535441,0.9794117647058824,0.8197579612862044,0.2519005239009857,0.3463683892507106,0.16778970006324964,0.6929265260696411,0.41296427799180546,0.8648648648648649
gpqa_0104,gpqa_diamond,1,2079.0,137.0,0.8321167883211679,0.0,0.1167883211678832,0.0072992700729927,0.0364963503649635,0.0,0.0072992700729927,16.0,0.0,1.0,0.0,0.484375,1.0,0.0,28.0,0.6759273118754733,47.0,0.0101010101010101,5.0,24.0,0.1579961464354528,0.0351851851851851,0.9124087591240876,0.7105266189969638,0.2354184538125991,0.318866143701598,0.355858283097476,0.6553105711936951,0.13390072950813087,0.5777777777777777
gpqa_0105,gpqa_diamond,0,2696.0,186.0,0.6612903225806451,0.0053763440860215,0.2096774193548387,0.0591397849462365,0.064516129032258,0.0,0.0,39.0,1.0,11.0,0.008130081300813,0.5592515592515593,1.0,0.0,24.0,1.181046150969736,106.0,0.0159495548961424,3.0,19.0,0.2101745265503156,0.035605170387779,0.989247311827957,0.7462231474550995,0.3298962116241455,0.4505598465912044,0.6409259326575587,0.8312802910804749,0.05843338339528559,0.9655172413793104
gpqa_0106,gpqa_diamond,1,494.0,34.0,0.9411764705882352,0.0588235294117647,0.0,0.0,0.0,0.0,0.0,0.0,2.0,0.0,0.0625,0.0,1.0,0.0,21.0,0.1725586574724765,2.0,0.0,0.0,8.0,0.0142566191446028,0.0170454545454545,0.9411764705882352,0.5268596636526512,0.2438541799783706,0.0,0.49840119702809244,0.6887907981872559,0.26413188226650286,0.5641025641025641
gpqa_0107,gpqa_diamond,1,2229.0,155.0,0.832258064516129,0.0129032258064516,0.1032258064516129,0.0129032258064516,0.0258064516129032,0.0064516129032258,0.0064516129032258,16.0,2.0,2.0,0.0155038759689922,0.3973214285714286,1.0,0.0,27.0,0.3923687984801824,64.0,0.0107671601615074,8.0,14.0,0.1087151841868823,0.0162974280621339,0.967741935483871,0.7084382869206466,0.2606047093868255,0.5520302206277847,0.48133238517461274,0.7860148549079895,0.06529516665065549,0.76
gpqa_0108,gpqa_diamond,1,5600.0,420.0,0.7523809523809524,0.0071428571428571,0.1142857142857142,0.0309523809523809,0.0809523809523809,0.0023809523809523,0.0119047619047619,48.0,3.0,13.0,0.0094936708860759,0.5222752585521082,0.4797136038186158,0.4634146341463415,31.0,0.9072515951942356,303.0,0.0105357142857142,7.0,101.0,0.2653207075218867,0.026755432734581,0.9595238095238096,0.7893152491218435,0.2814862430095672,0.4232008534730697,0.4005480542987168,0.5706642866134644,0.10177540297676968,0.5365853658536586
gpqa_0109,gpqa_diamond,0,1050.0,105.0,0.8761904761904762,0.0,0.1047619047619047,0.0,0.0,0.019047619047619,0.0,11.0,0.0,0.0,0.0,0.5078671328671329,1.0,0.0,22.0,0.4328690010888804,46.0,0.0171428571428571,4.0,12.0,0.0869149952244507,0.0209111277072442,0.923809523809524,0.7016061551492805,0.2969960868358612,0.4431345503438603,0.4105072594953194,0.8552951812744141,0.1841040123964901,0.6111111111111112
gpqa_0110,gpqa_diamond,0,5429.0,323.0,0.5170278637770898,0.0061919504643962,0.2476780185758514,0.1052631578947368,0.1083591331269349,0.0030959752321981,0.0123839009287925,80.0,2.0,34.0,0.0119760479041916,0.5809782608695653,0.8540372670807453,0.0,9.0,1.1791445893632868,191.0,0.0160250506538957,5.0,50.0,0.2425359380759306,0.0218068535825545,0.8792569659442725,0.746349212453232,0.2468245178461074,0.4028115786786657,0.33296645323028556,0.7188359498977661,0.0020180268439230487,0.875
gpqa_0111,gpqa_diamond,1,4565.0,412.0,0.8276699029126213,0.0194174757281553,0.1334951456310679,0.0048543689320388,0.0097087378640776,0.0024271844660194,0.0024271844660194,55.0,8.0,2.0,0.0234604105571847,0.552621101526211,1.0,0.4934602577593215,28.0,0.8762617449100937,193.0,0.0135815991237677,8.0,39.0,0.2310390179745726,0.0335885110675924,0.8907766990291263,0.7801209114256277,0.2581008076667785,0.3017465552445827,0.32396193199454004,0.7676429152488708,0.2589791571511897,0.9615384615384616
gpqa_0112,gpqa_diamond,0,5445.0,385.0,0.5688311688311688,0.0025974025974025,0.1636363636363636,0.1844155844155844,0.0753246753246753,0.0025974025974025,0.0025974025974025,63.0,1.0,71.0,0.0045662100456621,0.4966931216931216,1.0,0.0,16.0,1.0549457012908043,276.0,0.0130394857667584,6.0,94.0,0.2515619257625873,0.0188615100087032,0.9844155844155844,0.7607602814290052,0.2960949242115021,0.3760124828953009,0.3753635341758399,0.6207823157310486,0.13305176261840346,0.8055555555555556
gpqa_0113,gpqa_diamond,0,1203.0,83.0,0.7469879518072289,0.0120481927710843,0.144578313253012,0.0602409638554216,0.036144578313253,0.0,0.0,12.0,1.0,5.0,0.0161290322580645,0.5823170731707318,1.0,0.0,13.0,0.5579345454654312,23.0,0.0116375727348295,6.0,9.0,0.0783333333333333,0.032520325203252,0.9397590361445785,0.6924324390001413,0.3626039624214172,0.4165964493384728,0.42060537876112003,0.7699747085571289,0.20347746062977146,0.7857142857142857
gpqa_0114,gpqa_diamond,0,0.0,0.0,0.0,0.0,0.0,0.0,0.0,0.0,0.0,0.0,0.0,0.0,0.0,0.0,0.0,0.0,0.0,0.0,0.0,0.0,0.0,0.0,0.0,0.0627107052158515,0.993114406779661,0.9316110287274264,0.2852494418621063,0.3376708256725508,0.6089004995937315,0.7048670649528503,0.18344546275460427,0.9629629629629629
gpqa_0115,gpqa_diamond,1,6065.0,413.0,0.5714285714285714,0.0,0.2542372881355932,0.072639225181598,0.099273607748184,0.0,0.0024213075060532,105.0,0.0,30.0,0.0,0.4980351363846509,1.0,0.0,10.0,1.5551457099052557,271.0,0.0196207749381698,12.0,70.0,0.2182448036951501,0.0193111756785486,0.8595641646489104,0.7674916943408621,0.2790623903274536,0.3922960162586109,0.48592138756444275,0.6743508577346802,-0.05042854285622045,0.9444444444444444
gpqa_0116,gpqa_diamond,1,1318.0,110.0,0.7636363636363637,0.009090909090909,0.1454545454545454,0.0454545454545454,0.0272727272727272,0.0,0.009090909090909,16.0,1.0,5.0,0.0119047619047619,0.4856651376146789,1.0,0.0,17.0,0.9792362895568876,47.0,0.0174506828528072,7.0,27.0,0.0828897338403041,0.0336391437308868,0.9727272727272728,0.6882549063601625,0.2431603074073791,0.335292049166229,0.6165354417788973,0.7448883056640625,0.06269396907194802,0.8125
gpqa_0117,gpqa_diamond,0,1998.0,146.0,0.7328767123287672,0.0205479452054794,0.1506849315068493,0.0547945205479452,0.0273972602739726,0.0068493150684931,0.0068493150684931,22.0,3.0,8.0,0.02803738317757,0.5746081504702194,1.0,0.6086956521739131,12.0,0.8353647049459711,62.0,0.0115115115115115,6.0,18.0,0.1157894736842105,0.0262452107279693,0.8356164383561644,0.7024786265759633,0.2988569140434265,0.3698425902053713,0.3508607380214224,0.8960723876953125,0.16494558124073588,1.0
gpqa_0118,gpqa_diamond,1,2475.0,193.0,0.5595854922279793,0.005181347150259,0.1398963730569948,0.1191709844559585,0.1191709844559585,0.0518134715025906,0.005181347150259,27.0,1.0,23.0,0.0092592592592592,0.4560185185185185,1.0,0.0,12.0,1.380150956475613,77.0,0.0133333333333333,5.0,23.0,0.0950647249190939,0.0120527923211169,0.9585492227979274,0.6675193276799594,0.2737534940242767,0.4368021568214452,0.44511086746733913,0.6843104362487793,0.082115773981977,0.8181818181818182
gpqa_0119,gpqa_diamond,1,1282.0,85.0,0.7764705882352941,0.0,0.1058823529411764,0.0470588235294117,0.0588235294117647,0.0,0.0117647058823529,9.0,0.0,4.0,0.0,0.5859788359788359,1.0,0.0,15.0,1.3091958238841896,31.0,0.0101404056162246,4.0,2.0,0.1516810007818608,0.0327022375215146,0.7647058823529411,0.6809198445684853,0.2813761234283447,0.3694887906312942,0.3829249478339431,0.9462418556213379,0.12997227816372026,0.8
gpqa_0120,gpqa_diamond,0,5455.0,386.0,0.694300518134715,0.0,0.1243523316062176,0.077720207253886,0.0984455958549222,0.0025906735751295,0.0025906735751295,48.0,0.0,30.0,0.0,0.4536796536796537,1.0,0.0,21.0,1.14311471756713,251.0,0.012282309807516,20.0,56.0,0.2347762289068231,0.0154761904761904,0.9430051813471504,0.7524395179148619,0.2614254057407379,0.3584173681357732,0.30434830879256375,0.7389308214187622,-0.018408140645859383,0.96
gpqa_0121,gpqa_diamond,0,6386.0,442.0,0.4547511312217194,0.0,0.2805429864253393,0.1493212669683258,0.0995475113122171,0.0158371040723981,0.0,124.0,0.0,66.0,0.0,0.477836295808646,1.0,0.0,10.0,1.4894061333298505,296.0,0.0192608831819605,16.0,138.0,0.2606924643584521,0.0158627087198515,0.8280542986425339,0.781234951854563,0.2614103257656097,0.3399914023043079,0.1801692802809322,0.6424630880355835,-0.0037616521137383563,0.717948717948718
gpqa_0122,gpqa_diamond,0,0.0,0.0,0.0,0.0,0.0,0.0,0.0,0.0,0.0,0.0,0.0,0.0,0.0,0.0,0.0,0.0,0.0,0.0,0.0,0.0,0.0,0.0,0.0,0.2428784620767825,0.9939550949913644,0.9384302670005692,0.3493127524852752,0.1807559772329542,0.5595470040709511,0.8159040212631226,0.04312069374589933,0.7407407407407407
gpqa_0123,gpqa_diamond,0,7825.0,579.0,0.6925734024179621,0.0,0.2055267702936096,0.0345423143350604,0.0518134715025906,0.0120898100172711,0.003454231433506,119.0,0.0,20.0,0.0,0.4851414614288621,0.9290657439446368,0.0,18.0,1.031085800193801,345.0,0.0164856230031948,10.0,88.0,0.2766555868064433,0.0171331250412286,0.9654576856649396,0.7861543619637877,0.2381902784109115,0.35000306284916,0.15142571733281346,0.7941576242446899,0.2106079376077855,0.967741935483871
gpqa_0124,gpqa_diamond,1,1447.0,103.0,0.7864077669902912,0.029126213592233,0.116504854368932,0.0097087378640776,0.0097087378640776,0.0097087378640776,0.0388349514563106,12.0,3.0,1.0,0.037037037037037,0.4142156862745098,0.7843137254901961,0.391304347826087,11.0,0.4514770535482636,58.0,0.0110573600552868,5.0,5.0,0.1876731301939058,0.0413511939429237,0.7961165048543689,0.7101257804269885,0.2543852031230926,0.2709980304352939,0.0489474566848042,0.7662899494171143,0.17239237785850148,0.6
gpqa_0125,gpqa_diamond,0,0.0,0.0,0.0,0.0,0.0,0.0,0.0,0.0,0.0,0.0,0.0,0.0,0.0,0.0,0.0,0.0,0.0,0.0,0.0,0.0,0.0,0.0,0.0,0.1158579827511266,0.8562615669339914,0.9431195789281231,0.4055769145488739,0.3233537542460243,0.1995738540325223,0.6658118963241577,-0.013478739857227029,0.9696969696969697
gpqa_0126,gpqa_diamond,0,2689.0,241.0,0.4356846473029045,0.0041493775933609,0.3153526970954357,0.1161825726141078,0.1286307053941908,0.0,0.0,76.0,1.0,28.0,0.0095238095238095,0.5116228070175438,1.0,0.0,9.0,1.2894713820530832,168.0,0.0327259204165117,14.0,59.0,0.2412509307520476,0.025557880055788,0.983402489626556,0.7706466700260838,0.2392099052667617,0.3023783245305644,0.5982386046278738,0.9039129614830017,-0.06134363922844932,0.8333333333333334
gpqa_0127,gpqa_diamond,0,1134.0,69.0,0.6231884057971014,0.0144927536231884,0.1014492753623188,0.1739130434782608,0.072463768115942,0.0,0.0144927536231884,7.0,1.0,12.0,0.0232558139534883,0.6008403361344536,0.8529411764705882,0.0,9.0,0.7811274051609057,14.0,0.0061728395061728,0.0,15.0,0.0548187444739168,0.0197541703248463,0.9420289855072465,0.6203359328210354,0.2993170917034149,0.2916451477342182,0.5252061574068222,0.7887390851974487,0.13291599969058954,0.7428571428571429
gpqa_0128,gpqa_diamond,0,4922.0,347.0,0.5821325648414986,0.0057636887608069,0.2103746397694524,0.0835734870317002,0.1123919308357348,0.0057636887608069,0.0,73.0,2.0,29.0,0.0099009900990099,0.4869348325283078,1.0,0.0,9.0,1.0677242746520927,220.0,0.0154408776919951,15.0,58.0,0.2134580199227485,0.0192678227360308,0.9538904899135446,0.7551570443834873,0.2844656109809875,0.320018886377414,0.23646844232643344,0.7487044930458069,0.1586360412032648,0.8214285714285714
gpqa_0129,gpqa_diamond,0,1716.0,137.0,0.8248175182481752,0.0145985401459854,0.1021897810218978,0.0218978102189781,0.0145985401459854,0.0072992700729927,0.0145985401459854,14.0,2.0,3.0,0.0176991150442477,0.4453781512605042,0.9117647058823528,0.0,18.0,0.7290067535051288,63.0,0.0134032634032634,3.0,21.0,0.1074138937536485,0.0355119825708061,0.9708029197080292,0.7431989577324951,0.2560087740421295,0.3827547194086946,0.4250125691314279,0.8556927442550659,0.19917857119836596,0.9583333333333334
gpqa_0130,gpqa_diamond,0,5921.0,381.0,0.6745406824146981,0.0078740157480314,0.1338582677165354,0.0839895013123359,0.0971128608923884,0.0026246719160104,0.0,51.0,3.0,32.0,0.0116731517509727,0.5724974200206399,1.0,0.1650485436893204,14.0,1.1456853294395424,277.0,0.0086134098969768,7.0,59.0,0.2652923284893544,0.0336758783502291,0.9711286089238844,0.7918618578659861,0.2854334115982055,0.510473638979925,0.4533718281541013,0.6607712507247925,0.13502667335914598,0.9117647058823529
gpqa_0131,gpqa_diamond,0,7035.0,534.0,0.7546816479400749,0.0280898876404494,0.1516853932584269,0.0224719101123595,0.0393258426966292,0.0018726591760299,0.0018726591760299,81.0,15.0,12.0,0.0372208436724565,0.4626734301531049,1.0,0.9868906579008764,32.0,0.9687148775832736,427.0,0.0132196162046908,23.0,112.0,0.3195392491467577,0.0521166894722735,0.9756554307116104,0.8314504541219063,0.3462570607662201,0.4020665980113501,0.36705399692548935,0.7002845406532288,-0.04504671083162071,0.7894736842105263
gpqa_0132,gpqa_diamond,0,9104.0,613.0,0.6084828711256117,0.0163132137030995,0.2773246329526916,0.0522022838499184,0.0358890701468189,0.0081566068515497,0.0016313213703099,170.0,10.0,32.0,0.0268096514745308,0.6144175317185698,1.0,0.9229761933049748,17.0,1.2764710254084524,464.0,0.0192223198594024,4.0,146.0,0.3662234919239644,0.0790999433051998,0.964110929853181,0.830978123726798,0.3601749241352081,0.4624383894883659,0.44683708937718614,0.8153364062309265,0.11659297400401303,0.8181818181818182
gpqa_0133,gpqa_diamond,0,6313.0,426.0,0.7136150234741784,0.0093896713615023,0.1502347417840375,0.0845070422535211,0.0234741784037558,0.0140845070422535,0.0046948356807511,64.0,4.0,36.0,0.0131578947368421,0.5452941176470588,0.8211764705882353,0.257017367761819,22.0,0.943472864235288,314.0,0.0106130207508316,20.0,117.0,0.2695721077654517,0.0564150943396226,0.8896713615023474,0.8044648546331069,0.3227902054786682,0.418907149388205,0.6583330601823596,0.9261329770088196,0.013938211866499461,1.0
gpqa_0134,gpqa_diamond,1,4783.0,336.0,0.8184523809523809,0.0208333333333333,0.0684523809523809,0.0178571428571428,0.0654761904761904,0.0029761904761904,0.0059523809523809,23.0,7.0,6.0,0.0254545454545454,0.3793640493186242,0.9402985074626866,1.128769989086839,25.0,0.7280459187678842,228.0,0.0098264687434664,11.0,33.0,0.3669456066945606,0.0531236035391902,0.8839285714285714,0.8050831945084813,0.308237612247467,0.3664141058300932,0.5295272960232312,0.7050054669380188,-0.12342049776410696,0.8095238095238095
gpqa_0135,gpqa_diamond,0,4473.0,325.0,0.7138461538461538,0.0184615384615384,0.123076923076923,0.0523076923076923,0.0553846153846153,0.003076923076923,0.0338461538461538,40.0,6.0,17.0,0.0258620689655172,0.5291666666666667,0.4722222222222222,0.7878671803531043,18.0,1.2189255927806208,224.0,0.0111781801922647,10.0,61.0,0.2465324384787471,0.0364445973321102,0.9938461538461538,0.7730643726241442,0.2838465273380279,0.2941310973621385,0.356372611673295,0.8035489320755005,0.10489773944888447,0.896551724137931
gpqa_0136,gpqa_diamond,1,10118.0,719.0,0.7496522948539638,0.0013908205841446,0.1529902642559109,0.0319888734353268,0.0584144645340751,0.0041724617524339,0.0013908205841446,110.0,1.0,23.0,0.0018552875695732,0.5178399594834134,1.0,0.0,42.0,1.059038351504711,484.0,0.0116623838703301,4.0,123.0,0.3141868512110727,0.0128242483576337,0.9860917941585536,0.7794173945332968,0.2033333778381347,0.2257675529935544,0.38320253340951266,0.7855912446975708,0.2835595959459633,0.8076923076923077
gpqa_0137,gpqa_diamond,1,1243.0,97.0,0.845360824742268,0.0,0.0412371134020618,0.0412371134020618,0.0618556701030927,0.0,0.0103092783505154,4.0,0.0,4.0,0.0,0.7083333333333333,1.0,0.0,16.0,0.7227540339859309,31.0,0.0064360418342719,5.0,8.0,0.0887096774193548,0.0348684210526315,0.8350515463917526,0.6979125579819083,0.325119137763977,0.4178406437858939,0.5643513218584592,0.7057830691337585,-0.01388762193628812,0.75
gpqa_0138,gpqa_diamond,0,4643.0,339.0,0.5634218289085545,0.0029498525073746,0.2035398230088495,0.0471976401179941,0.1799410029498525,0.0,0.0029498525073746,69.0,1.0,16.0,0.0052356020942408,0.5358459823342765,1.0,0.0,12.0,1.2232953510510989,246.0,0.0178763730346758,5.0,63.0,0.3510775862068965,0.0437378189033062,0.9233038348082596,0.7947641067074601,0.3395774662494659,0.3898975531813282,0.5441092358144104,0.7727614045143127,0.040648790307520555,0.6521739130434783
gpqa_0139,gpqa_diamond,0,7379.0,533.0,0.600375234521576,0.0037523452157598,0.1763602251407129,0.1313320825515947,0.0825515947467167,0.0037523452157598,0.0018761726078799,94.0,2.0,70.0,0.00625,0.4756239001759719,1.0,0.0,9.0,1.038419608454193,370.0,0.0136874915300176,24.0,101.0,0.265319956616052,0.0140676550132393,0.9362101313320824,0.7688120541659961,0.2495881170034408,0.4009825462960681,0.32207067219478414,0.6972889304161072,0.18977251459439082,0.8793103448275862
gpqa_0140,gpqa_diamond,0,3540.0,292.0,0.6506849315068494,0.0,0.1815068493150685,0.0856164383561643,0.0753424657534246,0.0034246575342465,0.0034246575342465,53.0,0.0,25.0,0.0,0.5388056798288271,0.9518900343642612,0.0,11.0,1.0352135086745171,200.0,0.0203389830508474,30.0,75.0,0.2578456318914334,0.0350515463917525,0.9897260273972602,0.7815781974096069,0.2994943559169769,0.3279423918438089,0.4893546364011167,0.7106566429138184,0.06027705067683131,0.9090909090909091
gpqa_0141,gpqa_diamond,1,1558.0,122.0,0.6639344262295082,0.0081967213114754,0.0983606557377049,0.0737704918032786,0.1311475409836065,0.0163934426229508,0.0081967213114754,12.0,1.0,9.0,0.0123456790123456,0.5130853994490359,1.0,0.0,14.0,0.8312457903376647,57.0,0.0134788189987163,3.0,9.0,0.1356913183279743,0.0207988980716253,0.9590163934426228,0.7026881421646796,0.2326767891645431,0.2994733521870027,0.24985697800808027,0.9266604781150818,0.1505012571753398,0.75
gpqa_0142,gpqa_diamond,0,3364.0,275.0,0.6763636363636364,0.0,0.1854545454545454,0.0727272727272727,0.0618181818181818,0.0,0.0036363636363636,51.0,0.0,20.0,0.0,0.5072277086016889,1.0,0.0,17.0,1.3886602450419208,181.0,0.0154577883472057,14.0,46.0,0.220470098185064,0.0195181947006764,0.9381818181818182,0.7424214232685793,0.2875941097736358,0.3457870315402173,0.24178408945460492,0.8577539920806885,0.04346461964455217,0.9459459459459459
gpqa_0143,gpqa_diamond,1,2781.0,274.0,0.7627737226277372,0.010948905109489,0.1934306569343065,0.0145985401459854,0.010948905109489,0.0036496350364963,0.0036496350364963,53.0,3.0,4.0,0.0143540669856459,0.5791692584145415,1.0,0.3877551020408163,31.0,0.9294800053913056,160.0,0.01977705861201,7.0,22.0,0.1274298056155507,0.0218702865761689,0.978102189781022,0.7559773407248787,0.3139142692089081,0.3948980707590553,0.2677220798055417,0.6525453925132751,0.09268936341951878,0.6363636363636364
gpqa_0144,gpqa_diamond,1,3273.0,363.0,0.7713498622589532,0.0137741046831955,0.1818181818181818,0.0137741046831955,0.0165289256198347,0.0,0.0027548209366391,66.0,5.0,5.0,0.0178571428571428,0.4525782688766114,0.988950276243094,0.8517730923524117,18.0,0.6264952046268802,297.0,0.022303696914146,37.0,85.0,0.2232415902140673,0.0658851257250424,0.9724517906336088,0.8331208179257192,0.2784924805164337,0.3968764944988138,0.37787282935854527,0.8666403293609619,0.11663410174875932,1.0
gpqa_0145,gpqa_diamond,0,3001.0,205.0,0.8292682926829268,0.0,0.0829268292682926,0.0439024390243902,0.0390243902439024,0.0048780487804878,0.0,17.0,0.0,9.0,0.0,0.6228373702422145,1.0,0.0,43.0,0.6407047085511461,130.0,0.0056647784071976,0.0,6.0,0.3195463642428285,0.0284941562832029,0.8536585365853658,0.7476858463795746,0.2723069190979004,0.3415512858944781,0.37546262046763057,0.8144128322601318,0.2121795432160699,0.8571428571428571
gpqa_0146,gpqa_diamond,1,4913.0,431.0,0.7888631090487239,0.0139211136890951,0.0881670533642691,0.0348027842227378,0.0696055684454756,0.0046403712296983,0.0,38.0,6.0,15.0,0.0176470588235294,0.386046511627907,1.0,0.8996674749732746,44.0,1.155588827190445,253.0,0.011398330958681,10.0,33.0,0.2256619144602851,0.0248820946495365,0.9907192575406032,0.7766962242507658,0.2265965491533279,0.4071935835028333,0.1973478972639715,0.692642331123352,0.1693082077671912,0.8888888888888888
gpqa_0147,gpqa_diamond,0,6272.0,479.0,0.5845511482254697,0.0062630480167014,0.1127348643006263,0.18580375782881,0.104384133611691,0.0041753653444676,0.0020876826722338,54.0,3.0,89.0,0.0107142857142857,0.5027894002789399,1.0,0.8076923076923077,19.0,1.2496515903444876,336.0,0.0095663265306122,5.0,76.0,0.3219014196841602,0.0421918721437155,0.931106471816284,0.7861391224247641,0.2946784794330597,0.4990172632304685,0.5970399960659081,0.7492892742156982,0.1258064266490605,0.9032258064516129
gpqa_0148,gpqa_diamond,1,2576.0,173.0,0.7456647398843931,0.0,0.1271676300578034,0.0520231213872832,0.0693641618497109,0.0057803468208092,0.0,22.0,0.0,9.0,0.0,0.5245771670190275,1.0,0.0,17.0,0.8989966309046306,95.0,0.0100931677018633,1.0,47.0,0.1951029926156238,0.0397116823065415,0.9653179190751444,0.7255041549891926,0.3178575932979584,0.3009005829014561,0.4493363307836684,0.7280283570289612,0.07619294003406718,0.7608695652173914
gpqa_0149,gpqa_diamond,1,4153.0,367.0,0.6212534059945504,0.0054495912806539,0.1907356948228883,0.0735694822888283,0.108991825613079,0.0,0.0,70.0,2.0,27.0,0.0087719298245614,0.4779469164715066,1.0,0.0,16.0,1.5171051397036677,241.0,0.0192631832410305,12.0,60.0,0.1645783132530121,0.0134890336103001,0.9019073569482288,0.7519758831852121,0.2869789600372314,0.3783468245906201,0.3601276229322019,0.789036214351654,0.10471113466789633,1.0
gpqa_0150,gpqa_diamond,1,1697.0,164.0,0.7865853658536586,0.0121951219512195,0.1524390243902439,0.0121951219512195,0.0182926829268292,0.0060975609756097,0.0121951219512195,25.0,2.0,2.0,0.0155038759689922,0.5955828220858895,0.9447852760736196,0.0,29.0,0.4163760255423361,58.0,0.0164997053624042,4.0,22.0,0.0808736717827627,0.0145421495114746,0.8780487804878049,0.6854100159706513,0.1861868649721145,0.3919653275084716,0.24403325261999345,0.7431262731552124,0.1385696562283904,0.8947368421052632
gpqa_0151,gpqa_diamond,1,1424.0,88.0,0.7386363636363636,0.0,0.0795454545454545,0.0681818181818181,0.0909090909090909,0.0227272727272727,0.0,7.0,0.0,6.0,0.0,0.6748768472906403,1.0,0.0,18.0,1.2141513702804725,43.0,0.0042134831460674,6.0,13.0,0.099929627023223,0.0716385993049986,0.9545454545454546,0.7351848924982136,0.387589693069458,0.2788862599991262,0.3763922294404424,0.8045295476913452,0.20885560223427535,0.9230769230769231
gpqa_0152,gpqa_diamond,0,5601.0,430.0,0.5953488372093023,0.0023255813953488,0.2046511627906976,0.0790697674418604,0.1162790697674418,0.0,0.0023255813953488,88.0,1.0,34.0,0.00390625,0.5512820512820512,1.0,0.0,18.0,1.186850454332643,321.0,0.0162470987323692,25.0,69.0,0.3281529117541979,0.028015598109056,0.9302325581395348,0.7865866745685364,0.2637867629528045,0.3037247976902476,0.29580575560465827,0.7317802309989929,0.2086819511977901,0.673469387755102
gpqa_0153,gpqa_diamond,0,4731.0,370.0,0.7189189189189189,0.0216216216216216,0.127027027027027,0.0621621621621621,0.0702702702702702,0.0,0.0,47.0,8.0,23.0,0.0300751879699248,0.439082050394972,1.0,0.735148719413938,22.0,1.178675104559332,258.0,0.0141619108010991,13.0,63.0,0.2392131979695431,0.0232266996583009,0.9,0.7716841234101189,0.2823824286460876,0.3257666656783983,0.18434135172078298,0.7277200222015381,0.11025350239356546,0.4642857142857143
gpqa_0154,gpqa_diamond,0,4583.0,379.0,0.6807387862796834,0.0369393139841688,0.1398416886543535,0.0395778364116095,0.0870712401055409,0.0052770448548812,0.0105540897097625,53.0,14.0,15.0,0.0542635658914728,0.4380553059798342,0.6296296296296297,1.0584168147975324,12.0,1.2210699417475597,280.0,0.0137464542875845,12.0,47.0,0.3412663755458515,0.0512118787980857,0.9472295514511874,0.8381966638659674,0.3314781188964844,0.327566078139676,0.40109162911952767,0.6517355442047119,0.004012429439259391,0.7333333333333333
gpqa_0155,gpqa_diamond,0,6703.0,507.0,0.6745562130177515,0.0,0.1972386587771203,0.0512820512820512,0.0749506903353057,0.0,0.0019723865877712,100.0,0.0,26.0,0.0,0.5318379446640316,1.0,0.0,16.0,1.189728626646909,423.0,0.0173056840220796,10.0,204.0,0.4205970149253731,0.034586936954565,0.8560157790927022,0.8385316201820675,0.2551479041576385,0.3279560364756452,0.2637405477781696,0.6023595333099365,-0.005939338928322657,0.7647058823529411
gpqa_0156,gpqa_diamond,0,1228.0,81.0,0.7654320987654321,0.0,0.0987654320987654,0.0617283950617283,0.0493827160493827,0.0246913580246913,0.0,8.0,0.0,5.0,0.0,0.5046875,1.0,0.0,12.0,0.7906219143583645,21.0,0.006514657980456,1.0,21.0,0.0881632653061224,0.0424050632911392,0.9012345679012346,0.6708861388266086,0.3482412099838257,0.4058498591184616,0.576631238130356,0.8303930759429932,0.0790369706768177,0.8
gpqa_0157,gpqa_diamond,1,1993.0,161.0,0.8012422360248447,0.0062111801242236,0.062111801242236,0.0683229813664596,0.0496894409937888,0.0,0.0124223602484472,10.0,1.0,11.0,0.0077519379844961,0.6068749999999999,0.53125,0.0,45.0,0.7953833949843573,102.0,0.0055193176116407,2.0,75.0,0.1904522613065327,0.0421383647798742,0.9254658385093169,0.7604546810034662,0.3189921975135803,0.4231076004604499,0.3406731196447596,0.7366052865982056,0.204060656381031,0.918918918918919
gpqa_0158,gpqa_diamond,1,5300.0,480.0,0.7541666666666667,0.00625,0.0916666666666666,0.0958333333333333,0.0416666666666666,0.00625,0.0041666666666666,44.0,3.0,46.0,0.0082872928176795,0.3993642057316379,0.7682672233820459,0.2702702702702703,29.0,1.1401086162563616,324.0,0.010377358490566,8.0,41.0,0.1967151217670379,0.0198635581450196,0.9958333333333332,0.7915218688220967,0.2350687235593795,0.3875732732747026,0.2413548525265129,0.774450957775116,0.41359201328438183,0.825
gpqa_0159,gpqa_diamond,0,5567.0,376.0,0.6888297872340425,0.0026595744680851,0.2047872340425532,0.0159574468085106,0.0611702127659574,0.0,0.026595744680851,77.0,1.0,6.0,0.0038610038610038,0.4928138528138527,0.5226666666666666,0.0,11.0,1.0713514169464469,298.0,0.0158074366804382,6.0,58.0,0.4169662113587347,0.0391729055258467,0.973404255319149,0.8242321013212204,0.264273852109909,0.3252646326973381,0.3283943089583963,0.7113746404647827,0.12128998897849708,0.8378378378378378
gpqa_0160,gpqa_diamond,0,3338.0,238.0,0.7647058823529411,0.0042016806722689,0.1218487394957983,0.0546218487394958,0.0504201680672268,0.0,0.0042016806722689,29.0,1.0,13.0,0.0054945054945054,0.5040011639749745,1.0,0.0,14.0,0.9831383235881492,127.0,0.0095865787896944,11.0,38.0,0.1985007496251873,0.0188443109490095,0.9369747899159664,0.7236476010536845,0.2355959713459015,0.3122851697495207,0.3474169766494114,0.6557589769363403,0.07871994867970411,0.7903225806451613
gpqa_0161,gpqa_diamond,1,3555.0,236.0,0.5720338983050848,0.0084745762711864,0.25,0.0423728813559322,0.0805084745762711,0.0127118644067796,0.0338983050847457,59.0,2.0,10.0,0.0148148148148148,0.5576631806707537,0.7702127659574468,0.0,17.0,1.1881305323857083,138.0,0.0194092827004219,8.0,37.0,0.1945382882882883,0.0422985997454082,0.9788135593220338,0.7580639901947468,0.2724202871322632,0.444809345560598,0.5264171909224272,0.8044262528419495,-0.10513868837854645,0.5
gpqa_0162,gpqa_diamond,0,4142.0,347.0,0.7492795389048992,0.0086455331412103,0.1210374639769452,0.0720461095100864,0.031700288184438,0.0144092219020172,0.0028818443804034,42.0,3.0,25.0,0.0115384615384615,0.6005367464905037,1.0,0.0340136054421768,22.0,1.0250015711976477,204.0,0.0111057460164171,8.0,47.0,0.2227591205605218,0.0330401273351763,0.9740634005763688,0.8009201418716094,0.3107582032680511,0.4237468870792617,0.3885797249163755,0.9194220304489136,0.041782163019390306,1.0
gpqa_0163,gpqa_diamond,1,5672.0,522.0,0.842911877394636,0.0019157088122605,0.0670498084291187,0.0344827586206896,0.0421455938697318,0.0095785440613026,0.0019157088122605,35.0,1.0,18.0,0.0022727272727272,0.3385248149163696,1.0,0.0,74.0,0.7158121132402488,325.0,0.0082863187588152,5.0,28.0,0.2291409419650731,0.0238742064077956,0.9195402298850576,0.8124074777177108,0.2512920200824737,0.3444798523909412,0.38609929072646443,0.7402428388595581,0.25978123840125045,0.7714285714285715
gpqa_0164,gpqa_diamond,0,2140.0,151.0,0.5629139072847682,0.0,0.119205298013245,0.0794701986754966,0.23841059602649,0.0,0.0,18.0,0.0,12.0,0.0,0.612962962962963,1.0,0.0,14.0,1.5724410594574634,85.0,0.008411214953271,0.0,81.0,0.172671970051474,0.0250559284116331,0.9072847682119204,0.7371510018905003,0.2574138641357422,0.3776351668768459,0.524581759211387,0.8255554437637329,0.05495469482636384,0.8947368421052632
gpqa_0165,gpqa_diamond,1,3908.0,229.0,0.8384279475982532,0.0,0.0917030567685589,0.0218340611353711,0.0480349344978165,0.0,0.0,21.0,0.0,5.0,0.0,0.4855889724310777,1.0,0.0,29.0,0.9582811717561838,113.0,0.0061412487205731,7.0,32.0,0.1628681177976952,0.0179302882757554,0.8820960698689956,0.7202270787470697,0.2353548109531402,0.4299791361326757,0.3621191005339428,0.7416152954101562,0.0001542081589458455,0.5806451612903226
gpqa_0166,gpqa_diamond,1,5241.0,427.0,0.747072599531616,0.0023419203747072,0.1100702576112412,0.0679156908665105,0.0655737704918032,0.0046838407494145,0.0023419203747072,47.0,1.0,29.0,0.0031347962382445,0.4656377984217361,1.0,0.0,41.0,0.8767963926513774,252.0,0.0101125739362717,4.0,64.0,0.1987399770904925,0.0157083678541839,0.9836065573770492,0.7675721635561035,0.2261331230401992,0.4206243651472808,0.28889657187712386,0.7858469486236572,0.4444375555707778,0.84
gpqa_0167,gpqa_diamond,0,1486.0,122.0,0.819672131147541,0.0,0.0573770491803278,0.040983606557377,0.0655737704918032,0.0,0.0163934426229508,7.0,0.0,5.0,0.0,0.5489964580873672,0.9256198347107438,0.0,16.0,0.8308802826592917,56.0,0.0053835800807537,0.0,45.0,0.1166554281861091,0.0388429752066115,0.9016393442622952,0.7351420133813353,0.27487713098526,0.1904934964009693,0.4499256578418658,0.7187200784683228,0.20524311238809767,0.8571428571428571
gpqa_0168,gpqa_diamond,1,1513.0,101.0,0.8811881188118812,0.0,0.0792079207920792,0.0,0.0198019801980198,0.0099009900990099,0.0099009900990099,8.0,0.0,0.0,0.0,0.61375,1.0,0.0,17.0,0.1904430104564662,51.0,0.0085922009253139,8.0,1.0,0.123841059602649,0.0323232323232323,0.8811881188118812,0.710514560341835,0.3138182163238525,0.397107869386673,0.3294939421055298,0.7408493757247925,0.14088916971898047,0.7419354838709677
gpqa_0169,gpqa_diamond,0,6409.0,653.0,0.6860643185298622,0.0245022970903522,0.1822358346094946,0.0367534456355283,0.0643185298621745,0.001531393568147,0.004594180704441,119.0,16.0,24.0,0.0357142857142857,0.5170644945094602,0.6088957055214724,1.329501687577608,15.0,1.142879994868011,488.0,0.019971914495241,29.0,164.0,0.2986262878551358,0.0376296966441435,0.9862174578866768,0.8332250580145903,0.2516098320484161,0.3112208072843989,0.40107628774417886,0.8374753594398499,0.018790830588471197,0.5
gpqa_0170,gpqa_diamond,1,9110.0,696.0,0.7054597701149425,0.0,0.1767241379310344,0.0344827586206896,0.0804597701149425,0.0028735632183908,0.0,123.0,0.0,24.0,0.0,0.4978300286599987,1.0,0.0,30.0,1.3907266153993807,530.0,0.0139407244785949,1.0,84.0,0.4259360931151861,0.0348392179628055,0.9956896551724138,0.853383659480287,0.2512133121490478,0.3293220575996524,0.3738121169985201,0.7571380138397217,0.168065469849071,0.8888888888888888
gpqa_0171,gpqa_diamond,1,2460.0,216.0,0.8703703703703703,0.0138888888888888,0.074074074074074,0.0092592592592592,0.0277777777777777,0.0,0.0046296296296296,16.0,3.0,2.0,0.0159574468085106,0.5372093023255814,1.0,0.74,30.0,0.6920768213994047,132.0,0.006910569105691,1.0,15.0,0.2397232397232397,0.1354053466637687,0.8935185185185185,0.8177301468890766,0.3325138092041015,0.2708295450235407,0.1964437076592681,0.8469299077987671,0.1711671438712844,0.7931034482758621
gpqa_0172,gpqa_diamond,0,1671.0,151.0,0.7417218543046358,0.0331125827814569,0.1788079470198675,0.0132450331125827,0.0331125827814569,0.0,0.0,27.0,5.0,2.0,0.0446428571428571,0.5167901234567901,1.0,0.6983648421334152,22.0,0.7699219387920868,68.0,0.0173548773189706,1.0,17.0,0.0725419664268585,0.0485011185682326,0.9735099337748344,0.764045645693938,0.3221746981143951,0.3187702962064317,0.6224258761360882,0.8561969995498657,0.2539910645373241,0.6153846153846154
gpqa_0173,gpqa_diamond,0,8813.0,811.0,0.8310727496917386,0.0073982737361282,0.1023427866831072,0.0271270036991368,0.0246609124537607,0.0061652281134401,0.001233045622688,83.0,6.0,22.0,0.0089020771513353,0.5044027963706679,1.0,0.8294145982903555,69.0,1.242091496942323,596.0,0.0098717803245205,7.0,83.0,0.3236095346197503,0.016499565078057,0.9876695437731196,0.8268025529605371,0.2275844812393188,0.3507058034044539,0.4862509272269708,0.6758784651756287,0.14117137291847015,0.9032258064516129
gpqa_0174,gpqa_diamond,0,4803.0,312.0,0.5576923076923077,0.0096153846153846,0.2083333333333333,0.0993589743589743,0.1121794871794871,0.0096153846153846,0.0032051282051282,65.0,3.0,31.0,0.0172413793103448,0.4797922334899827,1.0,0.4782608695652174,31.0,1.324613913721446,186.0,0.0147824276493858,4.0,55.0,0.2460416666666667,0.0211388860076755,0.9487179487179488,0.7543707051077839,0.2420446723699569,0.339002053918583,0.33188883907280925,0.7310460805892944,0.36986535897111045,0.8666666666666667
gpqa_0175,gpqa_diamond,1,5603.0,488.0,0.8135245901639344,0.0184426229508196,0.1065573770491803,0.0225409836065573,0.0204918032786885,0.0122950819672131,0.0061475409836065,52.0,9.0,11.0,0.0226700251889168,0.6023140104248934,0.9835728952772074,0.8122381459995471,48.0,1.2721913245165462,261.0,0.0107085489916116,10.0,40.0,0.1751785714285714,0.0200691222822183,0.9549180327868853,0.7835754490853335,0.2258379757404327,0.3166133263952691,0.34898897780566507,0.6808592081069946,0.35638581010989173,0.9259259259259259
gpqa_0176,gpqa_diamond,1,1936.0,172.0,0.8837209302325582,0.0116279069767441,0.0523255813953488,0.005813953488372,0.0348837209302325,0.0,0.0116279069767441,9.0,2.0,1.0,0.0131578947368421,0.3833658219623131,0.95906432748538,0.0,33.0,0.4497771426158314,76.0,0.0087809917355371,8.0,10.0,0.1231246766683911,0.0210526315789473,0.9011627906976744,0.7408502269209477,0.2326379120349884,0.5095759809017182,0.38592365886267715,0.7054399847984314,0.33643203950843625,0.8
gpqa_0177,gpqa_diamond,0,0.0,0.0,0.0,0.0,0.0,0.0,0.0,0.0,0.0,0.0,0.0,0.0,0.0,0.0,0.0,0.0,0.0,0.0,0.0,0.0,0.0,0.0,0.0,0.2595969198134629,0.8554360812425329,0.9715028283424724,0.3758982121944427,0.2725902993631777,0.41863769494050657,0.7120944261550903,0.08555039525961661,0.7142857142857143
gpqa_0178,gpqa_diamond,0,4807.0,460.0,0.8195652173913044,0.0217391304347826,0.0456521739130434,0.0630434782608695,0.0239130434782608,0.0065217391304347,0.0195652173913043,21.0,10.0,29.0,0.026525198938992,0.5741259466749662,0.7450980392156863,0.6391917863030355,66.0,0.8952080316548395,295.0,0.0087372581651757,2.0,154.0,0.265195670274771,0.0227854363482413,0.9456521739130436,0.8135006162530716,0.2103391140699386,0.3319358239726473,0.38966679028947493,0.6623066663742065,0.02109995803089937,0.6470588235294118
gpqa_0179,gpqa_diamond,0,0.0,0.0,0.0,0.0,0.0,0.0,0.0,0.0,0.0,0.0,0.0,0.0,0.0,0.0,0.0,0.0,0.0,0.0,0.0,0.0,0.0,0.0,0.0,0.1016363546138004,0.9959390862944164,0.8905233660697695,0.3290762305259704,0.3552209879637936,0.2595180651649639,0.6861014366149902,0.14179260005216815,0.9473684210526315
gpqa_0180,gpqa_diamond,0,5921.0,297.0,0.7811447811447811,0.0,0.101010101010101,0.0471380471380471,0.0572390572390572,0.0101010101010101,0.0033670033670033,30.0,0.0,14.0,0.0,0.414527027027027,0.9966216216216216,0.0,12.0,0.664485488297952,240.0,0.0060800540449248,11.0,40.0,0.3921933085501858,0.0894640403114979,0.9326599326599326,0.8282210236868343,0.3051387071609497,0.2971629058942199,0.5884476364711537,0.7706353664398193,0.11741950615646135,0.6097560975609756
gpqa_0181,gpqa_diamond,1,2326.0,138.0,0.8115942028985508,0.0,0.1014492753623188,0.0144927536231884,0.0434782608695652,0.0072463768115942,0.0217391304347826,14.0,0.0,2.0,0.0,0.5860271115745569,0.8248175182481752,0.0,15.0,0.7656735047456201,79.0,0.0077386070507308,2.0,47.0,0.1575548859233749,0.0412194074710176,0.8768115942028986,0.7263724949129307,0.2487077564001083,0.3070315449897732,0.31617667893526585,0.8013560771942139,0.23237661187373643,0.7241379310344828
gpqa_0182,gpqa_diamond,0,6519.0,509.0,0.6365422396856582,0.005893909626719,0.2396856581532416,0.0491159135559921,0.0648330058939096,0.0019646365422396,0.0019646365422396,122.0,3.0,25.0,0.0092592592592592,0.53791790370466,1.0,0.2897196261682243,12.0,1.028293937643274,430.0,0.0191747200490872,9.0,172.0,0.3202885205647636,0.0195996210532855,0.9646365422396856,0.8066091565341931,0.2423825860023498,0.2991590861892027,0.29838805930329826,0.7403391599655151,0.15149914576832008,1.0
gpqa_0183,gpqa_diamond,0,6471.0,533.0,0.6566604127579737,0.0150093808630394,0.1651031894934334,0.0844277673545966,0.073170731707317,0.0037523452157598,0.0018761726078799,88.0,8.0,45.0,0.0228571428571428,0.4793873889268626,1.0,0.637630338464608,20.0,1.1822362126944057,407.0,0.01498995518467,19.0,101.0,0.2200061842918985,0.0168500346912478,0.9343339587242028,0.7840224875039176,0.2563115954399109,0.3564073369392038,0.30587140388179707,0.9141581654548645,0.06852263440263506,0.8571428571428571
gpqa_0184,gpqa_diamond,1,736.0,52.0,0.7884615384615384,0.0192307692307692,0.0384615384615384,0.0384615384615384,0.0384615384615384,0.0576923076923076,0.0192307692307692,2.0,1.0,2.0,0.024390243902439,0.5098039215686274,1.0,0.0,13.0,0.6653898194586582,11.0,0.0040760869565217,3.0,0.0,0.096862210095498,0.024313725490196,0.7115384615384616,0.6197009045703739,0.2114512920379638,0.1123117431998252,0.0,0.6382462382316589,0.24802320807529593,0.6666666666666666
gpqa_0185,gpqa_diamond,1,2833.0,191.0,0.7329842931937173,0.0052356020942408,0.0994764397905759,0.0785340314136125,0.0785340314136125,0.0,0.0052356020942408,19.0,1.0,15.0,0.0071428571428571,0.418005540166205,1.0,0.0,15.0,1.1082426878721017,110.0,0.0095305330038828,8.0,7.0,0.1763250883392226,0.0297410192147034,0.9842931937172776,0.7281375030153676,0.2772041261196136,0.3616723205894231,0.4410033463523158,0.7699984312057495,0.09353718464078431,0.8888888888888888
gpqa_0186,gpqa_diamond,0,6551.0,555.0,0.7927927927927928,0.0,0.0612612612612612,0.0648648648648648,0.0648648648648648,0.0126126126126126,0.0036036036036036,34.0,0.0,36.0,0.0,0.4459014652792525,0.3393501805054151,0.0,27.0,0.931845547263546,382.0,0.006105938024729,11.0,88.0,0.3384239462431276,0.0307414104882459,0.8972972972972973,0.813553300790408,0.2551183700561523,0.2747195157266798,0.3399141267210947,0.8436295390129089,0.1528030956124814,1.0
gpqa_0187,gpqa_diamond,1,7844.0,623.0,0.7110754414125201,0.0064205457463884,0.1637239165329053,0.0545746388443017,0.0593900481540931,0.0032102728731942,0.0016051364365971,102.0,4.0,34.0,0.0090293453724604,0.5204117016581552,0.9228295819935692,0.763196656047751,21.0,0.914764334046796,464.0,0.0147883732789393,8.0,108.0,0.330315010840454,0.0198621660945161,0.9646869983948636,0.8153700946419952,0.2502632737159729,0.3318502293578127,0.6727332828794353,0.8016519546508789,-0.04843760360042493,0.6153846153846154
gpqa_0188,gpqa_diamond,0,488.0,38.0,0.8947368421052632,0.0263157894736842,0.0263157894736842,0.0,0.0263157894736842,0.0,0.0263157894736842,1.0,1.0,0.0,0.0294117647058823,0.8648648648648649,1.0,0.0,16.0,0.1894633730459998,6.0,0.0040983606557377,1.0,12.0,0.022680412371134,0.0465465465465465,0.9210526315789472,0.6254993552291715,0.3516093492507934,0.2669988870620727,0.49634628833551014,0.8767935037612915,0.05210045109890893,0.7142857142857143
gpqa_0189,gpqa_diamond,0,1432.0,136.0,0.8014705882352942,0.0294117647058823,0.1323529411764706,0.0147058823529411,0.0220588235294117,0.0,0.0,18.0,4.0,2.0,0.036697247706422,0.4761316872427983,1.0,0.4536092116265144,21.0,0.7362321077369944,61.0,0.0167597765363128,4.0,18.0,0.0993701889433169,0.033167495854063,0.9779411764705882,0.7242594662087936,0.2450548112392425,0.3018397828318963,0.29208106208885065,0.6744842529296875,0.19794028430392013,0.42
gpqa_0190,gpqa_diamond,1,5465.0,377.0,0.4244031830238727,0.0,0.3474801061007957,0.0769230769230769,0.1140583554376657,0.0344827586206896,0.0026525198938992,131.0,0.0,29.0,0.0,0.5252152022088679,1.0,0.0,8.0,1.445710161907748,254.0,0.0248856358645928,12.0,76.0,0.2868912486268766,0.0338297872340425,0.9787798408488064,0.7769383755215304,0.2755821347236633,0.4018779959605484,0.4223712937430017,0.6806973218917847,0.0663845304792976,0.9230769230769231
gpqa_0191,gpqa_diamond,1,8834.0,450.0,0.7111111111111111,0.0044444444444444,0.2,0.0133333333333333,0.0533333333333333,0.0022222222222222,0.0155555555555555,90.0,2.0,6.0,0.00625,0.4756743380351399,0.8930957683741648,0.0,18.0,0.967953384733228,378.0,0.0123386914195155,14.0,100.0,0.5067376288076095,0.0692411708558701,0.9777777777777776,0.8174024480488359,0.3011508882045746,0.4462421527848794,0.4919822766765824,0.7566527724266052,0.1867351923272904,0.8275862068965517
gpqa_0192,gpqa_diamond,0,4356.0,343.0,0.7230320699708455,0.0116618075801749,0.1224489795918367,0.0379008746355685,0.0962099125364431,0.0,0.0087463556851311,42.0,4.0,13.0,0.0161290322580645,0.4674185463659148,0.9005847953216374,0.627387569924941,11.0,1.0418721115295726,209.0,0.0114784205693296,11.0,43.0,0.3149552033080633,0.043422338838298,0.979591836734694,0.8004953451890346,0.2839961051940918,0.2511082441723418,0.20608582848493884,0.8056685924530029,0.2894612358591508,0.6666666666666666
gpqa_0193,gpqa_diamond,1,0.0,0.0,0.0,0.0,0.0,0.0,0.0,0.0,0.0,0.0,0.0,0.0,0.0,0.0,0.0,0.0,0.0,0.0,0.0,0.0,0.0,0.0,0.0,0.0647023182863158,0.9934512115258676,0.9369061276961124,0.2642043530941009,0.2849258170541303,0.3495300676445815,0.8391152024269104,0.09220728545203949,0.9444444444444444
gpqa_0194,gpqa_diamond,0,9368.0,726.0,0.8154269972451791,0.0,0.1019283746556473,0.024793388429752,0.0344352617079889,0.0220385674931129,0.0013774104683195,74.0,0.0,18.0,0.0,0.4878285181733457,1.0,0.0,25.0,1.2680693162011458,544.0,0.0082194705380017,3.0,95.0,0.3234383342231713,0.0187730996380262,0.977961432506887,0.8297628219374296,0.2240631878376007,0.3566745638207066,0.5804098940286991,0.8335473537445068,-0.06888715542963164,0.8666666666666667
gpqa_0195,gpqa_diamond,1,6005.0,507.0,0.7120315581854043,0.0039447731755424,0.145956607495069,0.0650887573964497,0.0670611439842209,0.0059171597633136,0.0,74.0,2.0,33.0,0.0055401662049861,0.4816526012178186,1.0,0.0,26.0,1.222439476392893,362.0,0.0154870940882597,13.0,79.0,0.2665778073975341,0.0226353070089617,0.9526627218934912,0.7967867613972529,0.2434390485286712,0.3948019087264264,0.3886677384894241,0.6164354085922241,0.18040908241073456,0.9166666666666666
gpqa_0196,gpqa_diamond,0,2795.0,189.0,0.6878306878306878,0.0,0.1587301587301587,0.0952380952380952,0.0582010582010582,0.0,0.0,30.0,0.0,18.0,0.0,0.6168439716312056,1.0,0.0,19.0,1.3550534507151646,90.0,0.0114490161001788,1.0,40.0,0.1443409742120344,0.0176925702582773,0.8994708994708994,0.7105144567470602,0.2798436284065246,0.3867016873011986,0.2382292958785512,0.6939276456832886,0.02974762795927144,0.75
gpqa_0197,gpqa_diamond,0,7970.0,521.0,0.5623800383877159,0.0038387715930902,0.2399232245681382,0.0863723608445297,0.0978886756238003,0.0095969289827255,0.0,125.0,2.0,45.0,0.0068259385665529,0.5414153846153846,1.0,0.0,26.0,1.3868146626935929,354.0,0.0168130489335006,9.0,126.0,0.3322455127400527,0.0213872832369942,0.8406909788867563,0.7958156745307721,0.28046715259552,0.4296626472579581,0.14791764691096546,0.7673623561859131,0.019985314454795122,0.9375
