item_id,mean_logprob,std_logprob,min_logprob,low_logprob_frac,mean_entropy,std_entropy,max_entropy,max_entropy_pos,entropy_in_conclusion,entropy_autocorr_lag1
gpqa_0000,-0.4374069273471832,0.8373527526855469,-11.6422119140625,0.004884004884004884,0.6018877625465393,0.7581493258476257,9.997930526733398,0.0002442598925256473,0.71644526720047,0.32327997076646553
gpqa_0001,-0.42309629917144775,0.7345019578933716,-13.1163330078125,0.002442002442002442,0.61445552110672,0.7340890169143677,10.768465042114258,0.0004885197850512946,0.5985825657844543,0.21194491599107626
gpqa_0002,-0.26189953088760376,0.766235888004303,-15.562154769897461,0.004156769596199525,0.3500130772590637,0.6257318258285522,9.997930526733398,0.000297000297000297,0.2078891396522522,0.47671953386360316
gpqa_0003,-0.6545228362083435,1.2796529531478882,-11.660526275634766,0.01652173913043478,0.7361516952514648,0.8979646563529968,9.957498550415039,0.0008703220191470844,0.8342835903167725,0.43967947336928576
gpqa_0004,-0.3491058945655823,1.0152170658111572,-15.325101852416992,0.00798175598631699,0.4100385904312134,0.707076370716095,10.768465042114258,0.0005702879954376961,0.5150671601295471,0.44944521790876124
gpqa_0005,-0.2936151921749115,0.6554356217384338,-13.1163330078125,0.0017094017094017094,0.4263676106929779,0.6740246415138245,10.768465042114258,0.0004885197850512946,0.43536376953125,0.39916757904611544
gpqa_0006,-0.39169231057167053,0.8345180153846741,-13.1163330078125,0.004884004884004884,0.5491436719894409,0.7334690690040588,10.768465042114258,0.0004885197850512946,0.47834548354148865,0.36271819295050334
gpqa_0007,-0.5458672046661377,1.061416745185852,-13.636347770690918,0.008791208791208791,0.7133663892745972,0.7702489495277405,10.768465042114258,0.0004885197850512946,0.6352866888046265,0.31042717501590544
gpqa_0008,-0.7041438221931458,1.4981125593185425,-17.677568435668945,0.01870503597122302,0.8132982850074768,0.9291689991950989,10.783794403076172,0.0014398848092152627,0.7376844882965088,0.3399525425898304
gpqa_0009,-0.4909972846508026,0.8567036986351013,-22.059720993041992,0.005128205128205128,0.6820918321609497,0.7281449437141418,9.997930526733398,0.0002442598925256473,0.4465435743331909,0.3513803795669708
gpqa_0010,-0.9924758076667786,1.7894314527511597,-14.887353897094727,0.04044943820224719,1.0813841819763184,1.0007991790771484,10.003660202026367,0.0005621135469364812,0.8955827355384827,0.286900081861789
gpqa_0011,-0.2567004859447479,0.8424803614616394,-13.1163330078125,0.005147269087789534,0.3114090859889984,0.6139652729034424,10.768465042114258,0.0005720823798627002,0.29717060923576355,0.44384781116137084
gpqa_0012,-0.5170540809631348,0.8803070187568665,-12.750722885131836,0.006349206349206349,0.7281434535980225,0.7728375792503357,9.997930526733398,0.0002442598925256473,0.6898725628852844,0.2500249545476844
gpqa_0013,-1.1176095008850098,1.995930552482605,-13.249733924865723,0.045871559633027525,1.077758550643921,1.1475619077682495,9.964869499206543,0.0015313935681470138,0.9216516017913818,0.40753437132192183
gpqa_0014,-0.4421478509902954,0.8901833891868591,-14.653863906860352,0.005128205128205128,0.5986603498458862,0.7463924884796143,10.768465042114258,0.0004885197850512946,0.536532998085022,0.32810377390177364
gpqa_0015,-0.453454852104187,1.0132524967193604,-18.586008071899414,0.006593406593406593,0.6021385192871094,0.7261448502540588,10.768465042114258,0.0004885197850512946,0.5993399620056152,0.23662301225069282
gpqa_0016,-0.391871839761734,1.088265061378479,-17.146825790405273,0.006882312456985547,0.4767249822616577,0.7476456761360168,9.966222763061523,0.0006887052341597796,0.4295099675655365,0.4496420656630753
gpqa_0017,-0.3668741285800934,0.9956839680671692,-15.651749610900879,0.007081807081807082,0.439609557390213,0.7289373278617859,10.768465042114258,0.0004885197850512946,0.294216126203537,0.46356926400882065
gpqa_0018,-0.40648311376571655,0.8414608836174011,-13.1163330078125,0.00463980463980464,0.6082674860954285,0.7205035090446472,10.768465042114258,0.0004885197850512946,0.5043125748634338,0.2942125229345035
gpqa_0019,-0.6243798732757568,1.1599838733673096,-16.759252548217773,0.010446343779677113,0.8455621004104614,0.8240947723388672,9.997930526733398,0.00031665611146295124,0.7245427370071411,0.3273573337944436
gpqa_0020,-0.44900184869766235,0.7943680882453918,-12.506641387939453,0.003418803418803419,0.68468177318573,0.7546547651290894,9.997930526733398,0.0002442598925256473,0.555009663105011,0.2750536359824606
gpqa_0021,-0.7522926330566406,1.6008682250976562,-15.36034870147705,0.02383939774153074,0.8195099234580994,0.937432050704956,9.993623733520508,0.001256281407035176,0.6733495593070984,0.35261024357308035
gpqa_0022,-0.442533940076828,0.8719348907470703,-13.556257247924805,0.005616605616605617,0.6391700506210327,0.7322419285774231,9.997930526733398,0.0002442598925256473,0.6603513360023499,0.3258612555319751
gpqa_0023,-0.5124698877334595,1.0532487630844116,-16.069963455200195,0.009035409035409036,0.6761064529418945,0.7783708572387695,10.768465042114258,0.0004885197850512946,0.6711850762367249,0.29296596931631413
gpqa_0024,-0.46910300850868225,0.8758492469787598,-12.761996269226074,0.006837606837606838,0.6500604748725891,0.738799512386322,9.997930526733398,0.0002442598925256473,0.5886753797531128,0.29830648934038545
gpqa_0025,-0.515030026435852,0.939642608165741,-13.1163330078125,0.008547008547008548,0.6983178853988647,0.7835469841957092,10.768465042114258,0.0004885197850512946,0.7026647329330444,0.28176704064978286
gpqa_0026,-0.5534408688545227,1.1673109531402588,-16.840675354003906,0.013509166934705693,0.729638397693634,0.7856051325798035,10.768465042114258,0.0006435006435006435,0.4399849772453308,0.34198651830739213
gpqa_0027,-0.5630391836166382,0.9858613014221191,-13.687575340270996,0.008302808302808303,0.7464131712913513,0.7994967103004456,9.997930526733398,0.0002442598925256473,0.6673043966293335,0.26835212242094103
gpqa_0028,-0.5679100751876831,1.0866780281066895,-13.842896461486816,0.009886594940389648,0.7651674151420593,0.8327773213386536,9.997930526733398,0.00029086678301337986,0.6797906160354614,0.389529205457593
gpqa_0029,-0.39181849360466003,0.747393786907196,-12.297723770141602,0.003907203907203907,0.5764588713645935,0.7180297374725342,9.997930526733398,0.0002442598925256473,0.4833267331123352,0.4403606142328639
gpqa_0030,-0.4111737608909607,0.7800753116607666,-15.588847160339355,0.0031746031746031746,0.6255433559417725,0.6997022032737732,10.768465042114258,0.0004885197850512946,0.49851271510124207,0.2172452095674951
gpqa_0031,-0.2872939109802246,0.8278398513793945,-17.373489379882812,0.00463980463980464,0.3677716851234436,0.6297160387039185,9.997930526733398,0.0002442598925256473,0.22227339446544647,0.40397304146623003
gpqa_0032,-0.5118365287780762,0.9764567613601685,-14.440655708312988,0.008509297195083518,0.6971466541290283,0.8073194622993469,9.997930526733398,0.00031525851197982345,0.529282808303833,0.3278983039240605
gpqa_0033,-0.48000791668891907,0.8027287721633911,-14.43979263305664,0.003418803418803419,0.710093080997467,0.7809394001960754,10.768465042114258,0.0004885197850512946,0.6009999513626099,0.28805592059942164
gpqa_0034,-0.7971572279930115,1.6058825254440308,-14.221589088439941,0.0258751902587519,0.7748969793319702,0.9279612302780151,10.783794403076172,0.0015232292460015233,0.6464314460754395,0.28346848259026536
gpqa_0035,-0.4784308969974518,0.8236815929412842,-12.347588539123535,0.004395604395604396,0.7090088725090027,0.785377025604248,9.997930526733398,0.0002442598925256473,0.6333591341972351,0.3401315664836714
gpqa_0036,-0.5229587554931641,0.9126572608947754,-24.234386444091797,0.004884004884004884,0.7644671201705933,0.7808360457420349,9.997930526733398,0.0002442598925256473,0.6485852599143982,0.17120417636103644
gpqa_0037,-0.46552497148513794,0.8978792428970337,-11.6422119140625,0.007814407814407814,0.6577029824256897,0.7494746446609497,9.997930526733398,0.0002442598925256473,0.5787756443023682,0.2793976139675144
gpqa_0038,-0.43458640575408936,1.0601539611816406,-19.21784019470215,0.009768009768009768,0.5293911695480347,0.7174378037452698,10.768465042114258,0.0004885197850512946,0.645540177822113,0.3978075988735357
gpqa_0039,-1.0707206726074219,1.9253202676773071,-13.184659957885742,0.052752293577981654,1.0205060243606567,1.1565924882888794,9.976969718933105,0.0022988505747126436,0.7009643316268921,0.4025858423403459
gpqa_0040,-0.47598710656166077,0.8499858975410461,-13.58137321472168,0.003907203907203907,0.6632347106933594,0.7501963376998901,10.768465042114258,0.0004885197850512946,0.6245817542076111,0.3073336348219676
gpqa_0041,-0.29192832112312317,0.8334499597549438,-14.56262493133545,0.004760571268552226,0.36141249537467957,0.6590986251831055,9.997930526733398,0.00028011204481792715,0.5285905003547668,0.496358779046115
gpqa_0042,-0.3946619927883148,0.8957471251487732,-11.753106117248535,0.006593406593406593,0.504812479019165,0.7289646863937378,9.997930526733398,0.0002442598925256473,0.5049906969070435,0.40382649168729323
gpqa_0043,-0.7047746777534485,1.3284543752670288,-19.437715530395508,0.013888888888888888,0.88206547498703,0.8053954839706421,9.95461368560791,0.0003473428273706148,0.7494925260543823,0.23510666006079736
gpqa_0044,-0.3435981273651123,0.7195075154304504,-13.352307319641113,0.0017094017094017094,0.5084133148193359,0.7411049604415894,10.768465042114258,0.0004885197850512946,0.3959772288799286,0.4013418855650537
gpqa_0045,-0.45977210998535156,0.8114177584648132,-12.807421684265137,0.0031746031746031746,0.6744277477264404,0.7521383166313171,9.997930526733398,0.0002442598925256473,0.47546079754829407,0.3013063040085303
gpqa_0046,-0.453157901763916,0.8162272572517395,-13.420092582702637,0.004395604395604396,0.6761981248855591,0.7316270470619202,9.997930526733398,0.0002442598925256473,0.6331295967102051,0.3235615153672082
gpqa_0047,-0.49246230721473694,0.8146890997886658,-14.119871139526367,0.003907203907203907,0.7149142026901245,0.753052830696106,9.997930526733398,0.0002442598925256473,0.6368892788887024,0.2086379666614779
gpqa_0048,-0.5088775157928467,0.9870758652687073,-13.1163330078125,0.00805860805860806,0.6916248798370361,0.7976300120353699,10.768465042114258,0.0004885197850512946,0.5846548080444336,0.24188364141226526
gpqa_0049,-0.5451770424842834,1.1305378675460815,-15.557130813598633,0.00875979714153988,0.7006410956382751,0.8327888250350952,10.777037620544434,0.0009225092250922509,0.7482761740684509,0.3614259178709413
gpqa_0050,-0.422541081905365,0.8144418001174927,-15.841883659362793,0.004151404151404151,0.606094479560852,0.686870276927948,10.768465042114258,0.0004885197850512946,0.5602239966392517,0.30614566198622084
gpqa_0051,-0.2817874550819397,0.8032147288322449,-15.18492603302002,0.004395604395604396,0.3586617708206177,0.6507817506790161,9.997930526733398,0.0002442598925256473,0.3843429386615753,0.47789180130691655
gpqa_0052,-0.4956034719944,0.8667688965797424,-17.391490936279297,0.004151404151404151,0.706557035446167,0.7363355159759521,9.997930526733398,0.0002442598925256473,0.6722269058227539,0.29304985321429505
gpqa_0053,-0.41201305389404297,0.8024059534072876,-11.787595748901367,0.00463980463980464,0.5787830352783203,0.7233003973960876,9.997930526733398,0.0002442598925256473,0.39250293374061584,0.31217704012847297
gpqa_0054,-0.45374491810798645,0.825793981552124,-17.188810348510742,0.003418803418803419,0.6691485047340393,0.7125408053398132,10.768465042114258,0.0004885197850512946,0.5761451125144958,0.22183840178083294
gpqa_0055,-0.382135272026062,0.783700704574585,-13.51613712310791,0.003907203907203907,0.5368805527687073,0.7102386355400085,9.997930526733398,0.0002442598925256473,0.42664268612861633,0.4069961945457522
gpqa_0056,-0.2715485095977783,0.7876161932945251,-13.209333419799805,0.003907203907203907,0.34427833557128906,0.6512631177902222,9.997930526733398,0.0002442598925256473,0.12415571510791779,0.5059063116127385
gpqa_0057,-0.5757943391799927,1.0244266986846924,-12.458426475524902,0.011824324324324325,0.8497152328491211,0.9423419833183289,10.024532318115234,0.0008453085376162299,0.8867371082305908,0.3758046042732565
gpqa_0058,-0.2860078513622284,0.7051749229431152,-11.6422119140625,0.0031746031746031746,0.39897409081459045,0.6618514060974121,9.997930526733398,0.0002442598925256473,0.3405655026435852,0.38062020409864156
gpqa_0059,-0.3660878539085388,1.0980912446975708,-29.76563262939453,0.008302808302808303,0.4363920986652374,0.7086647748947144,9.997930526733398,0.0002442598925256473,0.612578809261322,0.4371165367411502
gpqa_0060,-0.4675302505493164,0.9692580103874207,-18.540668487548828,0.005860805860805861,0.6593791246414185,0.7594428062438965,9.997930526733398,0.0002442598925256473,0.5235440135002136,0.3006179014288024
gpqa_0061,-0.5281387567520142,0.9967907667160034,-14.484467506408691,0.00927960927960928,0.7234196066856384,0.780301034450531,9.997930526733398,0.0002442598925256473,0.6937600374221802,0.20325280113545205
gpqa_0062,-0.39283621311187744,0.9860069751739502,-15.823346138000488,0.006837606837606838,0.47038570046424866,0.7271697521209717,9.997930526733398,0.0002442598925256473,0.5718145370483398,0.3885139405138747
gpqa_0063,-0.47209057211875916,1.0260339975357056,-16.618112564086914,0.009035409035409036,0.6030740737915039,0.731006920337677,9.997930526733398,0.0002442598925256473,0.5838179588317871,0.37922716443933635
gpqa_0064,-0.5087326765060425,1.0339173078536987,-15.23934555053711,0.00927960927960928,0.6698303818702698,0.7645214200019836,10.768465042114258,0.0004885197850512946,0.6159620881080627,0.30611792135890836
gpqa_0065,-0.5982954502105713,1.3323054313659668,-15.519269943237305,0.018367346938775512,0.6938872933387756,0.9233191013336182,9.95584487915039,0.0010214504596527069,0.6015104055404663,0.34201490557153
gpqa_0066,-0.42080435156822205,0.9089491963386536,-18.00249481201172,0.0050224689399947136,0.5567173361778259,0.7392640709877014,10.768465042114258,0.0005288207297726071,0.5543644428253174,0.3902138685694213
gpqa_0067,-0.4003503620624542,0.8961026072502136,-13.266329765319824,0.005372405372405372,0.5299502015113831,0.7010139226913452,9.997930526733398,0.0002442598925256473,0.6753169894218445,0.353204883620454
gpqa_0068,-0.42999714612960815,0.9256312847137451,-15.508402824401855,0.005372405372405372,0.5735681653022766,0.7402738928794861,9.997930526733398,0.0002442598925256473,0.5475835204124451,0.3829011527714422
gpqa_0069,-0.5121122002601624,0.9453373551368713,-14.974117279052734,0.006593406593406593,0.7063319683074951,0.7406073808670044,9.997930526733398,0.0002442598925256473,0.6834089159965515,0.2753874057557629
gpqa_0070,-0.34486469626426697,0.8754319548606873,-16.138935089111328,0.0048638132295719845,0.448843389749527,0.7172079086303711,9.997930526733398,0.0003243593902043464,0.47921279072761536,0.3940008205887166
gpqa_0071,-0.5424156785011292,0.9638289213180542,-11.6422119140625,0.009035409035409036,0.7373113632202148,0.8136086463928223,9.997930526733398,0.0002442598925256473,0.7004242539405823,0.3058978793163098
gpqa_0072,-0.39280256628990173,1.110543131828308,-13.698573112487793,0.011857707509881422,0.4315754771232605,0.7866671681404114,10.024532318115234,0.0007911392405063291,0.3956350088119507,0.5273066788038021
gpqa_0073,-0.33824843168258667,0.8903790712356567,-20.56253433227539,0.004205467107239411,0.45136168599128723,0.7190375924110413,10.768465042114258,0.0006009615384615385,0.4843379855155945,0.4635951858223122
gpqa_0074,-0.7732178568840027,1.324741005897522,-18.021800994873047,0.013513513513513514,0.9536380171775818,0.8878878951072693,10.768465042114258,0.000563221627710504,0.7361067533493042,0.2931756524885907
gpqa_0075,-0.9106127023696899,1.7011085748672485,-21.54314422607422,0.027303754266211604,1.0574208498001099,0.8996610045433044,10.003660202026367,0.0005691519635742744,0.836554765701294,0.2694508271721815
gpqa_0076,-0.4750971794128418,0.8265035152435303,-11.6422119140625,0.004151404151404151,0.6804330945014954,0.7763408422470093,9.997930526733398,0.0002442598925256473,0.5705757737159729,0.24587273786239533
gpqa_0077,-0.4746363162994385,0.9738855361938477,-15.587902069091797,0.00805860805860806,0.6203179955482483,0.7657698392868042,9.997930526733398,0.0002442598925256473,0.3615795373916626,0.383227380422573
gpqa_0078,-0.521716296672821,0.8954832553863525,-13.1163330078125,0.00463980463980464,0.7116374373435974,0.7871653437614441,10.768465042114258,0.0004885197850512946,0.674317479133606,0.2538556049984394
gpqa_0079,-0.351410835981369,0.8164915442466736,-13.1736478805542,0.004395604395604396,0.4783821403980255,0.6638579368591309,10.768465042114258,0.0004885197850512946,0.4845214784145355,0.3582490376806143
gpqa_0080,-0.4589172303676605,0.9544692039489746,-16.577014923095703,0.006593406593406593,0.6162014007568359,0.7508741021156311,10.768465042114258,0.0004885197850512946,0.6537990570068359,0.3037077955680925
gpqa_0081,-0.4908261001110077,0.9093266129493713,-11.6422119140625,0.006776034236804565,0.6844089031219482,0.7727949619293213,9.997930526733398,0.00035676061362825543,0.7138959765434265,0.27731308016061373
gpqa_0082,-0.29923924803733826,0.8128644227981567,-13.884757995605469,0.00463980463980464,0.3710375428199768,0.6230983138084412,9.997930526733398,0.0002442598925256473,0.28665223717689514,0.44643574890348636
gpqa_0083,-0.9910274147987366,1.9305353164672852,-14.001152038574219,0.04950495049504951,0.8827865719795227,1.057769536972046,10.756327629089355,0.0028328611898017,0.8228506445884705,0.3253241852234213
gpqa_0084,-0.436180979013443,1.0554391145706177,-15.36116886138916,0.007960199004975124,0.5413616299629211,0.7464674711227417,9.997930526733398,0.00033178500331785003,0.27209973335266113,0.4464034839458475
gpqa_0085,-0.5250723361968994,0.956352949142456,-14.451931953430176,0.00757020757020757,0.7191769480705261,0.7870128750801086,9.997930526733398,0.0002442598925256473,0.6237112283706665,0.26937068116638674
gpqa_0086,-0.5457570552825928,0.8808304667472839,-14.686304092407227,0.004884004884004884,0.7828907370567322,0.7888633012771606,9.997930526733398,0.0002442598925256473,0.7260348796844482,0.23954265864281488
gpqa_0087,-1.193933129310608,2.011638879776001,-14.728541374206543,0.05010438413361169,1.210640549659729,1.086102843284607,10.736248016357422,0.0020898641588296763,1.0416843891143799,0.23258059505392173
gpqa_0088,-0.5602908730506897,0.941604495048523,-15.381185531616211,0.006593406593406593,0.7870054244995117,0.7934879660606384,9.997930526733398,0.0002442598925256473,0.7178100347518921,0.24885550203650242
gpqa_0089,-0.5011688470840454,0.799213707447052,-11.86928939819336,0.003663003663003663,0.7563128471374512,0.800658643245697,9.997930526733398,0.0002442598925256473,0.6506931185722351,0.23712292419972217
gpqa_0090,-0.43371137976646423,0.7631447911262512,-11.6422119140625,0.0031746031746031746,0.6340705752372742,0.7124606966972351,9.997930526733398,0.0002442598925256473,0.5208864212036133,0.2625450432460882
gpqa_0091,-0.41630133986473083,0.8877071142196655,-15.3281888961792,0.004884004884004884,0.5592737793922424,0.7331006526947021,10.768465042114258,0.0004885197850512946,0.5983203649520874,0.32168307044344746
gpqa_0092,-0.4729527235031128,1.0472984313964844,-16.41874122619629,0.008791208791208791,0.5911961793899536,0.782630980014801,9.997930526733398,0.0002442598925256473,0.7298515439033508,0.42638964932371204
gpqa_0093,-0.4970378279685974,0.883166491985321,-13.956803321838379,0.005616605616605617,0.7210518717765808,0.8014803528785706,9.997930526733398,0.0002442598925256473,0.5974889397621155,0.3166258405676911
gpqa_0094,-0.5399891138076782,0.9272450804710388,-14.665407180786133,0.005860805860805861,0.7424160838127136,0.7995900511741638,9.997930526733398,0.0002442598925256473,0.6158607006072998,0.2994013221248755
gpqa_0095,-0.29390475153923035,0.7210991978645325,-13.1163330078125,0.003663003663003663,0.41343384981155396,0.6618040204048157,10.768465042114258,0.0004885197850512946,0.2348475605249405,0.4195720823637427
gpqa_0096,-0.8807489275932312,1.3899409770965576,-14.231159210205078,0.01800486618004866,1.150266408920288,0.9788403511047363,10.003660202026367,0.0004868549172346641,1.037276268005371,0.2506893507429443
gpqa_0097,-0.431110143661499,0.816425621509552,-13.718012809753418,0.004884004884004884,0.6330472826957703,0.7424229383468628,9.997930526733398,0.0002442598925256473,0.5618495345115662,0.2555422507620656
gpqa_0098,-0.45475253462791443,0.8456457257270813,-13.275652885437012,0.005860805860805861,0.615409791469574,0.6887973546981812,9.997930526733398,0.0002442598925256473,0.5140721797943115,0.27315800707172794
gpqa_0099,-0.5368301272392273,0.8486419320106506,-15.507678031921387,0.003907203907203907,0.7852849364280701,0.8051406145095825,9.997930526733398,0.0002442598925256473,0.6482370495796204,0.24998723926592128
gpqa_0100,-0.5106452703475952,0.9192235469818115,-14.155054092407227,0.005128205128205128,0.7460317611694336,0.8290109634399414,10.768465042114258,0.0004885197850512946,0.6394171118736267,0.2249728930370025
gpqa_0101,-0.7467072010040283,1.4549357891082764,-19.67533302307129,0.02026862026862027,0.8988494277000427,0.8958778381347656,9.997930526733398,0.0002442598925256473,0.6328801512718201,0.3597235281558382
gpqa_0102,-0.4761219918727875,0.8370082974433899,-11.6422119140625,0.004884004884004884,0.6818186640739441,0.7486580014228821,9.997930526733398,0.0002442598925256473,0.6996116638183594,0.28927734334475375
gpqa_0103,-0.4198942184448242,1.1262840032577515,-17.687522888183594,0.012528473804100227,0.4674438536167145,0.7155975103378296,9.997930526733398,0.0002848191398461977,0.4941147267818451,0.3999356057983916
gpqa_0104,-0.3569158613681793,0.8531657457351685,-13.1163330078125,0.006349206349206349,0.4869081377983093,0.7003000378608704,10.768465042114258,0.0004885197850512946,0.3232277035713196,0.43719009379647944
gpqa_0105,-0.5116633176803589,0.9496403932571411,-12.507943153381348,0.006837606837606838,0.7276126742362976,0.8059791326522827,9.997930526733398,0.0002442598925256473,0.5451892614364624,0.3278867070402952
gpqa_0106,-0.9888777136802673,1.6949282884597778,-15.976577758789062,0.03574397339983375,1.0215352773666382,0.9589596390724182,10.024532318115234,0.0008319467554076539,0.9840936064720154,0.315382097023639
gpqa_0107,-0.4012930393218994,0.9427387118339539,-15.143228530883789,0.006733099919202801,0.5153796076774597,0.7459902763366699,10.768465042114258,0.0005387931034482759,0.261221706867218,0.40873434147911286
gpqa_0108,-0.5495430827140808,1.1005122661590576,-16.03319549560547,0.00927960927960928,0.679871141910553,0.7412139773368835,9.997930526733398,0.0002442598925256473,0.6137911677360535,0.3394799699318771
gpqa_0109,-0.49606621265411377,1.103234887123108,-15.688372611999512,0.01098901098901099,0.6171344518661499,0.8009588718414307,10.768465042114258,0.0004885197850512946,0.3211561143398285,0.39527026744448174
gpqa_0110,-0.5268007516860962,0.9354127645492554,-17.36026382446289,0.00757020757020757,0.7344434261322021,0.7816406488418579,9.997930526733398,0.0002442598925256473,0.6566178798675537,0.24056882297940957
gpqa_0111,-0.3318261206150055,0.937245786190033,-13.1163330078125,0.007405448294102089,0.40711820125579834,0.6974283456802368,10.768465042114258,0.0005291005291005291,0.540045976638794,0.39372372464837374
gpqa_0112,-0.4748897850513458,0.7789103984832764,-11.6422119140625,0.003663003663003663,0.6988524198532104,0.7566752433776855,9.997930526733398,0.0002442598925256473,0.567995548248291,0.3088669124639155
gpqa_0113,-0.5150339007377625,0.831497848033905,-12.516195297241211,0.004395604395604396,0.7472023367881775,0.7946319580078125,9.997930526733398,0.0002442598925256473,0.7638532519340515,0.29272077111421946
gpqa_0114,-0.3706189692020416,0.9181736707687378,-18.956968307495117,0.005169628432956382,0.4901892840862274,0.7180734276771545,10.768465042114258,0.0006464124111182935,0.5058632493019104,0.39591394552912246
gpqa_0115,-0.5138686299324036,0.8927550911903381,-13.956100463867188,0.004884004884004884,0.7249024510383606,0.7545174360275269,9.997930526733398,0.0002442598925256473,0.5816972255706787,0.2228959574315613
gpqa_0116,-0.41276663541793823,0.8437032103538513,-15.690479278564453,0.005128205128205128,0.5866495966911316,0.6934192776679993,9.997930526733398,0.0002442598925256473,0.45031291246414185,0.23751649716095416
gpqa_0117,-0.49648234248161316,0.7695648074150085,-12.252462387084961,0.0031746031746031746,0.7731489539146423,0.786835789680481,9.997930526733398,0.0002442598925256473,0.6575384736061096,0.2855238079829266
gpqa_0118,-0.5635303258895874,1.059546709060669,-17.054622650146484,0.009035409035409036,0.7652781009674072,0.7935582399368286,9.997930526733398,0.0002442598925256473,0.6381840705871582,0.2422923206042261
gpqa_0119,-0.4236297011375427,0.8698374629020691,-18.332521438598633,0.003663003663003663,0.5786654949188232,0.7348384857177734,10.768465042114258,0.0004885197850512946,0.6281164288520813,0.3133089558814108
gpqa_0120,-0.5104475021362305,0.8922612071037292,-13.634366989135742,0.004884004884004884,0.704065203666687,0.7299162149429321,9.997930526733398,0.0002442598925256473,0.7139813303947449,0.2706021892173009
gpqa_0121,-0.47103986144065857,0.8323549032211304,-13.246772766113281,0.004884004884004884,0.6946658492088318,0.7615215182304382,10.768465042114258,0.0004885197850512946,0.5483075976371765,0.27949989431450234
gpqa_0122,-0.4010222256183624,0.9915519952774048,-14.442766189575195,0.00944206008583691,0.49103227257728577,0.7337279915809631,9.997930526733398,0.00042936882782310007,0.4214046001434326,0.3956387866257511
gpqa_0123,-0.4687790274620056,1.0783371925354004,-19.106334686279297,0.009035409035409036,0.595836341381073,0.7420530915260315,9.997930526733398,0.0002442598925256473,0.3629465699195862,0.338411344393818
gpqa_0124,-0.4382323920726776,0.9228315949440002,-17.00722885131836,0.0047875523638539795,0.5955255627632141,0.7573588490486145,9.997930526733398,0.000299311583358276,0.570610523223877,0.33989192683631475
gpqa_0125,-0.5183824896812439,0.99802565574646,-12.989091873168945,0.007814407814407814,0.671683669090271,0.7785255908966064,9.997930526733398,0.0002442598925256473,0.6638725996017456,0.2902622734125359
gpqa_0126,-0.47291257977485657,0.8240566849708557,-18.693140029907227,0.0031746031746031746,0.7019944190979004,0.804289698600769,9.997930526733398,0.0002442598925256473,0.7402865290641785,0.386214165269008
gpqa_0127,-0.6278331279754639,1.079105257987976,-14.697304725646973,0.009523809523809525,0.8468039631843567,0.848909854888916,9.997930526733398,0.0002442598925256473,0.6556941866874695,0.33025287499138756
gpqa_0128,-0.5111595988273621,0.900280237197876,-14.506558418273926,0.005860805860805861,0.7099146246910095,0.7692657709121704,9.997930526733398,0.0002442598925256473,0.7042445540428162,0.3085944686113514
gpqa_0129,-0.5189418196678162,1.0346271991729736,-11.905326843261719,0.010828625235404897,0.6876053810119629,0.8426441550254822,10.003660202026367,0.0004710315591144607,0.4900117516517639,0.41065722250254444
gpqa_0130,-0.5105668902397156,0.8926131725311279,-12.381429672241211,0.005372405372405372,0.7019497156143188,0.7836546897888184,9.997930526733398,0.0002442598925256473,0.6130362749099731,0.30610266663547886
gpqa_0131,-0.4496335983276367,0.8306705951690674,-15.54024600982666,0.004151404151404151,0.6287547945976257,0.7572219371795654,9.997930526733398,0.0002442598925256473,0.40010344982147217,0.3998966566624648
gpqa_0132,-0.31170448660850525,0.7636860609054565,-15.327731132507324,0.0029304029304029304,0.43168842792510986,0.6895889043807983,9.997930526733398,0.0002442598925256473,0.3731066882610321,0.4342266714473515
gpqa_0133,-0.3037836253643036,0.6723544597625732,-11.6422119140625,0.002442002442002442,0.41485846042633057,0.6596019864082336,9.997930526733398,0.0002442598925256473,0.5195078253746033,0.3847258351109945
gpqa_0134,-0.4889633059501648,1.1322602033615112,-14.313395500183105,0.012601626016260163,0.606845498085022,0.8306238651275635,9.997930526733398,0.00040666937779585197,0.6853668689727783,0.45768912151547003
gpqa_0135,-0.40438419580459595,0.9696683883666992,-14.937731742858887,0.008722741433021807,0.5169582962989807,0.728812038898468,10.003660202026367,0.0006234413965087282,0.5398117303848267,0.4461789016942249
gpqa_0136,-0.5516240000724792,1.0048513412475586,-16.875015258789062,0.008791208791208791,0.7739578485488892,0.7735554575920105,9.997930526733398,0.0002442598925256473,0.674606442451477,0.2868159135822025
gpqa_0137,-0.6353590488433838,1.0221391916275024,-19.506311416625977,0.00805860805860806,0.8674378395080566,0.7902219295501709,9.997930526733398,0.0002442598925256473,0.8235593438148499,0.2248078262842105
gpqa_0138,-0.47834327816963196,0.8945248126983643,-14.613436698913574,0.005860805860805861,0.6913289427757263,0.7950140833854675,9.997930526733398,0.0002442598925256473,0.5936838984489441,0.24531267362074383
gpqa_0139,-0.5721654891967773,1.0837907791137695,-15.924601554870605,0.010744810744810745,0.7499394416809082,0.8328846096992493,9.997930526733398,0.0002442598925256473,0.6718904972076416,0.28587389325379736
gpqa_0140,-0.4277437925338745,0.7480124235153198,-14.081042289733887,0.002686202686202686,0.6497540473937988,0.7119502425193787,9.997930526733398,0.0002442598925256473,0.6000328063964844,0.2874069143116273
gpqa_0141,-0.5322133898735046,1.3850762844085693,-11.627538681030273,0.02127659574468085,0.5427858829498291,0.9356836676597595,9.928878784179688,0.0014204545454545455,0.6728196144104004,0.4710409217074926
gpqa_0142,-0.4395207166671753,0.9357750415802002,-14.736519813537598,0.008302808302808303,0.5891308188438416,0.7241553068161011,9.997930526733398,0.0002442598925256473,0.46193549036979675,0.35148814666917094
gpqa_0143,-0.3557053804397583,0.8676707744598389,-15.956659317016602,0.005128205128205128,0.45628952980041504,0.6853975653648376,10.768465042114258,0.0004885197850512946,0.5383105278015137,0.3928155521422778
gpqa_0144,-0.34198302030563354,0.6719271540641785,-12.20041275024414,0.0014652014652014652,0.5219718217849731,0.7005226016044617,9.997930526733398,0.0002442598925256473,0.5096018314361572,0.31534033822413515
gpqa_0145,-0.47462403774261475,0.8163007497787476,-12.250038146972656,0.003907203907203907,0.693514883518219,0.7653708457946777,9.997930526733398,0.0002442598925256473,0.6047770380973816,0.21762304554566853
gpqa_0146,-0.38823309540748596,0.8031072616577148,-15.080172538757324,0.003907203907203907,0.5373509526252747,0.6751529574394226,10.768465042114258,0.0004885197850512946,0.542934000492096,0.40647253880811113
gpqa_0147,-0.5578778982162476,1.0814080238342285,-20.289663314819336,0.008547008547008548,0.7182567119598389,0.7864017486572266,9.997930526733398,0.0002442598925256473,0.6005748510360718,0.32024714830717477
gpqa_0148,-0.8054754734039307,1.230863094329834,-14.631853103637695,0.015098314606741573,0.9823563694953918,0.8224928975105286,9.95461368560791,0.00035124692658939234,0.7943471670150757,0.256893054000232
gpqa_0149,-0.5415356755256653,0.944794237613678,-15.024107933044434,0.005860805860805861,0.7387862205505371,0.7820687294006348,9.997930526733398,0.0002442598925256473,0.6379679441452026,0.2688898629958587
gpqa_0150,-0.3166670501232147,0.8830350637435913,-18.15340232849121,0.004883546205860256,0.4170641005039215,0.7049655914306641,9.997930526733398,0.0003757985719654265,0.45030954480171204,0.4792904234773407
gpqa_0151,-0.7775870561599731,1.5005676746368408,-12.019463539123535,0.026499302649930265,0.9116624593734741,0.9503562450408936,9.966222763061523,0.0006978367062107466,0.8970181941986084,0.2781015655541214
gpqa_0152,-0.4729119539260864,1.0579509735107422,-16.754928588867188,0.008791208791208791,0.6194865107536316,0.7321000099182129,9.997930526733398,0.0002442598925256473,0.49745383858680725,0.28881735241224865
gpqa_0153,-0.4544127285480499,0.8168089389801025,-11.6422119140625,0.004395604395604396,0.6462681889533997,0.7361920475959778,9.997930526733398,0.0002442598925256473,0.6697648763656616,0.2903394731786456
gpqa_0154,-0.3624911904335022,0.9894187450408936,-13.129549026489258,0.01036036036036036,0.40681394934654236,0.7113747596740723,10.742790222167969,0.0009013068949977468,0.38093987107276917,0.4584385139110273
gpqa_0155,-0.38679826259613037,0.9619898796081543,-14.264260292053223,0.00805860805860806,0.5014416575431824,0.6956573724746704,9.997930526733398,0.0002442598925256473,0.5142415761947632,0.3587756657321083
gpqa_0156,-0.8397136330604553,1.2770484685897827,-13.446451187133789,0.014533520862634786,1.065632700920105,0.8813045620918274,10.777037620544434,0.0009380863039399625,1.043022871017456,0.161363672200259
gpqa_0157,-0.6153125762939453,1.083778977394104,-18.483844757080078,0.010012210012210013,0.8330909013748169,0.7886964082717896,9.997930526733398,0.0002442598925256473,0.7220816612243652,0.2228810401331898
gpqa_0158,-0.4145376682281494,0.8243304491043091,-13.1163330078125,0.004151404151404151,0.5556633472442627,0.7394363284111023,10.768465042114258,0.0004885197850512946,0.45988932251930237,0.40671315973904776
gpqa_0159,-0.5004576444625854,0.9436721801757812,-13.687788963317871,0.005860805860805861,0.6902720928192139,0.7819420695304871,10.768465042114258,0.0004885197850512946,0.5824257135391235,0.31663490529984195
gpqa_0160,-0.5852698683738708,1.163272738456726,-14.386192321777344,0.012183392112856685,0.7107679843902588,0.7964510321617126,9.997930526733398,0.00032071840923669016,0.683667004108429,0.31038594556252297
gpqa_0161,-0.3110566735267639,0.7805507779121399,-17.313663482666016,0.003907203907203907,0.4247918128967285,0.6718692779541016,9.997930526733398,0.0002442598925256473,0.24755561351776123,0.41431410259943674
gpqa_0162,-0.31730547547340393,0.7135159373283386,-12.625896453857422,0.0029304029304029304,0.44151607155799866,0.649448573589325,9.997930526733398,0.0002442598925256473,0.38482433557510376,0.3843318550450979
gpqa_0163,-0.30824342370033264,0.7224732637405396,-13.061369895935059,0.003418803418803419,0.4102969467639923,0.6396185159683228,9.997930526733398,0.0002442598925256473,0.15501505136489868,0.41452885581931287
gpqa_0164,-1.0435051918029785,2.0361874103546143,-15.774760246276855,0.0412796697626419,0.984544038772583,0.9700589179992676,9.95584487915039,0.0010330578512396695,0.8595221638679504,0.34942639826345645
gpqa_0165,-0.6620333790779114,1.1208842992782593,-16.318384170532227,0.010500610500610501,0.8466626405715942,0.8268458247184753,9.997930526733398,0.0002442598925256473,0.6245269179344177,0.32721626894160083
gpqa_0166,-0.4616263806819916,0.9539526700973511,-15.626279830932617,0.006593406593406593,0.621008038520813,0.7447428703308105,10.768465042114258,0.0004885197850512946,0.6119893789291382,0.33268770458272484
gpqa_0167,-0.7233219742774963,1.386369228363037,-15.558894157409668,0.01764705882352941,0.9390915632247925,0.899503231048584,9.986565589904785,0.0006540222367560497,0.7565164566040039,0.3360555779667443
gpqa_0168,-0.4990212917327881,0.9610869884490967,-13.456633567810059,0.006593406593406593,0.6541700959205627,0.7227487564086914,10.768465042114258,0.0004885197850512946,0.32972055673599243,0.3486784475573495
gpqa_0169,-0.34486162662506104,0.881240725517273,-19.00408935546875,0.005387484459179445,0.45323503017425537,0.7152038216590881,10.768465042114258,0.0008291873963515755,0.361486554145813,0.42134348132124566
gpqa_0170,-0.5146307945251465,0.8795633316040039,-13.1163330078125,0.004395604395604396,0.7373774647712708,0.8112108111381531,10.768465042114258,0.0004885197850512946,0.7232425212860107,0.33781889367133183
gpqa_0171,-0.32185736298561096,0.9601618051528931,-13.824049949645996,0.00715307582260372,0.37043869495391846,0.7123172879219055,9.997930526733398,0.00035778175313059033,0.2733360230922699,0.5536360576284592
gpqa_0172,-0.3346804976463318,1.0003801584243774,-13.288752555847168,0.00772573635924674,0.3821265399456024,0.6742040514945984,10.003660202026367,0.0004830917874396135,0.3870387077331543,0.448404096814953
gpqa_0173,-0.2888745367527008,0.7972285747528076,-14.617287635803223,0.003418803418803419,0.3630993664264679,0.6360235214233398,10.768465042114258,0.0004885197850512946,0.2560228705406189,0.44539849935748405
gpqa_0174,-0.4635399281978607,0.9564085006713867,-14.942497253417969,0.006593406593406593,0.6157897710800171,0.7270981669425964,10.768465042114258,0.0004885197850512946,0.48393484950065613,0.3201195379743037
gpqa_0175,-0.28591784834861755,0.7897481918334961,-20.559619903564453,0.004884004884004884,0.3888711631298065,0.6462808847427368,9.997930526733398,0.0002442598925256473,0.378445029258728,0.41274635554423134
gpqa_0176,-0.7257837057113647,1.3929505348205566,-16.98600959777832,0.01471727343144849,0.8446846008300781,0.9239415526390076,9.974030494689941,0.0007751937984496124,0.7044192552566528,0.3427736655157494
gpqa_0177,-0.4510141611099243,0.8745289444923401,-12.60246753692627,0.00463980463980464,0.6391729712486267,0.7296411395072937,9.997930526733398,0.0002442598925256473,0.644005537033081,0.3647264270218415
gpqa_0178,-0.4087953567504883,0.9063778519630432,-13.1163330078125,0.007326007326007326,0.5097450017929077,0.720238447189331,10.768465042114258,0.0004885197850512946,0.4447528123855591,0.3826045619180943
gpqa_0179,-0.3326665461063385,0.787161648273468,-13.1163330078125,0.004151404151404151,0.4348188042640686,0.6678412556648254,10.768465042114258,0.0004885197850512946,0.29872944951057434,0.39487247145635085
gpqa_0180,-0.5517701506614685,0.9582197666168213,-15.145142555236816,0.00805860805860806,0.7861942648887634,0.7828944325447083,9.997930526733398,0.0002442598925256473,0.6575401425361633,0.36053582548624136
gpqa_0181,-0.9262859225273132,1.7544370889663696,-15.174995422363281,0.032432432432432434,0.9947989583015442,1.0695202350616455,9.956210136413574,0.0013531799729364006,0.8551378846168518,0.327712408243154
gpqa_0182,-0.3894394040107727,0.7387180924415588,-11.6422119140625,0.003418803418803419,0.5854339003562927,0.720775842666626,9.997930526733398,0.0002442598925256473,0.47901129722595215,0.3508803543839743
gpqa_0183,-0.49577128887176514,0.9002444744110107,-12.820003509521484,0.005616605616605617,0.7037829756736755,0.7985956072807312,9.997930526733398,0.0002442598925256473,0.5482940077781677,0.30168446893270207
gpqa_0184,-0.2956407964229584,0.7793337106704712,-14.625262260437012,0.004176904176904177,0.3836439549922943,0.6540845632553101,9.997930526733398,0.0002457606291472106,0.25534382462501526,0.4326600513893831
gpqa_0185,-0.47224265336990356,0.8774142265319824,-13.124787330627441,0.0051635111876075735,0.6686381697654724,0.7693004608154297,9.997930526733398,0.00028694404591104734,0.6163223385810852,0.26322596811514215
gpqa_0186,-0.3747766613960266,1.006603717803955,-14.645188331604004,0.00757020757020757,0.4475211799144745,0.7084474563598633,9.997930526733398,0.0002442598925256473,0.17188549041748047,0.3817299372609919
gpqa_0187,-0.394320547580719,0.7600874304771423,-12.688132286071777,0.0031746031746031746,0.5613741874694824,0.7295645475387573,9.997930526733398,0.0002442598925256473,0.5721976161003113,0.37115272001753635
gpqa_0188,-0.6005574464797974,1.353866457939148,-18.363513946533203,0.014332965821389196,0.788877010345459,0.9615235924720764,10.003660202026367,0.0011037527593818985,0.7659062147140503,0.38470785470476687
gpqa_0189,-0.4290517568588257,0.9019461870193481,-15.022555351257324,0.005616605616605617,0.61394864320755,0.7776463031768799,9.997930526733398,0.0002442598925256473,0.42401647567749023,0.31713307106412025
gpqa_0190,-0.45927658677101135,0.8575782775878906,-15.625059127807617,0.004395604395604396,0.672460675239563,0.754967451095581,9.997930526733398,0.0002442598925256473,0.6882427930831909,0.18732709045016108
gpqa_0191,-0.4301672577857971,0.8742750287055969,-15.6209077835083,0.005616605616605617,0.5824316740036011,0.6972237229347229,9.997930526733398,0.0002442598925256473,0.6115977764129639,0.3069542483690652
gpqa_0192,-0.40368062257766724,0.9769863486289978,-19.04641342163086,0.0061162079510703364,0.5404549837112427,0.7191171050071716,9.997930526733398,0.0003059039461609055,0.38715770840644836,0.3640894102120309
gpqa_0193,-0.36474278569221497,0.8766699433326721,-16.125179290771484,0.004267425320056899,0.4860554337501526,0.7548590898513794,10.768465042114258,0.000711490572749911,0.5870144367218018,0.4415397443571669
gpqa_0194,-0.48441264033317566,0.875527024269104,-13.1163330078125,0.005128205128205128,0.6844218969345093,0.7943293452262878,10.768465042114258,0.0004885197850512946,0.40491604804992676,0.275881225955785
gpqa_0195,-0.4767603874206543,1.1418622732162476,-14.000336647033691,0.009715475364330326,0.5579715967178345,0.8527446389198303,10.76284122467041,0.001388888888888889,0.46090179681777954,0.453341630121687
gpqa_0196,-0.5474838614463806,0.9243707656860352,-15.370471000671387,0.006593406593406593,0.7597582340240479,0.7858039736747742,9.997930526733398,0.0002442598925256473,0.7134656310081482,0.23779655462790478
gpqa_0197,-0.3244191110134125,0.7611334323883057,-12.147300720214844,0.003663003663003663,0.45588406920433044,0.7240620255470276,9.997930526733398,0.0002442598925256473,0.5434789657592773,0.5293244817178808
