item_id,dataset,is_correct,g_n_nodes,g_n_edges,g_edge_density,g_avg_in_degree,g_avg_out_degree,g_avg_clustering,g_approx_diameter,g_betweenness_centralization,g_eigenvector_centralization,g_modularity,g_largest_scc_frac,g_cycles_leq5,g_spectral_radius,g_von_neumann_entropy,g_small_world_sigma
gpqa_0000,gpqa_diamond_qwen7b,1,212.0,12483.0,0.27906196906018066,58.882075471698116,58.882075471698116,0.9044380690402004,4.0,0.012972574768250767,0.02182799619137056,0.11369770236420255,0.0047169811320754715,0.0,6.776624566097061,0.9892128789328358,1.0
gpqa_0001,gpqa_diamond_qwen7b,1,538.0,48356.0,0.16737624002270635,89.88104089219331,89.88104089219331,0.9617076262419054,4.0,0.007387059231337387,0.03133767179957739,0.33251440432707347,0.0018587360594795538,0.0,6.587439078900218,0.9909464946963111,1.6347634938494624
gpqa_0002,gpqa_diamond_qwen7b,1,153.0,8604.0,0.369969040247678,56.23529411764706,56.23529411764706,0.8933271077563737,3.0,0.02504935369009816,0.013099496478575445,0.08549242039496131,0.006535947712418301,0.0,7.309306664970793,0.9902258027649974,1.0
gpqa_0003,gpqa_diamond_qwen7b,0,65.0,1512.0,0.36346153846153845,23.26153846153846,23.26153846153846,0.8595430243035467,4.0,0.0331812982116487,0.020299954954073537,0.09538970380971352,0.015384615384615385,0.0,5.9336070871288005,0.9839494557665078,1.0
gpqa_0004,gpqa_diamond_qwen7b,1,179.0,12190.0,0.38258740819785325,68.10055865921788,68.10055865921788,0.9033639161202559,4.0,0.019339635779527763,0.010675349742504598,0.07502853007585036,0.00558659217877095,0.0,7.955590038050671,0.9921803358093105,1.0
gpqa_0005,gpqa_diamond_qwen7b,0,678.0,108105.0,0.23551979712683493,159.44690265486724,159.44690265486724,0.967932686227926,4.0,0.005047922036475609,0.016417585742198423,0.15685492479168342,0.0014749262536873156,0.0,8.19441175083897,0.9924709823472567,1.0
gpqa_0006,gpqa_diamond_qwen7b,0,528.0,77079.0,0.2770075038813179,145.98295454545453,145.98295454545453,0.9660427721423728,4.0,0.007746912408483778,0.014224748575456008,0.13482721442308165,0.001893939393939394,0.0,8.207511748723585,0.9924685193751388,1.0
gpqa_0007,gpqa_diamond_qwen7b,0,326.0,38441.0,0.36282208588957054,117.91717791411043,117.91717791411043,0.9563366510226345,3.0,0.004895806814973187,0.009373028085144194,0.029118180036125707,0.003067484662576687,0.0,8.499777667888765,0.9937981678314954,1.0
gpqa_0008,gpqa_diamond_qwen7b,0,67.0,1435.0,0.3245137946630484,21.417910447761194,21.417910447761194,0.8405242282150192,3.0,0.034090687408418724,0.029919042801221648,0.04391866783996044,0.014925373134328358,0.0,5.57223918266945,0.9832816118773214,1.0
gpqa_0009,gpqa_diamond_qwen7b,0,297.0,19371.0,0.22034534534534533,65.22222222222223,65.22222222222223,0.9347191322857614,4.0,0.015858729799681455,0.027251040565429145,0.18855415665252656,0.003367003367003367,0.0,6.872930439847512,0.9890044132938738,1.0
gpqa_0010,gpqa_diamond_qwen7b,1,91.0,1901.0,0.23211233211233212,20.89010989010989,20.89010989010989,0.8398252641860652,4.0,0.028234729524746358,0.04654296121578298,0.14470736321646338,0.01098901098901099,0.0,5.499157159236624,0.9817189755732283,1.0
gpqa_0011,gpqa_diamond_qwen7b,1,175.0,13081.0,0.42958949096880134,74.74857142857142,74.74857142857142,0.9263216588405287,3.0,0.010786006077770987,0.006261129607865169,0.05511979572014185,0.005714285714285714,0.0,8.183322256351179,0.9934658646987129,1.0
gpqa_0012,gpqa_diamond_qwen7b,0,450.0,34212.0,0.16932442464736452,76.02666666666667,76.02666666666667,0.9666835985705899,4.0,0.008922885083861843,0.036295195660835104,0.3341441585357834,0.0022222222222222222,0.0,5.601575151390129,0.9898688046400396,1.849341608947015
gpqa_0013,gpqa_diamond_qwen7b,1,28.0,329.0,0.4351851851851852,11.75,11.75,0.8881469979296067,2.0,0.034298140578333816,0.012669311260601543,0.048382370160057836,0.03571428571428571,0.0,4.827345534182216,0.977539406185631,1.0
gpqa_0014,gpqa_diamond_qwen7b,1,744.0,171407.0,0.3100750372653729,230.38575268817203,230.38575268817203,0.9712564726474219,4.0,0.004812955706484927,0.009512829505478392,0.09298085934208962,0.0013440860215053765,0.0,9.16568681754803,0.9947746735082819,1.0
gpqa_0015,gpqa_diamond_qwen7b,0,411.0,42138.0,0.2500623108420865,102.52554744525547,102.52554744525547,0.9602212705722893,4.0,0.0073693449313755,0.019484512868988713,0.14932726599206916,0.0024330900243309003,0.0,7.354055766630436,0.9916331005474337,1.0
gpqa_0016,gpqa_diamond_qwen7b,1,53.0,732.0,0.2656023222060958,13.81132075471698,13.81132075471698,0.7592847706551777,4.0,0.04734191879457366,0.050398907295447014,0.09907536785756998,0.018867924528301886,0.0,4.701134116482326,0.9765592169268963,1.0
gpqa_0017,gpqa_diamond_qwen7b,1,186.0,10228.0,0.2972391746585295,54.98924731182796,54.98924731182796,0.9029607389291661,4.0,0.013426735102249645,0.020682697171000464,0.08023619060527507,0.005376344086021506,0.0,6.838114645469345,0.9891710335474903,1.0
gpqa_0018,gpqa_diamond_qwen7b,0,693.0,138217.0,0.28821868561752956,199.44733044733044,199.44733044733044,0.9785166583679922,4.0,0.004345708541330452,0.011955938512878968,0.1330113522728482,0.001443001443001443,0.0,8.704482625942305,0.9945979535504758,1.0
gpqa_0019,gpqa_diamond_qwen7b,1,142.0,5026.0,0.25102387373888724,35.394366197183096,35.394366197183096,0.8984474477372459,4.0,0.01738133215433691,0.03349645089356364,0.1514405380684279,0.007042253521126761,0.0,5.899522181121569,0.9863620791752871,1.0
gpqa_0020,gpqa_diamond_qwen7b,1,335.0,24713.0,0.220868710340513,73.77014925373135,73.77014925373135,0.9483194533515001,4.0,0.007379174852363629,0.02901490376007225,0.23834993460549542,0.0029850746268656717,0.0,6.174476869177992,0.9907760452642266,1.0
gpqa_0021,gpqa_diamond_qwen7b,0,44.0,619.0,0.32716701902748413,14.068181818181818,14.068181818181818,0.8011976381461676,4.0,0.04050571072729321,0.03751786789103073,0.10985888265480995,0.022727272727272728,0.0,5.027794988141416,0.977442624570938,1.0
gpqa_0022,gpqa_diamond_qwen7b,0,365.0,28914.0,0.21762757790155052,79.21643835616439,79.21643835616439,0.9573086557191783,4.0,0.006847215596426765,0.025616679850534993,0.1864895041258613,0.0027397260273972603,0.0,6.727079051159672,0.9902856481072221,1.0
gpqa_0023,gpqa_diamond_qwen7b,1,606.0,88488.0,0.24135504459536863,146.01980198019803,146.01980198019803,0.9672272838667629,5.0,0.00355778396214492,0.0174340852574238,0.16170731143812886,0.0016501650165016502,0.0,7.528067316783684,0.9930233162295893,1.0
gpqa_0024,gpqa_diamond_qwen7b,0,445.0,39813.0,0.20150318858184027,89.46741573033708,89.46741573033708,0.9661575461966582,4.0,0.006301122747377846,0.026021831828436943,0.20944729730707923,0.0022471910112359553,0.0,6.7100941194669,0.9905251088918942,1.0
gpqa_0025,gpqa_diamond_qwen7b,0,375.0,31014.0,0.22113368983957218,82.704,82.704,0.9540053903335575,4.0,0.005862888844040673,0.02439779276001719,0.15399016247162764,0.0026666666666666666,0.0,6.858178227522016,0.9902586786626572,1.0
gpqa_0026,gpqa_diamond_qwen7b,0,149.0,6060.0,0.27480500634863053,40.671140939597315,40.671140939597315,0.8908640506618911,4.0,0.019684561520106114,0.026892494570738605,0.10135709366287106,0.006711409395973154,0.0,6.3188832280401535,0.9869056535932135,1.0
gpqa_0027,gpqa_diamond_qwen7b,0,405.0,30811.0,0.18830827527197164,76.07654320987655,76.07654320987655,0.9539357198737443,4.0,0.004681948859224824,0.03077350099923433,0.22941176960315804,0.0024691358024691358,0.0,5.999897496568458,0.9901900074084129,1.0
gpqa_0028,gpqa_diamond_qwen7b,0,186.0,11576.0,0.33641383318802676,62.236559139784944,62.236559139784944,0.9192811922451767,3.0,0.01664267468667462,0.015624033849504289,0.04707045130682896,0.005376344086021506,0.0,7.204039978323416,0.9910972388596564,1.0
gpqa_0029,gpqa_diamond_qwen7b,0,311.0,17543.0,0.18196245202779796,56.40836012861736,56.40836012861736,0.9353037578692699,3.0,0.01116348208363897,0.033854588944447636,0.24758961829077855,0.003215434083601286,0.0,6.254718870864158,0.9875658494403258,1.0
gpqa_0030,gpqa_diamond_qwen7b,0,522.0,59319.0,0.21811503077635847,113.63793103448276,113.63793103448276,0.9588315162853933,4.0,0.00474540739870265,0.02136129245061708,0.16683643358673897,0.0019157088122605363,0.0,7.240448548158119,0.9917082704911463,1.0
gpqa_0031,gpqa_diamond_qwen7b,0,391.0,37462.0,0.24566856843071677,95.81074168797954,95.81074168797954,0.9466729699414892,5.0,0.010799635026923604,0.02030307470345851,0.16891645788087145,0.0025575447570332483,0.0,7.849410794143466,0.9911432002043757,1.0
gpqa_0032,gpqa_diamond_qwen7b,0,118.0,4272.0,0.30943068231203824,36.20338983050848,36.20338983050848,0.8998592663935919,3.0,0.020958404696310884,0.02455189555209545,0.07984308227625889,0.00847457627118644,0.0,6.247078404391555,0.9871302310710866,1.0
gpqa_0033,gpqa_diamond_qwen7b,0,530.0,73696.0,0.26285265898633947,139.04905660377358,139.04905660377358,0.9672080767755606,3.0,0.005725913511878161,0.015626531439249886,0.12073567107773778,0.0018867924528301887,0.0,7.844316171770984,0.9927807727209017,1.0
gpqa_0034,gpqa_diamond_qwen7b,1,84.0,2344.0,0.336201950659782,27.904761904761905,27.904761904761905,0.8503366887022452,3.0,0.020398908831112745,0.024108441780813873,0.0501974414320293,0.011904761904761904,0.0,5.942697940648083,0.9861192740951158,1.0
gpqa_0035,gpqa_diamond_qwen7b,0,376.0,22876.0,0.16224113475177304,60.840425531914896,60.840425531914896,0.9510798207333817,4.0,0.008024104304380398,0.03852102033665894,0.2972454141250497,0.0026595744680851063,0.0,5.415527960780958,0.9882844831791402,1.6862392257406835
gpqa_0036,gpqa_diamond_qwen7b,0,479.0,33050.0,0.14434709689817524,68.99791231732776,68.99791231732776,0.9548297798905004,4.0,0.007756836290419783,0.040460748920069005,0.2995154705666562,0.0020876826722338203,0.0,5.297777520716764,0.9888572844841695,1.9792874172387664
gpqa_0037,gpqa_diamond_qwen7b,0,403.0,37655.0,0.23242966309889757,93.43672456575682,93.43672456575682,0.9524078835148956,4.0,0.01349519798887,0.021677805227426572,0.13911138488113275,0.0024813895781637717,0.0,6.909051191522137,0.9906622199488777,1.0
gpqa_0038,gpqa_diamond_qwen7b,0,226.0,16310.0,0.3207472959685349,72.16814159292035,72.16814159292035,0.9108443673013678,4.0,0.017411028044350598,0.01579105439111039,0.09276141183472253,0.004424778761061947,0.0,7.89661527924249,0.9915791069302441,1.0
gpqa_0039,gpqa_diamond_qwen7b,0,24.0,182.0,0.32971014492753625,7.583333333333333,7.583333333333333,0.7288853772503154,3.0,0.07721493821794055,0.054245683217055966,0.11677187447510859,0.041666666666666664,0.0,4.158248414200463,0.9664258830079158,1.0
gpqa_0040,gpqa_diamond_qwen7b,1,196.0,10798.0,0.2825222396650968,55.09183673469388,55.09183673469388,0.9123917968135344,4.0,0.012653071813719767,0.022823648101086464,0.09696544799856475,0.00510204081632653,0.0,6.8276168997782545,0.9899821583056825,1.0
gpqa_0041,gpqa_diamond_qwen7b,1,146.0,7713.0,0.36433632498819085,52.82876712328767,52.82876712328767,0.8971047233927684,4.0,0.02881954290349429,0.014134623125240345,0.06828253643766816,0.00684931506849315,0.0,7.514917195012941,0.9902855204206122,1.0
gpqa_0042,gpqa_diamond_qwen7b,0,546.0,90801.0,0.3051416473434822,166.3021978021978,166.3021978021978,0.9669375569245414,4.0,0.008001638312898681,0.011867722309774828,0.13357469097111124,0.0018315018315018315,0.0,8.7510971948469,0.9935667215188222,1.0
gpqa_0043,gpqa_diamond_qwen7b,1,176.0,10768.0,0.3496103896103896,61.18181818181818,61.18181818181818,0.9157083224676701,3.0,0.014301658031751178,0.01447097122956445,0.053029728285989314,0.005681818181818182,0.0,7.390998455250733,0.9909781893028082,1.0
gpqa_0044,gpqa_diamond_qwen7b,1,669.0,124482.0,0.278550522273838,186.07174887892376,186.07174887892376,0.9664813505974699,4.0,0.004687838171956256,0.012535193259914455,0.11242958438806278,0.0014947683109118087,0.0,8.972688476932554,0.9938152276976011,1.0
gpqa_0045,gpqa_diamond_qwen7b,1,354.0,31187.0,0.24957186984843394,88.09887005649718,88.09887005649718,0.9535884997725409,3.0,0.008602756170662256,0.021781429031632212,0.16143695506267405,0.002824858757062147,0.0,7.256122667165827,0.9912380560168124,1.0
gpqa_0046,gpqa_diamond_qwen7b,0,588.0,90287.0,0.2615831681906153,153.54931972789115,153.54931972789115,0.9689971443252969,3.0,0.006816509627026224,0.014895760503239382,0.11709825549069078,0.0017006802721088435,0.0,8.131905339687535,0.9927992774799154,1.0
gpqa_0047,gpqa_diamond_qwen7b,1,518.0,61729.0,0.23049894326490072,119.16795366795367,119.16795366795367,0.9742970210944097,3.0,0.005584777560797983,0.021653814377401423,0.20794987824182032,0.0019305019305019305,0.0,7.362052534668924,0.9926529238785272,1.0
gpqa_0048,gpqa_diamond_qwen7b,0,432.0,31312.0,0.16817049067629114,72.48148148148148,72.48148148148148,0.9594359929148852,4.0,0.004541083483164687,0.042143172869775106,0.3205966635270071,0.0023148148148148147,0.0,5.296399409101888,0.9901674196237275,2.057554426542836
gpqa_0049,gpqa_diamond_qwen7b,1,83.0,1841.0,0.2704966206288569,22.180722891566266,22.180722891566266,0.8177934901456139,5.0,0.04230381742891568,0.03832232829183695,0.120202458014593,0.012048192771084338,0.0,5.396683686049476,0.9824765933021622,1.0
gpqa_0050,gpqa_diamond_qwen7b,0,509.0,59818.0,0.23133982024349117,117.52062868369352,117.52062868369352,0.9586217046187,3.0,0.005696971812803772,0.020351629959445026,0.18238653015654627,0.0019646365422396855,0.0,7.291362118377854,0.991998929179111,1.0
gpqa_0051,gpqa_diamond_qwen7b,1,284.0,28110.0,0.34974866869058874,98.97887323943662,98.97887323943662,0.9562015902670771,3.0,0.010040238927096703,0.011694067109908507,0.07297260056333026,0.0035211267605633804,0.0,8.084117591627965,0.9934733542647161,1.0
gpqa_0052,gpqa_diamond_qwen7b,0,218.0,9459.0,0.1999534942713398,43.38990825688074,43.38990825688074,0.9215176128082238,4.0,0.011794721727720335,0.041081467679759946,0.2842373634442017,0.0045871559633027525,0.0,5.991144679937812,0.9879286144978563,1.0
gpqa_0053,gpqa_diamond_qwen7b,0,242.0,14145.0,0.24253283495079045,58.450413223140494,58.450413223140494,0.9349558118328083,4.0,0.01009733549371854,0.02887861360212422,0.18386684179035256,0.004132231404958678,0.0,6.174325426638045,0.9902240756054018,1.0
gpqa_0054,gpqa_diamond_qwen7b,0,695.0,119678.0,0.24812472788339934,172.19856115107913,172.19856115107913,0.9736630207851619,5.0,0.0038870970909838484,0.015291712624911764,0.1456120973255008,0.0014388489208633094,0.0,8.302672215512715,0.9935928774327679,1.0
gpqa_0055,gpqa_diamond_qwen7b,0,481.0,54452.0,0.23584546084546085,113.20582120582121,113.20582120582121,0.9619215779625973,4.0,0.005382871907198777,0.0198051183588318,0.19355546403754906,0.002079002079002079,0.0,7.76501279306744,0.9921242667189057,1.0
gpqa_0056,gpqa_diamond_qwen7b,1,1138.0,350890.0,0.2711866240669724,308.33919156414765,308.33919156414765,0.9816245617260155,4.0,0.0029647034475615364,0.011013375972417545,0.2047855179026665,0.0008787346221441124,0.0,8.978784977742315,0.9954471975531304,1.0
gpqa_0057,gpqa_diamond_qwen7b,0,57.0,1116.0,0.34962406015037595,19.57894736842105,19.57894736842105,0.8501611207585201,3.0,0.031059989923026363,0.027367398405125202,0.09710249169239944,0.017543859649122806,0.0,5.568958822488242,0.9832311535873651,1.0
gpqa_0058,gpqa_diamond_qwen7b,1,304.0,31067.0,0.3372741879451103,102.19407894736842,102.19407894736842,0.934247143004585,4.0,0.011011235282294083,0.012109641982393879,0.06541948547293217,0.003289473684210526,0.0,8.23106923960652,0.9925387298558511,1.0
gpqa_0059,gpqa_diamond_qwen7b,1,233.0,15859.0,0.2933809382862217,68.06437768240343,68.06437768240343,0.9180626444958693,4.0,0.010185314855384726,0.019037650542607813,0.08564176823093107,0.004291845493562232,0.0,7.240094781814698,0.9906769867632149,1.0
gpqa_0060,gpqa_diamond_qwen7b,0,348.0,35718.0,0.29578654476796185,102.63793103448276,102.63793103448276,0.9641940039535103,3.0,0.005995731403587822,0.016167983415562748,0.10131480221578124,0.0028735632183908046,0.0,7.528942725631965,0.9932044022598158,1.0
gpqa_0061,gpqa_diamond_qwen7b,0,441.0,27310.0,0.14074417645846218,61.92743764172336,61.92743764172336,0.9553968704525898,4.0,0.006309028207432753,0.04328492755417433,0.30859036139391427,0.0022675736961451248,0.0,5.039704351990093,0.9882049454388966,2.063406175549623
gpqa_0062,gpqa_diamond_qwen7b,0,902.0,222889.0,0.2742567386323646,247.10532150776052,247.10532150776052,0.9765470179533269,4.0,0.003291180058114076,0.01134831366980727,0.1403132613448949,0.0011086474501108647,0.0,8.76053535353024,0.9945569544642021,1.0
gpqa_0063,gpqa_diamond_qwen7b,0,1060.0,304987.0,0.27169365902328646,287.7235849056604,287.7235849056604,0.9802149197524472,4.0,0.0036621786249877984,0.010830243265777374,0.167661686552047,0.0009433962264150943,0.0,9.04515494019305,0.994828845689826,1.0
gpqa_0064,gpqa_diamond_qwen7b,0,303.0,17345.0,0.18955041199484188,57.244224422442244,57.244224422442244,0.9541896150075889,3.0,0.005536503442195893,0.038643048772028794,0.2750461646694471,0.0033003300330033004,0.0,5.5778536083653805,0.9893034713667672,1.670595473460226
gpqa_0065,gpqa_diamond_qwen7b,1,53.0,975.0,0.35377358490566035,18.39622641509434,18.39622641509434,0.8512563489692957,4.0,0.06711096759202147,0.024608597946477594,0.10031349648234732,0.018867924528301886,0.0,5.438497086776131,0.9813256497807495,1.0
gpqa_0066,gpqa_diamond_qwen7b,1,162.0,7012.0,0.26884441377195,43.28395061728395,43.28395061728395,0.872626005377706,4.0,0.018885922175393036,0.02670956410332043,0.12476915531944946,0.006172839506172839,0.0,6.3853708025968725,0.9873486589038785,1.0
gpqa_0067,gpqa_diamond_qwen7b,1,282.0,25345.0,0.319843012543853,89.87588652482269,89.87588652482269,0.9271776652412481,4.0,0.011722096037343857,0.014195391474899965,0.06072287766308665,0.0035460992907801418,0.0,7.896749623998578,0.9917618944871924,1.0
gpqa_0068,gpqa_diamond_qwen7b,1,809.0,151779.0,0.2321944339056897,187.61310259579727,187.61310259579727,0.9751220762661417,4.0,0.0031277598413330175,0.015823693031360223,0.19815111817636455,0.0012360939431396785,0.0,8.124376281580389,0.9933394872091711,1.0
gpqa_0069,gpqa_diamond_qwen7b,0,402.0,26185.0,0.16243594992617957,65.136815920398,65.136815920398,0.9575585461228602,4.0,0.004944670986198167,0.03733411794894212,0.27366844979619603,0.0024875621890547263,0.0,5.55938427051424,0.989292810226004,1.758756133104094
gpqa_0070,gpqa_diamond_qwen7b,1,127.0,5695.0,0.35589301337332835,44.84251968503937,44.84251968503937,0.8943562431617635,4.0,0.016833897161296924,0.016636708547456518,0.06107379089347125,0.007874015748031496,0.0,6.9392327071466635,0.9900453312707959,1.0
gpqa_0071,gpqa_diamond_qwen7b,0,371.0,23947.0,0.1744518103008669,64.54716981132076,64.54716981132076,0.9539941588149629,4.0,0.006979819338434417,0.035979135935455056,0.276711576867156,0.0026954177897574125,0.0,5.670664075669514,0.9892266059919668,1.6010129435098124
gpqa_0072,gpqa_diamond_qwen7b,1,58.0,1108.0,0.3351482153660012,19.103448275862068,19.103448275862068,0.8252106860818468,4.0,0.05361845448360361,0.030064802610324317,0.11451549374069961,0.017241379310344827,0.0,5.623382322195193,0.9811517717172317,1.0
gpqa_0073,gpqa_diamond_qwen7b,1,130.0,5301.0,0.31610017889087655,40.776923076923076,40.776923076923076,0.8762464968589242,5.0,0.027567906921623312,0.021940221545186663,0.07733257624638097,0.007692307692307693,0.0,6.569802694016637,0.9874291110891079,1.0
gpqa_0074,gpqa_diamond_qwen7b,1,161.0,6743.0,0.26176242236024844,41.88198757763975,41.88198757763975,0.8968928791769046,4.0,0.015244478353040455,0.028318729586231033,0.08927495720772603,0.006211180124223602,0.0,6.103379934229542,0.9877935094318533,1.0
gpqa_0075,gpqa_diamond_qwen7b,0,100.0,3043.0,0.30737373737373735,30.43,30.43,0.8733996640628221,4.0,0.02598782566677555,0.026997191278790335,0.06475463499972452,0.01,0.0,6.0776612306254965,0.9857964103694331,1.0
gpqa_0076,gpqa_diamond_qwen7b,0,518.0,45798.0,0.1710118518629157,88.41312741312741,88.41312741312741,0.9631139493052829,4.0,0.005212525585757744,0.031734242250945933,0.2957342553627358,0.0019305019305019305,0.0,5.832600680483667,0.9908162640920517,1.7177025272642292
gpqa_0077,gpqa_diamond_qwen7b,1,191.0,9549.0,0.2631303389363461,49.99476439790576,49.99476439790576,0.917223299129086,4.0,0.012391214018656246,0.0259858417520669,0.1111895372270296,0.005235602094240838,0.0,6.542956968865402,0.9885933491162375,1.0
gpqa_0078,gpqa_diamond_qwen7b,0,435.0,35380.0,0.18740399385560677,81.33333333333333,81.33333333333333,0.9627306283616762,4.0,0.005902234754069778,0.02959763608654843,0.2389301430534777,0.0022988505747126436,0.0,6.252863877816692,0.9900053516654288,1.0
gpqa_0080,gpqa_diamond_qwen7b,1,525.0,35342.0,0.1284696474009451,67.31809523809524,67.31809523809524,0.9655189018697201,4.0,0.010167534139363445,0.04325115334820494,0.3841821837592167,0.0019047619047619048,0.0,5.899171155228478,0.9885421033415588,2.249240099684378
gpqa_0081,gpqa_diamond_qwen7b,1,118.0,4171.0,0.3021150224540055,35.347457627118644,35.347457627118644,0.8909534662246784,4.0,0.018016031961674128,0.025606686442772718,0.0625938417831905,0.00847457627118644,0.0,6.237160516590734,0.9868558520311755,1.0
gpqa_0082,gpqa_diamond_qwen7b,1,323.0,20499.0,0.1970943984000923,63.46439628482972,63.46439628482972,0.9361611547847287,4.0,0.010155134041297925,0.031501376362924285,0.24744131073677594,0.0030959752321981426,0.0,6.747118848446929,0.9887615500285307,1.0
gpqa_0083,gpqa_diamond_qwen7b,1,34.0,393.0,0.3502673796791444,11.558823529411764,11.558823529411764,0.8120989250401016,3.0,0.053903421230136674,0.03743145653033993,0.11669240610070986,0.029411764705882353,0.0,4.8152962362642056,0.9751780646303863,1.0
gpqa_0084,gpqa_diamond_qwen7b,1,129.0,4291.0,0.25987160852713176,33.263565891472865,33.263565891472865,0.8614302262868226,5.0,0.026756551938604618,0.03228955841966516,0.12224723102945427,0.007751937984496124,0.0,5.958253117240783,0.985179657998493,1.0
gpqa_0085,gpqa_diamond_qwen7b,0,209.0,8080.0,0.18586676481413322,38.66028708133971,38.66028708133971,0.915009484104445,4.0,0.01137665883690887,0.04582088692785412,0.2674198197280283,0.004784688995215311,0.0,5.271744809582556,0.98670873651408,1.5143433300596576
gpqa_0086,gpqa_diamond_qwen7b,0,336.0,24051.0,0.2136727078891258,71.58035714285714,71.58035714285714,0.953965330532735,4.0,0.008560495719282456,0.028087022319714848,0.1953082259747002,0.002976190476190476,0.0,6.397220768142036,0.9900087579171789,1.0
gpqa_0087,gpqa_diamond_qwen7b,1,50.0,884.0,0.36081632653061224,17.68,17.68,0.8250738854641295,3.0,0.03620816371598151,0.026951810271267983,0.09313532386731765,0.02,0.0,5.445002677662305,0.9819192956356232,1.0
gpqa_0088,gpqa_diamond_qwen7b,1,241.0,9865.0,0.1705567081604426,40.933609958506224,40.933609958506224,0.9306106521656242,4.0,0.007440900195127572,0.044589070245754654,0.24200247244563083,0.004149377593360996,0.0,5.095268105625294,0.9866530915531644,1.540419271510097
gpqa_0089,gpqa_diamond_qwen7b,0,468.0,38926.0,0.1781053826021706,83.17521367521367,83.17521367521367,0.9575813277423001,4.0,0.00774341812027571,0.035100420202415106,0.31579505822741594,0.002136752136752137,0.0,5.633450490406492,0.99031608125908,1.806451298921408
gpqa_0090,gpqa_diamond_qwen7b,0,424.0,32486.0,0.18112984522057185,76.61792452830188,76.61792452830188,0.9618012638334043,4.0,0.004960086365147322,0.03427940382899189,0.30794599300969017,0.0023584905660377358,0.0,5.99706123540455,0.990668795394692,1.6934285483005034
gpqa_0091,gpqa_diamond_qwen7b,0,680.0,127010.0,0.27508013514684226,186.77941176470588,186.77941176470588,0.9697725534222454,4.0,0.004955921853838075,0.013063684647287667,0.14714614629612371,0.0014705882352941176,0.0,8.62006023170283,0.9937986256208649,1.0
gpqa_0092,gpqa_diamond_qwen7b,0,209.0,13053.0,0.30026223776223776,62.45454545454545,62.45454545454545,0.9132646095707476,3.0,0.015560850031941752,0.01920274911046949,0.0705522061608443,0.004784688995215311,0.0,7.221617721732683,0.9899991574401903,1.0
gpqa_0093,gpqa_diamond_qwen7b,1,298.0,17912.0,0.2023817594287393,60.10738255033557,60.10738255033557,0.947420823769897,4.0,0.005286182443383877,0.03190444454161261,0.1798450327063279,0.003355704697986577,0.0,5.886621390364752,0.9892917760063384,1.0
gpqa_0094,gpqa_diamond_qwen7b,0,420.0,27516.0,0.15635867712240029,65.51428571428572,65.51428571428572,0.9629181514794003,4.0,0.006572888608515431,0.039099447785867034,0.3014879007027553,0.002380952380952381,0.0,5.488424175412604,0.9892522407140061,1.9213086867189344
gpqa_0095,gpqa_diamond_qwen7b,1,235.0,13509.0,0.24566284779050737,57.48510638297872,57.48510638297872,0.9150021981869678,4.0,0.01443635819387364,0.027154004880862993,0.1805625998419692,0.00425531914893617,0.0,6.457713417866543,0.9888558832500149,1.0
gpqa_0096,gpqa_diamond_qwen7b,0,100.0,3005.0,0.30353535353535355,30.05,30.05,0.875117582159976,4.0,0.021821534167478205,0.02820215402203199,0.08802654673409349,0.01,0.0,5.931212709469305,0.9861756454233522,1.0
gpqa_0097,gpqa_diamond_qwen7b,0,245.0,12495.0,0.20901639344262296,51.0,51.0,0.9422912174658119,3.0,0.00961758429662453,0.03392007795188391,0.18825286341399095,0.004081632653061225,0.0,5.78655289669627,0.988376039539578,1.0
gpqa_0098,gpqa_diamond_qwen7b,0,567.0,98675.0,0.30747346707299594,174.0299823633157,174.0299823633157,0.9705304862556955,4.0,0.00460563989049537,0.0112074945816229,0.07191810720616255,0.001763668430335097,0.0,8.699379502029831,0.9942866343629073,1.0
gpqa_0099,gpqa_diamond_qwen7b,0,638.0,60619.0,0.14915872305034866,95.0141065830721,95.0141065830721,0.9714984368584796,4.0,0.004564600947489917,0.03337118925925157,0.3455080788818762,0.001567398119122257,0.0,5.669351461318447,0.990428142991309,1.9833307594845182
gpqa_0100,gpqa_diamond_qwen7b,1,463.0,35157.0,0.16435724103110713,75.9330453563715,75.9330453563715,0.9605891354692256,4.0,0.005250350335378486,0.038514747597442715,0.3364269434336112,0.0021598272138228943,0.0,5.310242382837683,0.990092038234011,1.9343739439075405
gpqa_0101,gpqa_diamond_qwen7b,1,384.0,40501.0,0.27538212576153176,105.47135416666667,105.47135416666667,0.9528393245918164,4.0,0.006560326922760527,0.016462136741986072,0.0873329006738407,0.0026041666666666665,0.0,7.7039374215293215,0.9917744682561007,1.0
gpqa_0102,gpqa_diamond_qwen7b,0,506.0,60550.0,0.2369584784565413,119.66403162055336,119.66403162055336,0.9680997133318135,4.0,0.004600118130764867,0.01919562611331436,0.1575958702789818,0.001976284584980237,0.0,7.554426231927211,0.9919355691786382,1.0
gpqa_0103,gpqa_diamond_qwen7b,1,172.0,10901.0,0.3706310349517204,63.377906976744185,63.377906976744185,0.9248399348991856,3.0,0.015772795713038534,0.012385528989014892,0.04083919867144363,0.005813953488372093,0.0,7.6432116558831655,0.9912318555528326,1.0
gpqa_0105,gpqa_diamond_qwen7b,0,220.0,11898.0,0.24694894146948942,54.08181818181818,54.08181818181818,0.922616211115634,4.0,0.011117561911207706,0.0279871665820593,0.18076308012554085,0.004545454545454545,0.0,6.346164590639406,0.9893055564527439,1.0
gpqa_0106,gpqa_diamond_qwen7b,0,53.0,1054.0,0.38243831640058057,19.88679245283019,19.88679245283019,0.8448055733325786,3.0,0.032452765817845376,0.021716053294378347,0.08561402714105455,0.018867924528301886,0.0,5.750360431798033,0.9839956233103917,1.0
gpqa_0107,gpqa_diamond_qwen7b,1,179.0,11072.0,0.34749858765928066,61.85474860335196,61.85474860335196,0.9135641359290814,5.0,0.018139648534008443,0.014633392591027021,0.07478997559073901,0.00558659217877095,0.0,7.348097581062717,0.9905320178838148,1.0
gpqa_0108,gpqa_diamond_qwen7b,0,574.0,108959.0,0.33128105028245497,189.82404181184668,189.82404181184668,0.971588888067688,4.0,0.005679884602516441,0.009417313705255073,0.08518899022060478,0.0017421602787456446,0.0,9.089822511880108,0.9943935706795145,1.0
gpqa_0110,gpqa_diamond_qwen7b,0,274.0,11587.0,0.15490227534023154,42.28832116788321,42.28832116788321,0.9478636626115471,3.0,0.0069834679572031745,0.05156024148066509,0.2970649515131744,0.0036496350364963502,0.0,4.894598322407031,0.986616036776437,2.0639879690723455
gpqa_0111,gpqa_diamond_qwen7b,1,188.0,13621.0,0.3874445329389009,72.45212765957447,72.45212765957447,0.9081891291294928,4.0,0.014787330958597536,0.009899245519839407,0.06689527317434173,0.005319148936170213,0.0,7.9992972938944344,0.9923356722037365,1.0
gpqa_0112,gpqa_diamond_qwen7b,0,400.0,36744.0,0.23022556390977444,91.86,91.86,0.9581428084772142,4.0,0.005893719920292164,0.022166897349252642,0.15447711997111452,0.0025,0.0,6.98966783557987,0.9908336978543753,1.0
gpqa_0113,gpqa_diamond_qwen7b,0,188.0,6118.0,0.17402434861759017,32.54255319148936,32.54255319148936,0.9115667030604583,4.0,0.016855905908398264,0.051433638190219594,0.23783378842410227,0.005319148936170213,0.0,5.089991547527987,0.9848237485528959,1.5651318742715932
gpqa_0114,gpqa_diamond_qwen7b,1,144.0,6431.0,0.3123057498057498,44.65972222222222,44.65972222222222,0.885540761880533,3.0,0.02234750001642307,0.02138626805348204,0.10216160653259457,0.006944444444444444,0.0,6.812461970974988,0.989058294492527,1.0
gpqa_0115,gpqa_diamond_qwen7b,0,335.0,19593.0,0.17510948252748235,58.48656716417911,58.48656716417911,0.95675579106911,3.0,0.005054265078946936,0.03767086240930424,0.24512964035359833,0.0029850746268656717,0.0,5.477936673051083,0.9887505973454694,1.6449690937432153
gpqa_0116,gpqa_diamond_qwen7b,1,578.0,83399.0,0.2500674650531025,144.28892733564012,144.28892733564012,0.9662651061948632,4.0,0.0038597412370820878,0.01715141819868252,0.17943864970094311,0.0017301038062283738,0.0,7.678799822838892,0.9930582136124138,1.0
gpqa_0117,gpqa_diamond_qwen7b,0,348.0,22757.0,0.18845440392195834,65.39367816091954,65.39367816091954,0.9471188925083807,4.0,0.0073782634045760735,0.03285674637570645,0.20941995808692998,0.0028735632183908046,0.0,5.9021868321697575,0.9892610534195246,1.0
gpqa_0118,gpqa_diamond_qwen7b,1,207.0,7063.0,0.16563482013038788,34.1207729468599,34.1207729468599,0.9207706189254834,4.0,0.016141725229497344,0.04975289382165047,0.2837394448097541,0.004830917874396135,0.0,5.692476922887856,0.9850911105825655,1.4995603066486212
gpqa_0119,gpqa_diamond_qwen7b,1,255.0,20347.0,0.3141423498533272,79.7921568627451,79.7921568627451,0.941950833096647,5.0,0.009953883800765652,0.016382511827218064,0.0969576543578978,0.00392156862745098,0.0,7.472310312665847,0.9922358106482128,1.0
gpqa_0120,gpqa_diamond_qwen7b,0,285.0,16379.0,0.2023597726711144,57.47017543859649,57.47017543859649,0.9493804159456545,3.0,0.006612337352644035,0.032038786574557845,0.16409533192952253,0.0035087719298245615,0.0,6.056319230491614,0.9885098031053721,1.0
gpqa_0121,gpqa_diamond_qwen7b,0,382.0,27594.0,0.1895947561528631,72.23560209424083,72.23560209424083,0.951509113254387,4.0,0.01005863582653682,0.034430872692315755,0.3025846755627975,0.002617801047120419,0.0,6.036621851634052,0.9901513272761315,1.5975200774801432
gpqa_0122,gpqa_diamond_qwen7b,1,101.0,3249.0,0.3216831683168317,32.16831683168317,32.16831683168317,0.8444997021301487,5.0,0.035894996616054754,0.024048570301996405,0.11450307941286786,0.009900990099009901,0.0,6.179760321730514,0.9858327824966155,1.0
gpqa_0123,gpqa_diamond_qwen7b,1,461.0,59291.0,0.2795953975290012,128.61388286334056,128.61388286334056,0.9630647521408882,4.0,0.005863037716611424,0.015875180324967344,0.16854582212750088,0.0021691973969631237,0.0,7.870439541394306,0.993441104072818,1.0
gpqa_0124,gpqa_diamond_qwen7b,1,161.0,7271.0,0.28225931677018634,45.161490683229815,45.161490683229815,0.8803696953327164,4.0,0.011789188314805014,0.024804576526037063,0.07136353720691974,0.006211180124223602,0.0,6.484962060763866,0.9883563745743953,1.0
gpqa_0125,gpqa_diamond_qwen7b,0,651.0,101426.0,0.23969278033794164,155.80030721966205,155.80030721966205,0.9684248824234123,4.0,0.00489154142237018,0.01841581985468312,0.25792731299158395,0.0015360983102918587,0.0,7.850992200061864,0.9937839707801982,1.0
gpqa_0126,gpqa_diamond_qwen7b,0,417.0,31960.0,0.18423722560413208,76.64268585131894,76.64268585131894,0.9618325574051182,4.0,0.00593790744743696,0.032477594091909597,0.25114988487005646,0.002398081534772182,0.0,6.087840519944846,0.9902925248068072,1.6166063126128989
gpqa_0128,gpqa_diamond_qwen7b,0,297.0,19020.0,0.21635271635271636,64.04040404040404,64.04040404040404,0.9470178659601272,3.0,0.007307982088112344,0.029103892056049237,0.1890409172848896,0.003367003367003367,0.0,6.119233081284513,0.9892918081900042,1.0
gpqa_0129,gpqa_diamond_qwen7b,0,108.0,3744.0,0.32398753894080995,34.666666666666664,34.666666666666664,0.8517656974939677,4.0,0.027990004260327713,0.022737466407393,0.10678404576096295,0.009259259259259259,0.0,6.359081100198813,0.9870645715117188,1.0
gpqa_0130,gpqa_diamond_qwen7b,0,527.0,48033.0,0.17327797057741287,91.14421252371916,91.14421252371916,0.9651080626048675,4.0,0.004648731231072209,0.02950117650386737,0.2668378855054844,0.0018975332068311196,0.0,6.488810643440089,0.9906619778820297,1.5492619001393504
gpqa_0131,gpqa_diamond_qwen7b,0,396.0,39289.0,0.2511763201636619,99.21464646464646,99.21464646464646,0.9569404122749426,4.0,0.006625199077686553,0.02056362648966644,0.16892033912003213,0.0025252525252525255,0.0,7.271168055644241,0.9920259855278923,1.0
gpqa_0132,gpqa_diamond_qwen7b,1,869.0,245166.0,0.32502797325173804,282.1242807825086,282.1242807825086,0.9765599101877508,4.0,0.003988552858687414,0.007877726025664594,0.07320138452714585,0.0011507479861910242,0.0,9.739772007896477,0.9952039962066256,1.0
gpqa_0133,gpqa_diamond_qwen7b,1,340.0,33146.0,0.287575915321881,97.48823529411764,97.48823529411764,0.950374111303085,4.0,0.009594362505309158,0.017096431831191646,0.1429617876614932,0.0029411764705882353,0.0,7.840289766228003,0.9925747862341583,1.0
gpqa_0134,gpqa_diamond_qwen7b,1,124.0,5455.0,0.3576580120639916,43.99193548387097,43.99193548387097,0.8940836608090066,3.0,0.015041952915228772,0.016502141845904254,0.04465719523584258,0.008064516129032258,0.0,6.812634899404218,0.9892465952371697,1.0
gpqa_0135,gpqa_diamond_qwen7b,1,87.0,2954.0,0.39481422079657846,33.95402298850575,33.95402298850575,0.8713577017751247,3.0,0.02038980188833408,0.012734963554759518,0.059759079422253523,0.011494252873563218,0.0,6.598438782795117,0.9888716696262432,1.0
gpqa_0136,gpqa_diamond_qwen7b,1,656.0,107894.0,0.2511031465276485,164.47256097560975,164.47256097560975,0.9750656651399322,4.0,0.003853143638837849,0.017358944424442805,0.2311532148693224,0.001524390243902439,0.0,7.554366796383896,0.9942322700856859,1.0
gpqa_0137,gpqa_diamond_qwen7b,1,236.0,16167.0,0.2915073927154706,68.5042372881356,68.5042372881356,0.9291782580097088,4.0,0.010107133654550928,0.01894968940433871,0.06852790593515774,0.00423728813559322,0.0,7.191564061934308,0.9904631493619668,1.0
gpqa_0138,gpqa_diamond_qwen7b,0,354.0,21947.0,0.17562939133496583,61.99717514124294,61.99717514124294,0.9517815332187015,4.0,0.007239943725105383,0.04062561612373996,0.3016166343225077,0.002824858757062147,0.0,5.410847088071789,0.9891424901803585,1.8457956563588755
gpqa_0139,gpqa_diamond_qwen7b,0,633.0,78221.0,0.19552512648229248,123.57187993680884,123.57187993680884,0.9666692114215473,5.0,0.0038663196726367336,0.023422376318580997,0.24486952720672728,0.001579778830963665,0.0,6.756842714033923,0.991771911661914,1.0
gpqa_0140,gpqa_diamond_qwen7b,0,208.0,9582.0,0.2225473801560758,46.06730769230769,46.06730769230769,0.9318494050229305,4.0,0.01040947983981038,0.03353964164226495,0.1604755971403911,0.004807692307692308,0.0,5.951673705247227,0.9877498463485411,1.0
gpqa_0141,gpqa_diamond_qwen7b,1,40.0,573.0,0.36730769230769234,14.325,14.325,0.8186195445920307,3.0,0.04638256024146674,0.024707527520155557,0.06672559570349787,0.025,0.0,5.234979567691031,0.9787173088033264,1.0
gpqa_0142,gpqa_diamond_qwen7b,0,555.0,73003.0,0.23743129410999447,131.53693693693694,131.53693693693694,0.9672884771215468,4.0,0.005129758042867452,0.01807308068216282,0.14358631112384546,0.0018018018018018018,0.0,7.527102617365851,0.9923978401862381,1.0
gpqa_0143,gpqa_diamond_qwen7b,0,222.0,12481.0,0.254392401451225,56.22072072072072,56.22072072072072,0.9095553015884262,5.0,0.01888205203186484,0.0253132791630487,0.12278222191345252,0.0045045045045045045,0.0,6.631098023048999,0.9887138380727447,1.0
gpqa_0144,gpqa_diamond_qwen7b,0,554.0,95140.0,0.3105476527767804,171.73285198555956,171.73285198555956,0.9688938141219935,4.0,0.00452889010843408,0.011553135551020829,0.10853582745846448,0.0018050541516245488,0.0,8.787502998881541,0.9947214949148764,1.0
gpqa_0145,gpqa_diamond_qwen7b,0,274.0,16171.0,0.21618405924975267,59.018248175182485,59.018248175182485,0.9461155770136797,4.0,0.00728543164325695,0.030276134376928852,0.17114826093757604,0.0036496350364963502,0.0,6.181398539350644,0.9889280867331562,1.0
gpqa_0146,gpqa_diamond_qwen7b,1,232.0,15418.0,0.2876921928646067,66.45689655172414,66.45689655172414,0.9269615864503413,5.0,0.015165420551322658,0.019948471666045228,0.09784004808527125,0.004310344827586207,0.0,7.054203971792774,0.9899458147416607,1.0
gpqa_0147,gpqa_diamond_qwen7b,0,687.0,114153.0,0.24221803506181014,166.16157205240174,166.16157205240174,0.9701848796171103,4.0,0.0051025495321398405,0.015766630553500704,0.13728600114795705,0.001455604075691412,0.0,7.850405847383079,0.9932539502861297,1.0
gpqa_0148,gpqa_diamond_qwen7b,1,125.0,3896.0,0.2513548387096774,31.168,31.168,0.8748257719883732,4.0,0.01350552956851905,0.0351099146779805,0.13471522042537512,0.008,0.0,5.655136445496552,0.9861728938235748,1.0
gpqa_0149,gpqa_diamond_qwen7b,1,494.0,54830.0,0.22513570554565537,110.9919028340081,110.9919028340081,0.9637088855773406,4.0,0.004820882345045102,0.021167059737752382,0.15488385270004923,0.0020242914979757085,0.0,6.936771368192952,0.9917541763361065,1.0
gpqa_0150,gpqa_diamond_qwen7b,1,126.0,4661.0,0.29593650793650794,36.992063492063494,36.992063492063494,0.865804372433125,4.0,0.02173582944472379,0.02580352664912289,0.10340408944312297,0.007936507936507936,0.0,6.364354944266136,0.9871242411384958,1.0
gpqa_0151,gpqa_diamond_qwen7b,1,72.0,1464.0,0.2863849765258216,20.333333333333332,20.333333333333332,0.8295583378041136,3.0,0.028029469889033404,0.03739298470506185,0.07407501269479128,0.013888888888888888,0.0,5.380180307409168,0.9823998547281965,1.0
gpqa_0152,gpqa_diamond_qwen7b,0,415.0,38801.0,0.2258366800535475,93.49638554216868,93.49638554216868,0.9618285075640198,3.0,0.007651864356518224,0.02397032056757715,0.20423972936313603,0.0024096385542168677,0.0,6.7392430866101325,0.9912815097529372,1.0
gpqa_0153,gpqa_diamond_qwen7b,1,289.0,19641.0,0.23597895040369088,67.96193771626298,67.96193771626298,0.9328752965285824,4.0,0.00913236784102717,0.025600026818857986,0.18396514884618426,0.0034602076124567475,0.0,6.654737056595346,0.9900038123323915,1.0
gpqa_0154,gpqa_diamond_qwen7b,1,114.0,5187.0,0.4026548672566372,45.5,45.5,0.8994182457010528,4.0,0.02624743445841534,0.011247032012813386,0.06486535669136483,0.008771929824561403,0.0,7.256588908840143,0.9904708430406434,1.0
gpqa_0155,gpqa_diamond_qwen7b,1,456.0,54891.0,0.26456043956043956,120.375,120.375,0.9610027169444618,3.0,0.004775891968258339,0.01805144399266091,0.1570489247627001,0.0021929824561403508,0.0,7.627465928694182,0.9932719494769681,1.0
gpqa_0156,gpqa_diamond_qwen7b,1,130.0,5490.0,0.32737030411449014,42.23076923076923,42.23076923076923,0.8837612542113186,3.0,0.024617454657492054,0.020157766495208132,0.11494162180445569,0.007692307692307693,0.0,6.625135778812499,0.9889351756404019,1.0
gpqa_0157,gpqa_diamond_qwen7b,0,262.0,18797.0,0.2748822789623,71.7442748091603,71.7442748091603,0.9378229463021455,4.0,0.015222454663293564,0.020501543551443634,0.13206609386244636,0.003816793893129771,0.0,7.634897962596837,0.99027805154978,1.0
gpqa_0158,gpqa_diamond_qwen7b,0,309.0,20088.0,0.2110704829151431,65.00970873786407,65.00970873786407,0.9363867230765373,4.0,0.007651993067109916,0.02864255537093235,0.16869551031306965,0.003236245954692557,0.0,6.696422258951181,0.9891151165156447,1.0
gpqa_0159,gpqa_diamond_qwen7b,0,228.0,12862.0,0.24851224978746425,56.41228070175438,56.41228070175438,0.9151625524670317,4.0,0.014440785775933145,0.02677806979520005,0.1641430162281774,0.0043859649122807015,0.0,6.450175133003626,0.9888314482780848,1.0
gpqa_0160,gpqa_diamond_qwen7b,1,168.0,8591.0,0.3062090105503279,51.13690476190476,51.13690476190476,0.8999631708506237,4.0,0.016197361141299573,0.020745689976141957,0.06171890215405584,0.005952380952380952,0.0,6.792297625273276,0.9897288757124094,1.0
gpqa_0161,gpqa_diamond_qwen7b,1,635.0,88794.0,0.22055689411063364,139.83307086614172,139.83307086614172,0.9641062633352833,4.0,0.0048562338891782715,0.01834815491375438,0.17041236384340222,0.0015748031496062992,0.0,7.914131234902693,0.9917765426456001,1.0
gpqa_0162,gpqa_diamond_qwen7b,0,658.0,122177.0,0.28261694262860104,185.6793313069909,185.6793313069909,0.9679195009810856,4.0,0.0041053849332438625,0.012304100440798856,0.1151518272669702,0.001519756838905775,0.0,8.687048933868958,0.9937685002703015,1.0
gpqa_0163,gpqa_diamond_qwen7b,0,845.0,244868.0,0.34334670069267226,289.7846153846154,289.7846153846154,0.9762215578361402,3.0,0.003762500593424532,0.006920673047381025,0.0633049134843534,0.001183431952662722,0.0,9.99033170733318,0.995438711640171,1.0
gpqa_0164,gpqa_diamond_qwen7b,1,55.0,1193.0,0.4016835016835017,21.69090909090909,21.69090909090909,0.8777750651181334,3.0,0.034486529989503314,0.01779794341532694,0.05364814231486629,0.01818181818181818,0.0,5.878113799309247,0.985551827873812,1.0
gpqa_0165,gpqa_diamond_qwen7b,0,274.0,18611.0,0.2488035079275955,67.92335766423358,67.92335766423358,0.9338656092072183,4.0,0.008698750820135033,0.02367510832621015,0.11487641107493257,0.0036496350364963502,0.0,6.658193036249283,0.9898219221513803,1.0
gpqa_0167,gpqa_diamond_qwen7b,0,75.0,1420.0,0.25585585585585585,18.933333333333334,18.933333333333334,0.7932372694495197,4.0,0.049860246739901866,0.04392493312106557,0.15779018145644713,0.013333333333333334,0.0,5.61232721786021,0.979686712512706,1.0
gpqa_0168,gpqa_diamond_qwen7b,1,622.0,125972.0,0.326130968099373,202.52733118971062,202.52733118971062,0.9677968812896917,4.0,0.005113734386595367,0.009151209627517242,0.06720282728180274,0.001607717041800643,0.0,9.218783122346668,0.9945418466143184,1.0
gpqa_0169,gpqa_diamond_qwen7b,1,129.0,6072.0,0.36773255813953487,47.06976744186046,47.06976744186046,0.8963286268132241,4.0,0.03401973633514635,0.01384461200140895,0.07309101516905751,0.007751937984496124,0.0,7.070139057592565,0.9893859548519867,1.0
gpqa_0170,gpqa_diamond_qwen7b,0,504.0,59088.0,0.23307772413140207,117.23809523809524,117.23809523809524,0.9629108209884047,4.0,0.005881214865021574,0.02073478155024116,0.21839639744584535,0.001984126984126984,0.0,7.069365676755116,0.9924119458963394,1.0
gpqa_0171,gpqa_diamond_qwen7b,1,108.0,4100.0,0.3547940463828314,37.96296296296296,37.96296296296296,0.8994817247970625,3.0,0.01603459490481514,0.018313735070017573,0.04907295144352659,0.009259259259259259,0.0,6.51094707823585,0.9889834604519527,1.0
gpqa_0172,gpqa_diamond_qwen7b,0,81.0,1900.0,0.2932098765432099,23.45679012345679,23.45679012345679,0.7960923019633276,4.0,0.030260244675205217,0.03260763987324305,0.08531231099905012,0.012345679012345678,0.0,5.665005409812716,0.9826013227184349,1.0
gpqa_0173,gpqa_diamond_qwen7b,0,816.0,192590.0,0.2895916035125707,236.0171568627451,236.0171568627451,0.9758506602298591,5.0,0.0058505430444130676,0.011085546599647486,0.17347320993732626,0.0012254901960784314,0.0,9.361666293364493,0.9949776406297648,1.0
gpqa_0174,gpqa_diamond_qwen7b,1,436.0,41787.0,0.22032584625118634,95.84174311926606,95.84174311926606,0.951029813476186,4.0,0.006159445573236773,0.02268291049867074,0.16418785781649112,0.0022935779816513763,0.0,6.953712930884284,0.9905930836974045,1.0
gpqa_0175,gpqa_diamond_qwen7b,1,214.0,17184.0,0.37699091746742136,80.29906542056075,80.29906542056075,0.9194585560159092,4.0,0.015734794008989562,0.010252389788035113,0.05225191685222801,0.004672897196261682,0.0,7.9767360915957335,0.992910566376026,1.0
gpqa_0176,gpqa_diamond_qwen7b,0,64.0,1041.0,0.25818452380952384,16.265625,16.265625,0.7924908433762304,4.0,0.03402174073864068,0.047818201853440816,0.08843545832842563,0.015625,0.0,4.960380076804301,0.9779150875488312,1.0
gpqa_0177,gpqa_diamond_qwen7b,0,397.0,39527.0,0.2514248276213012,99.56423173803526,99.56423173803526,0.9493211475589561,4.0,0.007137051528717751,0.02067431533628079,0.17980202542444673,0.0025188916876574307,0.0,7.206914789288193,0.9917090926724617,1.0
gpqa_0178,gpqa_diamond_qwen7b,1,448.0,69859.0,0.34884847395333973,155.93526785714286,155.93526785714286,0.9574007322356669,3.0,0.007044016836360668,0.00901460998747129,0.04406279453370464,0.002232142857142857,0.0,9.103538495376586,0.9943170344977794,1.0
gpqa_0180,gpqa_diamond_qwen7b,0,376.0,31191.0,0.22121276595744682,82.95478723404256,82.95478723404256,0.9470982418539495,4.0,0.00592256932609123,0.02471156658398893,0.17594421002214453,0.0026595744680851063,0.0,6.642057320857987,0.9905013945832603,1.0
gpqa_0181,gpqa_diamond_qwen7b,0,32.0,361.0,0.3639112903225806,11.28125,11.28125,0.8002065527065527,3.0,0.0588137356919875,0.02818533974534521,0.07807946811852567,0.03125,0.0,4.663660752688422,0.9754093859407914,1.0
gpqa_0182,gpqa_diamond_qwen7b,0,320.0,31105.0,0.30471199059561127,97.203125,97.203125,0.9469601955260336,4.0,0.009669280299270729,0.015340902073250806,0.08955253477449689,0.003125,0.0,7.825670163160996,0.9922675263132075,1.0
gpqa_0183,gpqa_diamond_qwen7b,0,556.0,68014.0,0.22040961825134486,122.3273381294964,122.3273381294964,0.96393308814169,4.0,0.004838224119319435,0.020226701969393145,0.17678499928482858,0.0017985611510791368,0.0,7.4501168418217025,0.9916978281424746,1.0
gpqa_0184,gpqa_diamond_qwen7b,1,143.0,7249.0,0.356988082340195,50.69230769230769,50.69230769230769,0.891033905495417,4.0,0.025914572548616774,0.015172502359488381,0.04323949516446085,0.006993006993006993,0.0,7.024420415645196,0.9898965317995058,1.0
gpqa_0185,gpqa_diamond_qwen7b,0,154.0,4420.0,0.18759018759018758,28.7012987012987,28.7012987012987,0.8972330534168595,4.0,0.015206212958196451,0.048600929598310014,0.18701588510454575,0.006493506493506494,0.0,5.0472395139080035,0.9837795351214417,1.0
gpqa_0186,gpqa_diamond_qwen7b,1,435.0,68902.0,0.3649663647438953,158.39540229885057,158.39540229885057,0.9692908898469005,3.0,0.005464045090781311,0.008257455798238765,0.06425831597120688,0.0022988505747126436,0.0,8.981274192567247,0.9952385511954532,1.0
gpqa_0187,gpqa_diamond_qwen7b,0,645.0,82782.0,0.19929221435793731,128.34418604651162,128.34418604651162,0.9666051313701477,4.0,0.00443670010771027,0.027031175505604698,0.3402085317800899,0.0015503875968992248,0.0,6.511189326192435,0.9927451467832382,1.7276136527211627
gpqa_0188,gpqa_diamond_qwen7b,0,46.0,796.0,0.38454106280193234,17.304347826086957,17.304347826086957,0.8420506715129144,3.0,0.040776769080862654,0.02337581626133726,0.06298689152362104,0.021739130434782608,0.0,5.528781752262719,0.9825898372737054,1.0
gpqa_0189,gpqa_diamond_qwen7b,0,478.0,61215.0,0.2684797768479777,128.06485355648536,128.06485355648536,0.9631609895703195,4.0,0.005588010536886872,0.017352100014188736,0.17718183762373912,0.0020920502092050207,0.0,7.76905205443222,0.9933714220145349,1.0
gpqa_0190,gpqa_diamond_qwen7b,0,473.0,34327.0,0.15375622603647832,72.57293868921776,72.57293868921776,0.9607711485082548,4.0,0.00475171353282259,0.038731685005213665,0.3222881266853895,0.0021141649048625794,0.0,5.687918986868274,0.9895000513845476,2.0051243866965214
gpqa_0191,gpqa_diamond_qwen7b,0,398.0,46676.0,0.2954065035504981,117.27638190954774,117.27638190954774,0.9537530950205431,4.0,0.007288062209192984,0.01480433425376474,0.09936851889335749,0.002512562814070352,0.0,7.990936206598485,0.9930247738412563,1.0
gpqa_0192,gpqa_diamond_qwen7b,1,153.0,7904.0,0.33986928104575165,51.66013071895425,51.66013071895425,0.8981562430277232,4.0,0.013262204873866791,0.016793793531363743,0.054311512230570375,0.006535947712418301,0.0,6.9734696361879,0.9894948715264115,1.0
gpqa_0193,gpqa_diamond_qwen7b,1,151.0,7887.0,0.3482119205298013,52.2317880794702,52.2317880794702,0.8936454667050467,4.0,0.017742353091272648,0.015851875756937615,0.0590346655577768,0.006622516556291391,0.0,7.233902306740103,0.9903373295901924,1.0
gpqa_0194,gpqa_diamond_qwen7b,1,564.0,67598.0,0.2128856304246501,119.85460992907801,119.85460992907801,0.9608882854223691,4.0,0.005607452324918996,0.024427411063676584,0.27185999723513105,0.0017730496453900709,0.0,6.802053356257451,0.9924861995267003,1.0
gpqa_0195,gpqa_diamond_qwen7b,1,80.0,2509.0,0.39699367088607596,31.3625,31.3625,0.8772390098619566,3.0,0.03583008625712936,0.013085192190498845,0.05802731267156901,0.0125,0.0,6.525353151846824,0.9886866791311025,1.0
gpqa_0196,gpqa_diamond_qwen7b,0,391.0,32554.0,0.21348285133451375,83.25831202046035,83.25831202046035,0.9582216585599659,4.0,0.005136912371282263,0.02540997619937574,0.16803710086274326,0.0025575447570332483,0.0,6.598359508696065,0.9907196955506193,1.0
gpqa_0197,gpqa_diamond_qwen7b,0,684.0,92991.0,0.19905088489892372,135.9517543859649,135.9517543859649,0.9695195324757923,4.0,0.008406224375317897,0.021323134599800567,0.2622768340914979,0.0014619883040935672,0.0,7.746635523581635,0.991844828157048,1.0
