item_id,dataset,is_correct,ng2_FF_count,ng2_FF_rate,ng2_FV_count,ng2_FV_rate,ng2_FB_count,ng2_FB_rate,ng2_FR_count,ng2_FR_rate,ng2_FS_count,ng2_FS_rate,ng2_FH_count,ng2_FH_rate,ng2_FC_count,ng2_FC_rate,ng2_VF_count,ng2_VF_rate,ng2_VV_count,ng2_VV_rate,ng2_VB_count,ng2_VB_rate,ng2_VR_count,ng2_VR_rate,ng2_VS_count,ng2_VS_rate,ng2_VH_count,ng2_VH_rate,ng2_VC_count,ng2_VC_rate,ng2_BF_count,ng2_BF_rate,ng2_BV_count,ng2_BV_rate,ng2_BB_count,ng2_BB_rate,ng2_BR_count,ng2_BR_rate,ng2_BS_count,ng2_BS_rate,ng2_BH_count,ng2_BH_rate,ng2_BC_count,ng2_BC_rate,ng2_RF_count,ng2_RF_rate,ng2_RV_count,ng2_RV_rate,ng2_RB_count,ng2_RB_rate,ng2_RR_count,ng2_RR_rate,ng2_RS_count,ng2_RS_rate,ng2_RH_count,ng2_RH_rate,ng2_RC_count,ng2_RC_rate,ng2_SF_count,ng2_SF_rate,ng2_SV_count,ng2_SV_rate,ng2_SB_count,ng2_SB_rate,ng2_SR_count,ng2_SR_rate,ng2_SS_count,ng2_SS_rate,ng2_SH_count,ng2_SH_rate,ng2_SC_count,ng2_SC_rate,ng2_HF_count,ng2_HF_rate,ng2_HV_count,ng2_HV_rate,ng2_HB_count,ng2_HB_rate,ng2_HR_count,ng2_HR_rate,ng2_HS_count,ng2_HS_rate,ng2_HH_count,ng2_HH_rate,ng2_HC_count,ng2_HC_rate,ng2_CF_count,ng2_CF_rate,ng2_CV_count,ng2_CV_rate,ng2_CB_count,ng2_CB_rate,ng2_CR_count,ng2_CR_rate,ng2_CS_count,ng2_CS_rate,ng2_CH_count,ng2_CH_rate,ng2_CC_count,ng2_CC_rate,ng3_FFF_count,ng3_FFF_rate,ng3_BFF_count,ng3_BFF_rate,ng3_FFB_count,ng3_FFB_rate,ng3_FBF_count,ng3_FBF_rate,ng3_FFH_count,ng3_FFH_rate,ng3_HFF_count,ng3_HFF_rate,ng3_FHF_count,ng3_FHF_rate,ng3_BBF_count,ng3_BBF_rate,ng3_FBB_count,ng3_FBB_rate,ng3_FFR_count,ng3_FFR_rate,ng3_RFF_count,ng3_RFF_rate,ng3_SFF_count,ng3_SFF_rate,ng3_BFB_count,ng3_BFB_rate,ng3_FRF_count,ng3_FRF_rate,ng3_VFF_count,ng3_VFF_rate,ng3_HBF_count,ng3_HBF_rate,ng3_FFC_count,ng3_FFC_rate,ng3_FHB_count,ng3_FHB_rate,ng3_RBF_count,ng3_RBF_rate,ng3_FVF_count,ng3_FVF_rate,ng3_FFV_count,ng3_FFV_rate,ng3_BBB_count,ng3_BBB_rate,ng3_FBH_count,ng3_FBH_rate,ng3_FSF_count,ng3_FSF_rate,ng3_FFS_count,ng3_FFS_rate,ng3_FHR_count,ng3_FHR_rate,ng3_FRB_count,ng3_FRB_rate,ng3_BFH_count,ng3_BFH_rate,ng3_BHF_count,ng3_BHF_rate,ng3_HRF_count,ng3_HRF_rate,ng3_RFB_count,ng3_RFB_rate,ng3_FHH_count,ng3_FHH_rate,ng3_BFR_count,ng3_BFR_rate,ng3_FBR_count,ng3_FBR_rate,ng3_HRB_count,ng3_HRB_rate,ng3_BHB_count,ng3_BHB_rate,ng3_BRB_count,ng3_BRB_rate,ng3_HFB_count,ng3_HFB_rate,ng3_BRF_count,ng3_BRF_rate,ng3_BVF_count,ng3_BVF_rate,ng3_HHF_count,ng3_HHF_rate,ng3_BHR_count,ng3_BHR_rate,ng3_HFH_count,ng3_HFH_rate,ng3_FBV_count,ng3_FBV_rate,ng3_HBB_count,ng3_HBB_rate,ng3_FCF_count,ng3_FCF_rate,ng3_RBB_count,ng3_RBB_rate,ng3_FRH_count,ng3_FRH_rate,ng3_HBH_count,ng3_HBH_rate,ng3_RBH_count,ng3_RBH_rate,ng3_rare_BSC_present,ng3_rare_CFS_present,ng3_rare_CHV_present,ng3_rare_CSH_present,ng3_rare_FCS_present,ng3_rare_RSH_present,ng3_rare_RSS_present,ng3_rare_RVS_present,ng3_rare_RVV_present,ng3_rare_SCC_present,ng3_rare_SCF_present,ng3_rare_SCR_present,ng3_rare_SHC_present,ng3_rare_SRR_present,ng3_rare_SRS_present,ng3_rare_SRV_present,ng3_rare_SSV_present,ng3_rare_SVH_present,ng3_rare_VBC_present,ng3_rare_VCH_present,ng_pos_BV,ng_pos_VB,ng_pos_BF,ng_pos_VF,ng_pos_FC,ng_pos_HB,ng_pos_RF,ng_pos_BVF,ng_pos_VBV,ng_pos_FVF,ng_pos_BVB,ng_pos_HHH,behavior_seq_len
math500_0000,math500_deepseek_r1,0,11.0,0.5789473684210527,0.0,0.0,1.0,0.05263157894736842,1.0,0.05263157894736842,1.0,0.05263157894736842,0.0,0.0,1.0,0.05263157894736842,0.0,0.0,0.0,0.0,0.0,0.0,0.0,0.0,0.0,0.0,0.0,0.0,0.0,0.0,1.0,0.05263157894736842,0.0,0.0,0.0,0.0,0.0,0.0,0.0,0.0,0.0,0.0,0.0,0.0,1.0,0.05263157894736842,0.0,0.0,0.0,0.0,0.0,0.0,0.0,0.0,0.0,0.0,0.0,0.0,1.0,0.05263157894736842,0.0,0.0,0.0,0.0,0.0,0.0,0.0,0.0,0.0,0.0,0.0,0.0,0.0,0.0,0.0,0.0,0.0,0.0,0.0,0.0,0.0,0.0,0.0,0.0,0.0,0.0,1.0,0.05263157894736842,0.0,0.0,0.0,0.0,0.0,0.0,0.0,0.0,0.0,0.0,0.0,0.0,7.0,0.3888888888888889,1.0,0.05555555555555555,1.0,0.05555555555555555,1.0,0.05555555555555555,0.0,0.0,0.0,0.0,0.0,0.0,0.0,0.0,0.0,0.0,1.0,0.05555555555555555,0.0,0.0,1.0,0.05555555555555555,0.0,0.0,1.0,0.05555555555555555,0.0,0.0,0.0,0.0,1.0,0.05555555555555555,0.0,0.0,0.0,0.0,0.0,0.0,0.0,0.0,0.0,0.0,0.0,0.0,1.0,0.05555555555555555,1.0,0.05555555555555555,0.0,0.0,0.0,0.0,0.0,0.0,0.0,0.0,0.0,0.0,0.0,0.0,0.0,0.0,0.0,0.0,0.0,0.0,0.0,0.0,0.0,0.0,0.0,0.0,0.0,0.0,0.0,0.0,0.0,0.0,0.0,0.0,0.0,0.0,0.0,0.0,0.0,0.0,0.0,0.0,1.0,0.05555555555555555,0.0,0.0,0.0,0.0,0.0,0.0,0.0,0.0,0.0,0.0,0.0,0.0,0.0,0.0,0.0,0.0,0.0,0.0,0.0,0.0,0.0,0.0,0.0,0.0,0.0,0.0,0.0,0.0,0.0,0.0,0.5,0.0,0.6,0.0,0.95,0.0,0.0,0.0,0.0,0.0,20.0
math500_0001,math500_deepseek_r1,1,27.0,0.6136363636363636,1.0,0.022727272727272728,0.0,0.0,1.0,0.022727272727272728,1.0,0.022727272727272728,0.0,0.0,5.0,0.11363636363636363,2.0,0.045454545454545456,0.0,0.0,0.0,0.0,0.0,0.0,0.0,0.0,0.0,0.0,0.0,0.0,0.0,0.0,0.0,0.0,0.0,0.0,0.0,0.0,0.0,0.0,0.0,0.0,0.0,0.0,1.0,0.022727272727272728,0.0,0.0,0.0,0.0,0.0,0.0,0.0,0.0,0.0,0.0,0.0,0.0,1.0,0.022727272727272728,0.0,0.0,0.0,0.0,0.0,0.0,0.0,0.0,0.0,0.0,0.0,0.0,0.0,0.0,0.0,0.0,0.0,0.0,0.0,0.0,0.0,0.0,0.0,0.0,0.0,0.0,3.0,0.06818181818181818,1.0,0.022727272727272728,0.0,0.0,0.0,0.0,0.0,0.0,0.0,0.0,1.0,0.022727272727272728,22.0,0.5116279069767442,0.0,0.0,0.0,0.0,0.0,0.0,0.0,0.0,0.0,0.0,0.0,0.0,0.0,0.0,0.0,0.0,0.0,0.0,0.0,0.0,1.0,0.023255813953488372,0.0,0.0,1.0,0.023255813953488372,2.0,0.046511627906976744,0.0,0.0,3.0,0.06976744186046512,0.0,0.0,0.0,0.0,1.0,0.023255813953488372,1.0,0.023255813953488372,0.0,0.0,0.0,0.0,1.0,0.023255813953488372,1.0,0.023255813953488372,0.0,0.0,0.0,0.0,0.0,0.0,0.0,0.0,0.0,0.0,0.0,0.0,0.0,0.0,0.0,0.0,0.0,0.0,0.0,0.0,0.0,0.0,0.0,0.0,0.0,0.0,0.0,0.0,0.0,0.0,0.0,0.0,0.0,0.0,0.0,0.0,0.0,0.0,0.0,0.0,2.0,0.046511627906976744,0.0,0.0,0.0,0.0,0.0,0.0,0.0,0.0,0.0,0.0,0.0,0.0,0.0,0.0,0.0,0.0,0.0,0.0,0.0,0.0,0.0,0.0,0.0,0.0,0.0,0.0,0.0,0.0,0.0,0.0,0.0,1.1555555555555557,3.4222222222222225,0.0,0.6222222222222222,0.0,0.0,0.7777777777777778,0.0,0.0,45.0
math500_0002,math500_deepseek_r1,0,6.0,0.8571428571428571,0.0,0.0,0.0,0.0,0.0,0.0,0.0,0.0,0.0,0.0,1.0,0.14285714285714285,0.0,0.0,0.0,0.0,0.0,0.0,0.0,0.0,0.0,0.0,0.0,0.0,0.0,0.0,0.0,0.0,0.0,0.0,0.0,0.0,0.0,0.0,0.0,0.0,0.0,0.0,0.0,0.0,0.0,0.0,0.0,0.0,0.0,0.0,0.0,0.0,0.0,0.0,0.0,0.0,0.0,0.0,0.0,0.0,0.0,0.0,0.0,0.0,0.0,0.0,0.0,0.0,0.0,0.0,0.0,0.0,0.0,0.0,0.0,0.0,0.0,0.0,0.0,0.0,0.0,0.0,0.0,0.0,0.0,0.0,0.0,0.0,0.0,0.0,0.0,0.0,0.0,0.0,0.0,0.0,0.0,0.0,0.0,0.0,5.0,0.8333333333333334,0.0,0.0,0.0,0.0,0.0,0.0,0.0,0.0,0.0,0.0,0.0,0.0,0.0,0.0,0.0,0.0,0.0,0.0,0.0,0.0,0.0,0.0,0.0,0.0,0.0,0.0,0.0,0.0,0.0,0.0,1.0,0.16666666666666666,0.0,0.0,0.0,0.0,0.0,0.0,0.0,0.0,0.0,0.0,0.0,0.0,0.0,0.0,0.0,0.0,0.0,0.0,0.0,0.0,0.0,0.0,0.0,0.0,0.0,0.0,0.0,0.0,0.0,0.0,0.0,0.0,0.0,0.0,0.0,0.0,0.0,0.0,0.0,0.0,0.0,0.0,0.0,0.0,0.0,0.0,0.0,0.0,0.0,0.0,0.0,0.0,0.0,0.0,0.0,0.0,0.0,0.0,0.0,0.0,0.0,0.0,0.0,0.0,0.0,0.0,0.0,0.0,0.0,0.0,0.0,0.0,0.0,0.0,0.0,0.0,0.0,0.0,0.0,0.0,0.0,0.0,0.0,0.0,0.0,0.0,0.0,0.0,0.0,0.0,0.875,0.0,0.0,0.0,0.0,0.0,0.0,0.0,8.0
math500_0003,math500_deepseek_r1,1,1.0,0.1111111111111111,0.0,0.0,0.0,0.0,1.0,0.1111111111111111,1.0,0.1111111111111111,0.0,0.0,1.0,0.1111111111111111,0.0,0.0,0.0,0.0,0.0,0.0,0.0,0.0,0.0,0.0,0.0,0.0,0.0,0.0,0.0,0.0,0.0,0.0,0.0,0.0,0.0,0.0,0.0,0.0,0.0,0.0,0.0,0.0,1.0,0.1111111111111111,0.0,0.0,0.0,0.0,0.0,0.0,0.0,0.0,0.0,0.0,0.0,0.0,2.0,0.2222222222222222,0.0,0.0,0.0,0.0,0.0,0.0,1.0,0.1111111111111111,0.0,0.0,0.0,0.0,0.0,0.0,0.0,0.0,0.0,0.0,0.0,0.0,0.0,0.0,0.0,0.0,0.0,0.0,1.0,0.1111111111111111,0.0,0.0,0.0,0.0,0.0,0.0,0.0,0.0,0.0,0.0,0.0,0.0,0.0,0.0,0.0,0.0,0.0,0.0,0.0,0.0,0.0,0.0,0.0,0.0,0.0,0.0,0.0,0.0,0.0,0.0,0.0,0.0,0.0,0.0,1.0,0.125,0.0,0.0,1.0,0.125,0.0,0.0,0.0,0.0,1.0,0.125,0.0,0.0,0.0,0.0,0.0,0.0,0.0,0.0,0.0,0.0,0.0,0.0,1.0,0.125,0.0,0.0,0.0,0.0,0.0,0.0,0.0,0.0,0.0,0.0,0.0,0.0,0.0,0.0,0.0,0.0,0.0,0.0,0.0,0.0,0.0,0.0,0.0,0.0,0.0,0.0,0.0,0.0,0.0,0.0,0.0,0.0,0.0,0.0,0.0,0.0,0.0,0.0,0.0,0.0,0.0,0.0,1.0,0.125,0.0,0.0,0.0,0.0,0.0,0.0,0.0,0.0,0.0,0.0,0.0,0.0,0.0,0.0,0.0,0.0,0.0,0.0,0.0,0.0,0.0,0.0,0.0,0.0,0.0,0.0,0.0,0.0,0.0,0.0,0.0,0.0,0.8,0.0,0.4,0.0,0.0,0.0,0.0,0.0,10.0
math500_0004,math500_deepseek_r1,0,37.0,0.8222222222222222,0.0,0.0,2.0,0.044444444444444446,0.0,0.0,0.0,0.0,0.0,0.0,2.0,0.044444444444444446,1.0,0.022222222222222223,0.0,0.0,0.0,0.0,0.0,0.0,0.0,0.0,0.0,0.0,0.0,0.0,2.0,0.044444444444444446,0.0,0.0,0.0,0.0,0.0,0.0,0.0,0.0,0.0,0.0,0.0,0.0,0.0,0.0,0.0,0.0,0.0,0.0,0.0,0.0,0.0,0.0,0.0,0.0,0.0,0.0,0.0,0.0,0.0,0.0,0.0,0.0,0.0,0.0,0.0,0.0,0.0,0.0,0.0,0.0,0.0,0.0,0.0,0.0,0.0,0.0,0.0,0.0,0.0,0.0,0.0,0.0,0.0,0.0,0.0,0.0,1.0,0.022222222222222223,0.0,0.0,0.0,0.0,0.0,0.0,0.0,0.0,0.0,0.0,33.0,0.75,2.0,0.045454545454545456,2.0,0.045454545454545456,2.0,0.045454545454545456,0.0,0.0,0.0,0.0,0.0,0.0,0.0,0.0,0.0,0.0,0.0,0.0,0.0,0.0,0.0,0.0,0.0,0.0,0.0,0.0,1.0,0.022727272727272728,0.0,0.0,2.0,0.045454545454545456,0.0,0.0,0.0,0.0,0.0,0.0,0.0,0.0,0.0,0.0,0.0,0.0,0.0,0.0,0.0,0.0,0.0,0.0,0.0,0.0,0.0,0.0,0.0,0.0,0.0,0.0,0.0,0.0,0.0,0.0,0.0,0.0,0.0,0.0,0.0,0.0,0.0,0.0,0.0,0.0,0.0,0.0,0.0,0.0,0.0,0.0,0.0,0.0,0.0,0.0,0.0,0.0,0.0,0.0,0.0,0.0,0.0,0.0,0.0,0.0,0.0,0.0,0.0,0.0,0.0,0.0,0.0,0.0,0.0,0.0,0.0,0.0,0.0,0.0,0.0,0.0,0.0,0.0,0.0,0.0,0.0,0.0,0.0,0.0,0.0,0.0,0.0,0.0,1.0652173913043477,0.8043478260869565,1.7391304347826089,0.0,0.0,0.0,0.0,0.0,0.0,0.0,46.0
math500_0005,math500_deepseek_r1,1,16.0,0.5161290322580645,0.0,0.0,3.0,0.0967741935483871,0.0,0.0,0.0,0.0,0.0,0.0,4.0,0.12903225806451613,1.0,0.03225806451612903,0.0,0.0,0.0,0.0,0.0,0.0,0.0,0.0,0.0,0.0,0.0,0.0,3.0,0.0967741935483871,0.0,0.0,1.0,0.03225806451612903,0.0,0.0,0.0,0.0,0.0,0.0,0.0,0.0,0.0,0.0,0.0,0.0,0.0,0.0,0.0,0.0,0.0,0.0,0.0,0.0,0.0,0.0,0.0,0.0,0.0,0.0,0.0,0.0,0.0,0.0,0.0,0.0,0.0,0.0,0.0,0.0,0.0,0.0,0.0,0.0,0.0,0.0,0.0,0.0,0.0,0.0,0.0,0.0,0.0,0.0,2.0,0.06451612903225806,1.0,0.03225806451612903,0.0,0.0,0.0,0.0,0.0,0.0,0.0,0.0,0.0,0.0,11.0,0.36666666666666664,2.0,0.06666666666666667,2.0,0.06666666666666667,2.0,0.06666666666666667,0.0,0.0,0.0,0.0,0.0,0.0,1.0,0.03333333333333333,1.0,0.03333333333333333,0.0,0.0,0.0,0.0,0.0,0.0,0.0,0.0,0.0,0.0,1.0,0.03333333333333333,0.0,0.0,3.0,0.1,0.0,0.0,0.0,0.0,0.0,0.0,0.0,0.0,0.0,0.0,0.0,0.0,0.0,0.0,0.0,0.0,0.0,0.0,0.0,0.0,0.0,0.0,0.0,0.0,0.0,0.0,0.0,0.0,0.0,0.0,0.0,0.0,0.0,0.0,0.0,0.0,0.0,0.0,0.0,0.0,0.0,0.0,0.0,0.0,0.0,0.0,0.0,0.0,0.0,0.0,0.0,0.0,0.0,0.0,0.0,0.0,2.0,0.06666666666666667,0.0,0.0,0.0,0.0,0.0,0.0,0.0,0.0,0.0,0.0,0.0,0.0,0.0,0.0,0.0,0.0,0.0,0.0,0.0,0.0,0.0,0.0,0.0,0.0,0.0,0.0,0.0,0.0,0.0,0.0,1.25,0.78125,3.125,0.0,0.0,0.0,0.0,0.0,0.0,0.0,32.0
math500_0006,math500_deepseek_r1,1,28.0,0.7368421052631579,1.0,0.02631578947368421,1.0,0.02631578947368421,0.0,0.0,0.0,0.0,0.0,0.0,3.0,0.07894736842105263,1.0,0.02631578947368421,0.0,0.0,0.0,0.0,0.0,0.0,0.0,0.0,0.0,0.0,0.0,0.0,1.0,0.02631578947368421,0.0,0.0,0.0,0.0,0.0,0.0,0.0,0.0,0.0,0.0,0.0,0.0,0.0,0.0,0.0,0.0,0.0,0.0,0.0,0.0,0.0,0.0,0.0,0.0,0.0,0.0,0.0,0.0,0.0,0.0,0.0,0.0,0.0,0.0,0.0,0.0,0.0,0.0,0.0,0.0,0.0,0.0,0.0,0.0,0.0,0.0,0.0,0.0,0.0,0.0,0.0,0.0,0.0,0.0,2.0,0.05263157894736842,0.0,0.0,0.0,0.0,0.0,0.0,0.0,0.0,0.0,0.0,1.0,0.02631578947368421,24.0,0.6486486486486487,1.0,0.02702702702702703,1.0,0.02702702702702703,1.0,0.02702702702702703,0.0,0.0,0.0,0.0,0.0,0.0,0.0,0.0,0.0,0.0,0.0,0.0,0.0,0.0,0.0,0.0,0.0,0.0,0.0,0.0,1.0,0.02702702702702703,0.0,0.0,2.0,0.05405405405405406,0.0,0.0,0.0,0.0,1.0,0.02702702702702703,1.0,0.02702702702702703,0.0,0.0,0.0,0.0,0.0,0.0,0.0,0.0,0.0,0.0,0.0,0.0,0.0,0.0,0.0,0.0,0.0,0.0,0.0,0.0,0.0,0.0,0.0,0.0,0.0,0.0,0.0,0.0,0.0,0.0,0.0,0.0,0.0,0.0,0.0,0.0,0.0,0.0,0.0,0.0,0.0,0.0,0.0,0.0,0.0,0.0,0.0,0.0,1.0,0.02702702702702703,0.0,0.0,0.0,0.0,0.0,0.0,0.0,0.0,0.0,0.0,0.0,0.0,0.0,0.0,0.0,0.0,0.0,0.0,0.0,0.0,0.0,0.0,0.0,0.0,0.0,0.0,0.0,0.0,0.0,0.0,0.3333333333333333,0.717948717948718,2.6153846153846154,0.0,0.0,0.0,0.0,0.6923076923076923,0.0,0.0,39.0
math500_0007,math500_deepseek_r1,0,53.0,0.654320987654321,1.0,0.012345679012345678,3.0,0.037037037037037035,6.0,0.07407407407407407,2.0,0.024691358024691357,0.0,0.0,1.0,0.012345679012345678,1.0,0.012345679012345678,0.0,0.0,0.0,0.0,0.0,0.0,0.0,0.0,0.0,0.0,0.0,0.0,4.0,0.04938271604938271,0.0,0.0,0.0,0.0,0.0,0.0,0.0,0.0,0.0,0.0,0.0,0.0,5.0,0.06172839506172839,0.0,0.0,1.0,0.012345679012345678,0.0,0.0,0.0,0.0,0.0,0.0,0.0,0.0,2.0,0.024691358024691357,0.0,0.0,0.0,0.0,0.0,0.0,1.0,0.012345679012345678,0.0,0.0,0.0,0.0,0.0,0.0,0.0,0.0,0.0,0.0,0.0,0.0,0.0,0.0,0.0,0.0,0.0,0.0,0.0,0.0,0.0,0.0,0.0,0.0,0.0,0.0,0.0,0.0,0.0,0.0,1.0,0.012345679012345678,42.0,0.525,4.0,0.05,1.0,0.0125,3.0,0.0375,0.0,0.0,0.0,0.0,0.0,0.0,0.0,0.0,0.0,0.0,6.0,0.075,3.0,0.0375,2.0,0.025,0.0,0.0,5.0,0.0625,1.0,0.0125,0.0,0.0,1.0,0.0125,0.0,0.0,1.0,0.0125,1.0,0.0125,1.0,0.0125,0.0,0.0,0.0,0.0,1.0,0.0125,2.0,0.025,0.0,0.0,1.0,0.0125,0.0,0.0,0.0,0.0,0.0,0.0,2.0,0.025,0.0,0.0,0.0,0.0,0.0,0.0,0.0,0.0,0.0,0.0,0.0,0.0,0.0,0.0,0.0,0.0,0.0,0.0,0.0,0.0,0.0,0.0,0.0,0.0,0.0,0.0,0.0,0.0,0.0,0.0,0.0,0.0,0.0,0.0,0.0,0.0,0.0,0.0,0.0,0.0,0.0,0.0,0.0,0.0,0.0,0.0,0.0,0.0,0.0,0.0,0.0,0.0,0.0,0.0,0.0,0.0,0.0,0.0,0.0,0.0,1.878048780487805,0.8170731707317073,0.975609756097561,0.0,2.926829268292683,0.0,0.0,0.8048780487804879,0.0,0.0,82.0
math500_0008,math500_deepseek_r1,0,6.0,0.75,0.0,0.0,0.0,0.0,0.0,0.0,0.0,0.0,0.0,0.0,1.0,0.125,0.0,0.0,0.0,0.0,0.0,0.0,0.0,0.0,0.0,0.0,0.0,0.0,0.0,0.0,0.0,0.0,0.0,0.0,0.0,0.0,0.0,0.0,0.0,0.0,0.0,0.0,0.0,0.0,0.0,0.0,0.0,0.0,0.0,0.0,0.0,0.0,0.0,0.0,0.0,0.0,0.0,0.0,1.0,0.125,0.0,0.0,0.0,0.0,0.0,0.0,0.0,0.0,0.0,0.0,0.0,0.0,0.0,0.0,0.0,0.0,0.0,0.0,0.0,0.0,0.0,0.0,0.0,0.0,0.0,0.0,0.0,0.0,0.0,0.0,0.0,0.0,0.0,0.0,0.0,0.0,0.0,0.0,0.0,0.0,5.0,0.7142857142857143,0.0,0.0,0.0,0.0,0.0,0.0,0.0,0.0,0.0,0.0,0.0,0.0,0.0,0.0,0.0,0.0,0.0,0.0,0.0,0.0,1.0,0.14285714285714285,0.0,0.0,0.0,0.0,0.0,0.0,0.0,0.0,1.0,0.14285714285714285,0.0,0.0,0.0,0.0,0.0,0.0,0.0,0.0,0.0,0.0,0.0,0.0,0.0,0.0,0.0,0.0,0.0,0.0,0.0,0.0,0.0,0.0,0.0,0.0,0.0,0.0,0.0,0.0,0.0,0.0,0.0,0.0,0.0,0.0,0.0,0.0,0.0,0.0,0.0,0.0,0.0,0.0,0.0,0.0,0.0,0.0,0.0,0.0,0.0,0.0,0.0,0.0,0.0,0.0,0.0,0.0,0.0,0.0,0.0,0.0,0.0,0.0,0.0,0.0,0.0,0.0,0.0,0.0,0.0,0.0,0.0,0.0,0.0,0.0,0.0,0.0,0.0,0.0,0.0,0.0,0.0,0.0,0.0,0.0,0.0,0.0,0.0,0.0,0.0,0.0,0.8888888888888888,0.0,0.0,0.0,0.0,0.0,0.0,0.0,9.0
math500_0009,math500_deepseek_r1,1,304.0,0.8063660477453581,2.0,0.005305039787798408,23.0,0.0610079575596817,2.0,0.005305039787798408,0.0,0.0,3.0,0.007957559681697613,5.0,0.013262599469496022,2.0,0.005305039787798408,0.0,0.0,0.0,0.0,0.0,0.0,0.0,0.0,0.0,0.0,0.0,0.0,23.0,0.0610079575596817,0.0,0.0,3.0,0.007957559681697613,0.0,0.0,0.0,0.0,0.0,0.0,0.0,0.0,2.0,0.005305039787798408,0.0,0.0,0.0,0.0,0.0,0.0,0.0,0.0,0.0,0.0,0.0,0.0,0.0,0.0,0.0,0.0,0.0,0.0,0.0,0.0,0.0,0.0,0.0,0.0,0.0,0.0,3.0,0.007957559681697613,0.0,0.0,0.0,0.0,0.0,0.0,0.0,0.0,0.0,0.0,0.0,0.0,4.0,0.010610079575596816,0.0,0.0,0.0,0.0,0.0,0.0,0.0,0.0,0.0,0.0,1.0,0.002652519893899204,273.0,0.726063829787234,20.0,0.05319148936170213,21.0,0.05585106382978723,21.0,0.05585106382978723,1.0,0.0026595744680851063,2.0,0.005319148936170213,3.0,0.007978723404255319,2.0,0.005319148936170213,2.0,0.005319148936170213,2.0,0.005319148936170213,2.0,0.005319148936170213,0.0,0.0,2.0,0.005319148936170213,2.0,0.005319148936170213,2.0,0.005319148936170213,0.0,0.0,5.0,0.013297872340425532,0.0,0.0,0.0,0.0,2.0,0.005319148936170213,2.0,0.005319148936170213,1.0,0.0026595744680851063,0.0,0.0,0.0,0.0,0.0,0.0,0.0,0.0,0.0,0.0,1.0,0.0026595744680851063,0.0,0.0,0.0,0.0,0.0,0.0,0.0,0.0,0.0,0.0,0.0,0.0,0.0,0.0,0.0,0.0,0.0,0.0,0.0,0.0,0.0,0.0,0.0,0.0,0.0,0.0,0.0,0.0,1.0,0.0026595744680851063,0.0,0.0,0.0,0.0,4.0,0.010638297872340425,0.0,0.0,0.0,0.0,0.0,0.0,0.0,0.0,0.0,0.0,0.0,0.0,0.0,0.0,0.0,0.0,0.0,0.0,0.0,0.0,0.0,0.0,0.0,0.0,0.0,0.0,0.0,0.0,0.0,0.0,12.67195767195767,1.4735449735449735,4.211640211640212,0.0,0.31216931216931215,0.0,0.0,1.4682539682539684,0.0,0.0,378.0
math500_0010,math500_deepseek_r1,1,112.0,0.8115942028985508,0.0,0.0,7.0,0.050724637681159424,0.0,0.0,2.0,0.014492753623188406,0.0,0.0,3.0,0.021739130434782608,1.0,0.007246376811594203,0.0,0.0,0.0,0.0,0.0,0.0,0.0,0.0,0.0,0.0,0.0,0.0,7.0,0.050724637681159424,0.0,0.0,0.0,0.0,0.0,0.0,0.0,0.0,0.0,0.0,0.0,0.0,1.0,0.007246376811594203,0.0,0.0,0.0,0.0,0.0,0.0,0.0,0.0,0.0,0.0,0.0,0.0,1.0,0.007246376811594203,0.0,0.0,0.0,0.0,1.0,0.007246376811594203,0.0,0.0,0.0,0.0,0.0,0.0,0.0,0.0,0.0,0.0,0.0,0.0,0.0,0.0,0.0,0.0,0.0,0.0,0.0,0.0,1.0,0.007246376811594203,1.0,0.007246376811594203,0.0,0.0,0.0,0.0,0.0,0.0,0.0,0.0,1.0,0.007246376811594203,100.0,0.7299270072992701,7.0,0.051094890510948905,7.0,0.051094890510948905,7.0,0.051094890510948905,0.0,0.0,0.0,0.0,0.0,0.0,0.0,0.0,0.0,0.0,0.0,0.0,1.0,0.0072992700729927005,1.0,0.0072992700729927005,0.0,0.0,0.0,0.0,1.0,0.0072992700729927005,0.0,0.0,3.0,0.021897810218978103,0.0,0.0,0.0,0.0,0.0,0.0,0.0,0.0,0.0,0.0,0.0,0.0,1.0,0.0072992700729927005,2.0,0.014598540145985401,0.0,0.0,0.0,0.0,0.0,0.0,0.0,0.0,0.0,0.0,0.0,0.0,0.0,0.0,0.0,0.0,0.0,0.0,0.0,0.0,0.0,0.0,0.0,0.0,0.0,0.0,0.0,0.0,0.0,0.0,0.0,0.0,0.0,0.0,0.0,0.0,0.0,0.0,0.0,0.0,1.0,0.0072992700729927005,0.0,0.0,0.0,0.0,0.0,0.0,0.0,0.0,0.0,0.0,0.0,0.0,0.0,0.0,0.0,0.0,0.0,0.0,0.0,0.0,0.0,0.0,0.0,0.0,0.0,0.0,0.0,0.0,0.0,0.0,3.712230215827338,0.8057553956834532,2.381294964028777,0.0,0.09352517985611511,0.0,0.0,0.0,0.0,0.0,139.0
math500_0011,math500_deepseek_r1,0,178.0,0.8202764976958525,3.0,0.013824884792626729,8.0,0.03686635944700461,5.0,0.02304147465437788,0.0,0.0,1.0,0.004608294930875576,1.0,0.004608294930875576,1.0,0.004608294930875576,0.0,0.0,0.0,0.0,1.0,0.004608294930875576,0.0,0.0,0.0,0.0,1.0,0.004608294930875576,8.0,0.03686635944700461,0.0,0.0,0.0,0.0,0.0,0.0,0.0,0.0,0.0,0.0,0.0,0.0,6.0,0.027649769585253458,0.0,0.0,0.0,0.0,0.0,0.0,0.0,0.0,0.0,0.0,0.0,0.0,0.0,0.0,0.0,0.0,0.0,0.0,0.0,0.0,0.0,0.0,0.0,0.0,0.0,0.0,1.0,0.004608294930875576,0.0,0.0,0.0,0.0,0.0,0.0,0.0,0.0,0.0,0.0,0.0,0.0,1.0,0.004608294930875576,0.0,0.0,0.0,0.0,0.0,0.0,0.0,0.0,0.0,0.0,2.0,0.009216589861751152,162.0,0.75,7.0,0.032407407407407406,7.0,0.032407407407407406,8.0,0.037037037037037035,1.0,0.004629629629629629,1.0,0.004629629629629629,1.0,0.004629629629629629,0.0,0.0,0.0,0.0,5.0,0.023148148148148147,5.0,0.023148148148148147,0.0,0.0,0.0,0.0,5.0,0.023148148148148147,1.0,0.004629629629629629,0.0,0.0,1.0,0.004629629629629629,0.0,0.0,0.0,0.0,1.0,0.004629629629629629,2.0,0.009259259259259259,0.0,0.0,0.0,0.0,0.0,0.0,0.0,0.0,0.0,0.0,0.0,0.0,0.0,0.0,0.0,0.0,0.0,0.0,1.0,0.004629629629629629,0.0,0.0,0.0,0.0,0.0,0.0,0.0,0.0,0.0,0.0,0.0,0.0,0.0,0.0,0.0,0.0,0.0,0.0,0.0,0.0,0.0,0.0,0.0,0.0,0.0,0.0,0.0,0.0,0.0,0.0,0.0,0.0,0.0,0.0,0.0,0.0,0.0,0.0,0.0,0.0,0.0,0.0,0.0,0.0,0.0,0.0,0.0,0.0,0.0,0.0,0.0,0.0,0.0,0.0,0.0,0.0,0.0,0.0,0.0,0.0,4.013761467889909,0.6055045871559633,0.9678899082568807,0.0,1.926605504587156,0.0,0.0,0.6009174311926605,0.0,0.0,218.0
math500_0012,math500_deepseek_r1,1,24.0,0.5333333333333333,0.0,0.0,1.0,0.022222222222222223,1.0,0.022222222222222223,0.0,0.0,1.0,0.022222222222222223,7.0,0.15555555555555556,1.0,0.022222222222222223,0.0,0.0,0.0,0.0,0.0,0.0,0.0,0.0,0.0,0.0,0.0,0.0,1.0,0.022222222222222223,0.0,0.0,0.0,0.0,0.0,0.0,0.0,0.0,0.0,0.0,0.0,0.0,1.0,0.022222222222222223,0.0,0.0,0.0,0.0,0.0,0.0,0.0,0.0,0.0,0.0,0.0,0.0,1.0,0.022222222222222223,0.0,0.0,0.0,0.0,0.0,0.0,0.0,0.0,0.0,0.0,0.0,0.0,1.0,0.022222222222222223,0.0,0.0,0.0,0.0,0.0,0.0,0.0,0.0,0.0,0.0,0.0,0.0,5.0,0.1111111111111111,1.0,0.022222222222222223,0.0,0.0,0.0,0.0,0.0,0.0,0.0,0.0,0.0,0.0,15.0,0.3409090909090909,1.0,0.022727272727272728,1.0,0.022727272727272728,1.0,0.022727272727272728,1.0,0.022727272727272728,1.0,0.022727272727272728,1.0,0.022727272727272728,0.0,0.0,0.0,0.0,1.0,0.022727272727272728,1.0,0.022727272727272728,1.0,0.022727272727272728,0.0,0.0,1.0,0.022727272727272728,1.0,0.022727272727272728,0.0,0.0,6.0,0.13636363636363635,0.0,0.0,0.0,0.0,0.0,0.0,0.0,0.0,0.0,0.0,0.0,0.0,0.0,0.0,0.0,0.0,0.0,0.0,0.0,0.0,0.0,0.0,0.0,0.0,0.0,0.0,0.0,0.0,0.0,0.0,0.0,0.0,0.0,0.0,0.0,0.0,0.0,0.0,0.0,0.0,0.0,0.0,0.0,0.0,0.0,0.0,0.0,0.0,0.0,0.0,0.0,0.0,0.0,0.0,0.0,0.0,5.0,0.11363636363636363,0.0,0.0,0.0,0.0,0.0,0.0,0.0,0.0,0.0,0.0,0.0,0.0,0.0,0.0,0.0,0.0,0.0,0.0,0.0,0.0,0.0,0.0,0.0,0.0,0.0,0.0,0.0,0.0,0.0,0.0,0.32608695652173914,0.8478260869565217,5.217391304347826,0.0,0.13043478260869565,0.0,0.0,0.0,0.0,0.0,46.0
math500_0013,math500_deepseek_r1,1,17.0,0.68,0.0,0.0,2.0,0.08,0.0,0.0,0.0,0.0,0.0,0.0,2.0,0.08,0.0,0.0,0.0,0.0,0.0,0.0,0.0,0.0,0.0,0.0,0.0,0.0,0.0,0.0,2.0,0.08,0.0,0.0,0.0,0.0,0.0,0.0,0.0,0.0,0.0,0.0,0.0,0.0,0.0,0.0,0.0,0.0,0.0,0.0,0.0,0.0,0.0,0.0,0.0,0.0,0.0,0.0,0.0,0.0,0.0,0.0,0.0,0.0,0.0,0.0,0.0,0.0,0.0,0.0,0.0,0.0,0.0,0.0,0.0,0.0,0.0,0.0,0.0,0.0,0.0,0.0,0.0,0.0,0.0,0.0,1.0,0.04,0.0,0.0,0.0,0.0,0.0,0.0,0.0,0.0,0.0,0.0,1.0,0.04,15.0,0.625,1.0,0.041666666666666664,1.0,0.041666666666666664,2.0,0.08333333333333333,0.0,0.0,0.0,0.0,0.0,0.0,0.0,0.0,0.0,0.0,0.0,0.0,0.0,0.0,0.0,0.0,0.0,0.0,0.0,0.0,0.0,0.0,0.0,0.0,1.0,0.041666666666666664,0.0,0.0,0.0,0.0,0.0,0.0,0.0,0.0,0.0,0.0,0.0,0.0,0.0,0.0,0.0,0.0,0.0,0.0,0.0,0.0,0.0,0.0,0.0,0.0,0.0,0.0,0.0,0.0,0.0,0.0,0.0,0.0,0.0,0.0,0.0,0.0,0.0,0.0,0.0,0.0,0.0,0.0,0.0,0.0,0.0,0.0,0.0,0.0,0.0,0.0,0.0,0.0,0.0,0.0,0.0,0.0,1.0,0.041666666666666664,0.0,0.0,0.0,0.0,0.0,0.0,0.0,0.0,0.0,0.0,0.0,0.0,0.0,0.0,0.0,0.0,0.0,0.0,0.0,0.0,0.0,0.0,0.0,0.0,0.0,0.0,0.0,0.0,0.0,0.0,1.1153846153846154,0.0,1.6923076923076925,0.0,0.0,0.0,0.0,0.0,0.0,0.0,26.0
math500_0014,math500_deepseek_r1,1,61.0,0.8133333333333334,0.0,0.0,3.0,0.04,1.0,0.013333333333333334,0.0,0.0,1.0,0.013333333333333334,2.0,0.02666666666666667,0.0,0.0,0.0,0.0,0.0,0.0,0.0,0.0,0.0,0.0,0.0,0.0,0.0,0.0,3.0,0.04,0.0,0.0,0.0,0.0,0.0,0.0,0.0,0.0,0.0,0.0,0.0,0.0,1.0,0.013333333333333334,0.0,0.0,0.0,0.0,0.0,0.0,0.0,0.0,0.0,0.0,0.0,0.0,0.0,0.0,0.0,0.0,0.0,0.0,0.0,0.0,0.0,0.0,0.0,0.0,0.0,0.0,0.0,0.0,0.0,0.0,0.0,0.0,0.0,0.0,0.0,0.0,0.0,0.0,1.0,0.013333333333333334,2.0,0.02666666666666667,0.0,0.0,0.0,0.0,0.0,0.0,0.0,0.0,0.0,0.0,0.0,0.0,54.0,0.7297297297297297,3.0,0.04054054054054054,3.0,0.04054054054054054,3.0,0.04054054054054054,1.0,0.013513513513513514,0.0,0.0,0.0,0.0,0.0,0.0,0.0,0.0,1.0,0.013513513513513514,1.0,0.013513513513513514,0.0,0.0,0.0,0.0,1.0,0.013513513513513514,0.0,0.0,0.0,0.0,2.0,0.02702702702702703,0.0,0.0,0.0,0.0,0.0,0.0,0.0,0.0,0.0,0.0,0.0,0.0,0.0,0.0,0.0,0.0,0.0,0.0,0.0,0.0,0.0,0.0,0.0,0.0,0.0,0.0,0.0,0.0,0.0,0.0,0.0,0.0,0.0,0.0,0.0,0.0,0.0,0.0,0.0,0.0,0.0,0.0,0.0,0.0,0.0,0.0,0.0,0.0,0.0,0.0,0.0,0.0,0.0,0.0,0.0,0.0,2.0,0.02702702702702703,0.0,0.0,0.0,0.0,0.0,0.0,0.0,0.0,0.0,0.0,0.0,0.0,0.0,0.0,0.0,0.0,0.0,0.0,0.0,0.0,0.0,0.0,0.0,0.0,0.0,0.0,0.0,0.0,0.0,0.0,0.881578947368421,0.0,1.8157894736842106,0.0,0.8289473684210527,0.0,0.0,0.0,0.0,0.0,76.0
math500_0015,math500_deepseek_r1,1,24.0,0.8,1.0,0.03333333333333333,0.0,0.0,0.0,0.0,0.0,0.0,0.0,0.0,2.0,0.06666666666666667,2.0,0.06666666666666667,0.0,0.0,0.0,0.0,0.0,0.0,0.0,0.0,0.0,0.0,0.0,0.0,0.0,0.0,0.0,0.0,0.0,0.0,0.0,0.0,0.0,0.0,0.0,0.0,0.0,0.0,0.0,0.0,0.0,0.0,0.0,0.0,0.0,0.0,0.0,0.0,0.0,0.0,0.0,0.0,0.0,0.0,0.0,0.0,0.0,0.0,0.0,0.0,0.0,0.0,0.0,0.0,0.0,0.0,0.0,0.0,0.0,0.0,0.0,0.0,0.0,0.0,0.0,0.0,0.0,0.0,0.0,0.0,0.0,0.0,1.0,0.03333333333333333,0.0,0.0,0.0,0.0,0.0,0.0,0.0,0.0,0.0,0.0,21.0,0.7241379310344828,0.0,0.0,0.0,0.0,0.0,0.0,0.0,0.0,0.0,0.0,0.0,0.0,0.0,0.0,0.0,0.0,0.0,0.0,0.0,0.0,0.0,0.0,0.0,0.0,0.0,0.0,2.0,0.06896551724137931,0.0,0.0,2.0,0.06896551724137931,0.0,0.0,0.0,0.0,1.0,0.034482758620689655,1.0,0.034482758620689655,0.0,0.0,0.0,0.0,0.0,0.0,0.0,0.0,0.0,0.0,0.0,0.0,0.0,0.0,0.0,0.0,0.0,0.0,0.0,0.0,0.0,0.0,0.0,0.0,0.0,0.0,0.0,0.0,0.0,0.0,0.0,0.0,0.0,0.0,0.0,0.0,0.0,0.0,0.0,0.0,0.0,0.0,0.0,0.0,0.0,0.0,0.0,0.0,0.0,0.0,0.0,0.0,0.0,0.0,0.0,0.0,0.0,0.0,0.0,0.0,0.0,0.0,0.0,0.0,0.0,0.0,0.0,0.0,0.0,0.0,0.0,0.0,0.0,0.0,0.0,0.0,0.0,0.0,0.0,0.0,0.0,1.5161290322580645,1.7419354838709677,0.0,0.0,0.0,0.0,0.6451612903225806,0.0,0.0,31.0
math500_0016,math500_deepseek_r1,1,10.0,0.6666666666666666,0.0,0.0,0.0,0.0,1.0,0.06666666666666667,0.0,0.0,0.0,0.0,1.0,0.06666666666666667,0.0,0.0,0.0,0.0,0.0,0.0,0.0,0.0,0.0,0.0,0.0,0.0,0.0,0.0,0.0,0.0,0.0,0.0,0.0,0.0,0.0,0.0,0.0,0.0,0.0,0.0,0.0,0.0,1.0,0.06666666666666667,0.0,0.0,0.0,0.0,0.0,0.0,0.0,0.0,0.0,0.0,0.0,0.0,1.0,0.06666666666666667,0.0,0.0,0.0,0.0,0.0,0.0,0.0,0.0,0.0,0.0,0.0,0.0,0.0,0.0,0.0,0.0,0.0,0.0,0.0,0.0,0.0,0.0,0.0,0.0,0.0,0.0,0.0,0.0,0.0,0.0,0.0,0.0,0.0,0.0,0.0,0.0,0.0,0.0,1.0,0.06666666666666667,8.0,0.5714285714285714,0.0,0.0,0.0,0.0,0.0,0.0,0.0,0.0,0.0,0.0,0.0,0.0,0.0,0.0,0.0,0.0,1.0,0.07142857142857142,1.0,0.07142857142857142,1.0,0.07142857142857142,0.0,0.0,1.0,0.07142857142857142,0.0,0.0,0.0,0.0,1.0,0.07142857142857142,0.0,0.0,0.0,0.0,0.0,0.0,0.0,0.0,0.0,0.0,0.0,0.0,0.0,0.0,0.0,0.0,0.0,0.0,0.0,0.0,0.0,0.0,0.0,0.0,0.0,0.0,0.0,0.0,0.0,0.0,0.0,0.0,0.0,0.0,0.0,0.0,0.0,0.0,0.0,0.0,0.0,0.0,0.0,0.0,0.0,0.0,0.0,0.0,0.0,0.0,0.0,0.0,0.0,0.0,0.0,0.0,0.0,0.0,0.0,0.0,0.0,0.0,0.0,0.0,0.0,0.0,0.0,0.0,0.0,0.0,0.0,0.0,0.0,0.0,0.0,0.0,0.0,0.0,0.0,0.0,0.0,0.0,0.0,0.0,0.0,0.0,0.0,0.0,0.0,0.0,0.875,0.0,0.6875,0.0,0.0,0.0,0.0,0.0,16.0
math500_0017,math500_deepseek_r1,1,155.0,0.7045454545454546,1.0,0.004545454545454545,15.0,0.06818181818181818,6.0,0.02727272727272727,1.0,0.004545454545454545,4.0,0.01818181818181818,4.0,0.01818181818181818,2.0,0.00909090909090909,0.0,0.0,0.0,0.0,0.0,0.0,0.0,0.0,0.0,0.0,0.0,0.0,16.0,0.07272727272727272,0.0,0.0,1.0,0.004545454545454545,0.0,0.0,0.0,0.0,0.0,0.0,0.0,0.0,5.0,0.022727272727272728,0.0,0.0,1.0,0.004545454545454545,0.0,0.0,0.0,0.0,0.0,0.0,0.0,0.0,1.0,0.004545454545454545,0.0,0.0,0.0,0.0,0.0,0.0,0.0,0.0,0.0,0.0,0.0,0.0,4.0,0.01818181818181818,0.0,0.0,0.0,0.0,0.0,0.0,0.0,0.0,0.0,0.0,0.0,0.0,2.0,0.00909090909090909,1.0,0.004545454545454545,0.0,0.0,0.0,0.0,0.0,0.0,0.0,0.0,1.0,0.004545454545454545,130.0,0.593607305936073,13.0,0.0593607305936073,12.0,0.0547945205479452,14.0,0.0639269406392694,4.0,0.0182648401826484,3.0,0.0136986301369863,4.0,0.0182648401826484,1.0,0.0045662100456621,1.0,0.0045662100456621,5.0,0.0228310502283105,5.0,0.0228310502283105,1.0,0.0045662100456621,2.0,0.0091324200913242,5.0,0.0228310502283105,1.0,0.0045662100456621,0.0,0.0,4.0,0.0182648401826484,0.0,0.0,1.0,0.0045662100456621,1.0,0.0045662100456621,0.0,0.0,0.0,0.0,0.0,0.0,1.0,0.0045662100456621,0.0,0.0,0.0,0.0,1.0,0.0045662100456621,0.0,0.0,0.0,0.0,0.0,0.0,0.0,0.0,0.0,0.0,1.0,0.0045662100456621,0.0,0.0,0.0,0.0,0.0,0.0,0.0,0.0,0.0,0.0,0.0,0.0,0.0,0.0,0.0,0.0,0.0,0.0,0.0,0.0,0.0,0.0,0.0,0.0,2.0,0.0091324200913242,0.0,0.0,0.0,0.0,0.0,0.0,0.0,0.0,0.0,0.0,0.0,0.0,0.0,0.0,0.0,0.0,0.0,0.0,0.0,0.0,0.0,0.0,0.0,0.0,0.0,0.0,0.0,0.0,0.0,0.0,9.3710407239819,1.3710407239819005,2.8778280542986425,0.0,2.3710407239819005,0.0,0.0,0.6063348416289592,0.0,0.0,221.0
math500_0018,math500_deepseek_r1,0,568.0,0.8125894134477826,3.0,0.004291845493562232,39.0,0.055793991416309016,11.0,0.015736766809728183,1.0,0.001430615164520744,8.0,0.011444921316165951,2.0,0.002861230329041488,3.0,0.004291845493562232,0.0,0.0,0.0,0.0,0.0,0.0,0.0,0.0,0.0,0.0,0.0,0.0,39.0,0.055793991416309016,0.0,0.0,3.0,0.004291845493562232,0.0,0.0,0.0,0.0,0.0,0.0,0.0,0.0,11.0,0.015736766809728183,0.0,0.0,0.0,0.0,0.0,0.0,0.0,0.0,0.0,0.0,0.0,0.0,1.0,0.001430615164520744,0.0,0.0,0.0,0.0,0.0,0.0,0.0,0.0,0.0,0.0,0.0,0.0,8.0,0.011444921316165951,0.0,0.0,0.0,0.0,0.0,0.0,0.0,0.0,0.0,0.0,0.0,0.0,1.0,0.001430615164520744,0.0,0.0,0.0,0.0,0.0,0.0,0.0,0.0,0.0,0.0,1.0,0.001430615164520744,513.0,0.7349570200573066,33.0,0.04727793696275072,35.0,0.050143266475644696,36.0,0.05157593123209169,4.0,0.0057306590257879654,6.0,0.008595988538681949,8.0,0.011461318051575931,3.0,0.004297994269340974,3.0,0.004297994269340974,10.0,0.014326647564469915,10.0,0.014326647564469915,1.0,0.0014326647564469914,4.0,0.0057306590257879654,11.0,0.015759312320916905,3.0,0.004297994269340974,0.0,0.0,2.0,0.0028653295128939827,0.0,0.0,0.0,0.0,3.0,0.004297994269340974,3.0,0.004297994269340974,0.0,0.0,0.0,0.0,1.0,0.0014326647564469914,1.0,0.0014326647564469914,0.0,0.0,0.0,0.0,2.0,0.0028653295128939827,0.0,0.0,0.0,0.0,0.0,0.0,0.0,0.0,0.0,0.0,0.0,0.0,0.0,0.0,0.0,0.0,0.0,0.0,0.0,0.0,0.0,0.0,0.0,0.0,0.0,0.0,0.0,0.0,1.0,0.0014326647564469914,0.0,0.0,0.0,0.0,1.0,0.0014326647564469914,0.0,0.0,0.0,0.0,0.0,0.0,0.0,0.0,0.0,0.0,0.0,0.0,0.0,0.0,0.0,0.0,0.0,0.0,0.0,0.0,0.0,0.0,0.0,0.0,0.0,0.0,0.0,0.0,0.0,0.0,17.16142857142857,2.5842857142857145,1.9185714285714286,0.0,4.078571428571428,0.0,0.0,2.58,0.0,0.0,700.0
math500_0019,math500_deepseek_r1,1,111.0,0.7708333333333334,1.0,0.006944444444444444,7.0,0.04861111111111111,2.0,0.013888888888888888,3.0,0.020833333333333332,0.0,0.0,3.0,0.020833333333333332,2.0,0.013888888888888888,0.0,0.0,0.0,0.0,0.0,0.0,0.0,0.0,0.0,0.0,0.0,0.0,7.0,0.04861111111111111,0.0,0.0,0.0,0.0,0.0,0.0,0.0,0.0,0.0,0.0,0.0,0.0,3.0,0.020833333333333332,0.0,0.0,0.0,0.0,0.0,0.0,0.0,0.0,0.0,0.0,0.0,0.0,3.0,0.020833333333333332,0.0,0.0,0.0,0.0,0.0,0.0,0.0,0.0,0.0,0.0,0.0,0.0,0.0,0.0,0.0,0.0,0.0,0.0,0.0,0.0,0.0,0.0,0.0,0.0,0.0,0.0,0.0,0.0,1.0,0.006944444444444444,0.0,0.0,1.0,0.006944444444444444,0.0,0.0,0.0,0.0,0.0,0.0,97.0,0.6783216783216783,7.0,0.04895104895104895,7.0,0.04895104895104895,7.0,0.04895104895104895,0.0,0.0,0.0,0.0,0.0,0.0,0.0,0.0,0.0,0.0,2.0,0.013986013986013986,2.0,0.013986013986013986,3.0,0.02097902097902098,0.0,0.0,2.0,0.013986013986013986,1.0,0.006993006993006993,0.0,0.0,3.0,0.02097902097902098,0.0,0.0,0.0,0.0,1.0,0.006993006993006993,1.0,0.006993006993006993,0.0,0.0,0.0,0.0,3.0,0.02097902097902098,1.0,0.006993006993006993,0.0,0.0,0.0,0.0,0.0,0.0,0.0,0.0,0.0,0.0,0.0,0.0,0.0,0.0,0.0,0.0,0.0,0.0,0.0,0.0,0.0,0.0,0.0,0.0,0.0,0.0,0.0,0.0,0.0,0.0,0.0,0.0,0.0,0.0,0.0,0.0,0.0,0.0,0.0,0.0,0.0,0.0,0.0,0.0,0.0,0.0,0.0,0.0,0.0,0.0,0.0,0.0,0.0,0.0,0.0,0.0,0.0,0.0,0.0,0.0,0.0,0.0,0.0,0.0,0.0,0.0,0.0,0.0,0.0,0.0,0.0,0.0,3.4965517241379307,1.2,2.731034482758621,0.0,1.406896551724138,0.0,0.0,0.3310344827586207,0.0,0.0,145.0
